<add><doc><field name='clinical_study'>
  
  </field><field name='required_header'>
    </field><field name='download_date'>ClinicalTrials.gov processed this data on September 16, 2022</field><field name='link_text'>Link to the current ClinicalTrials.gov record.</field><field name='url'>https://clinicaltrials.gov/show/NCT00000484</field><field name='id_info'>
    </field><field name='org_study_id'>3</field><field name='nct_id'>NCT00000484</field><field name='brief_title'>Treatment of Hypertension</field><field name='sponsors'>
    </field><field name='lead_sponsor'>
      </field><field name='agency'>National Heart, Lung, and Blood Institute (NHLBI)</field><field name='agency_class'>NIH</field><field name='source'>National Heart, Lung, and Blood Institute (NHLBI)</field><field name='brief_summary'>
    </field><field name='textblock'>
      To determine whether the long-term treatment of essential hypertension without significant
      target organ disease materially influenced mortality and/or cardiovascular renal morbidity.
    </field><field name='textblock'>
      BACKGROUND:

      This grant-supported, cooperative, fixed-protocol clinical study was initiated in 1966 and
      followed a cooperative study of the treatment of renal hypertension initiated in 1960 to
      evaluate the relative efficacy of several recognized drug regimens for reduction of blood
      pressure. Six centers (USPHS hospitals) and a coordinating center were involved in the trial.

      DESIGN NARRATIVE:

      Randomized, double-blind, fixed sample. Three hundred and eighty nine eligible patients were
      assigned to drug therapy consisting of chlorothiazide plus Rauwolfia serpentina or to
      placebo.

      The study completion date listed in this record was inferred from last publication listed in
      the Citations section of this study record.
    </field><field name='textblock'>
        Men and women, ages 21-55. Mild essential hypertension (diastolic blood pressure over 90 mm
        Hg.
      </field><field name='overall_status'>Completed</field><field name='start_date'>April 1966</field><field name='completion_date'>January 1979</field><field name='phase'>Phase 3</field><field name='study_type'>Interventional</field><field name='has_expanded_access'>No</field><field name='study_design_info'>
    </field><field name='allocation'>Randomized</field><field name='primary_purpose'>Prevention</field><field name='masking'>Double</field><field name='condition'>Cardiovascular Diseases</field><field name='condition'>Heart Diseases</field><field name='condition'>Hypertension</field><field name='condition'>Vascular Diseases</field><field name='intervention'>
    </field><field name='intervention'>
    </field><field name='intervention_type'>Drug</field><field name='intervention_type'>Drug</field><field name='intervention_name'>chlorothiazide</field><field name='intervention_name'>Rauwolfia alkaloids</field><field name='eligibility'>
    </field><field name='criteria'>
      </field><field name='gender'>All</field><field name='minimum_age'>21 Years</field><field name='maximum_age'>55 Years</field></doc></add>