<add><doc><field name='clinical_study'>
  
  </field><field name='required_header'>
    </field><field name='download_date'>ClinicalTrials.gov processed this data on September 16, 2022</field><field name='link_text'>Link to the current ClinicalTrials.gov record.</field><field name='url'>https://clinicaltrials.gov/show/NCT00000381</field><field name='id_info'>
    </field><field name='org_study_id'>R01MH053681</field><field name='nct_id'>NCT00000381</field><field name='brief_title'>Fluoxetine for Anxious Children</field><field name='sponsors'>
    </field><field name='lead_sponsor'>
      </field><field name='agency'>University of Pittsburgh</field><field name='agency'>National Institute of Mental Health (NIMH)</field><field name='agency_class'>Other</field><field name='agency_class'>NIH</field><field name='source'>University of Pittsburgh</field><field name='brief_summary'>
    </field><field name='textblock'>
      The purpose of this study is to see if it is safe and effective to use fluoxetine to treat
      children and adolescents with Generalized Anxiety Disorder (GAD).

      Anxiety disorders are one of the most common psychiatric disorders in children and
      adolescents, and can cause disturbances in the child's school, social, and family lives.
      Having an anxiety disorder puts a child at risk for depression and drug abuse, and appears to
      continue into adulthood. There is very little information on anxiety medications for
      children.

      Children will be assigned randomly (like tossing a coin) to receive either fluoxetine or an
      inactive placebo for 12 weeks. Each child will be monitored for symptoms and side effects
      throughout the study. He/she will have blood tests at Weeks 4, 8, and 12 to measure drug
      levels in the blood. The study will last for 12 weeks.

      A child is eligible for this study if he/she:

      Is 8 to 17 years old and has anxiety disorder.

      A child will not be eligible for this study if he/she:

      Has current major depression, panic disorder, or obsessive-compulsive disorder, or abuses
      alcohol or drugs.
    </field><field name='textblock'>
      To evaluate the safety and efficacy of fluoxetine as a treatment for children and adolescents
      with Generalized Anxiety Disorder (GAD).

      Anxiety disorders are among the most common childhood and adolescent psychiatric disorders
      and are often associated with academic, social, and family morbidity. These disorders
      frequently increase the risk for developing other psychiatric disorders (e.g., depression,
      substance abuse), aggregate in families, and appear to continue into adulthood. Except for
      Obsessive-Compulsive Disorder, there are very few pharmacological treatment studies for
      childhood anxiety disorders. Given the sparsity and methodological problems of previous
      anxiety pharmacological studies, it is clear that further investigation of the use of
      pharmacological treatment of children and adolescents with these disorders is needed.

      Patients are randomized to receive either fixed-dose fluoxetine or placebo for 12 weeks.
      Patients are assessed for psychiatric symptomatology, functional status, and side effects. In
      addition, to assess attainment of steady state and compliance with treatment, plasma levels
      of fluoxetine and norfluoxetine are measured at 4, 8, and 12 weeks. To standardize the
      treatment protocol and to assure that both groups (fluoxetine and placebo) receive equivalent
      nonpharmacological treatment, a manual is used. Potential predictors of clinical response
      (such as age, sex, duration and severity of anxiety, school absenteeism, sub-syndromal
      depressive symptoms, family history of anxiety or mood disorders) are explored.
    </field><field name='textblock'>
        Inclusion Criteria:

        -

        Patients must have:

        Generalized anxiety disorder.

        Exclusion Criteria:

        -

        Excluded:

        Patients with current major depression, as well as patients with panic and
        obsessive-compulsive disorder.

        -

        Excluded:

        Current substance abuse.
      </field><field name='overall_status'>Completed</field><field name='start_date'>June 1997</field><field name='completion_date'>May 2003</field><field name='primary_completion_date'>May 2003</field><field name='phase'>Phase 3</field><field name='study_type'>Interventional</field><field name='has_expanded_access'>No</field><field name='study_design_info'>
    </field><field name='allocation'>Randomized</field><field name='primary_purpose'>Treatment</field><field name='masking'>Double</field><field name='condition'>Anxiety Disorders</field><field name='intervention'>
    </field><field name='intervention_type'>Drug</field><field name='intervention_name'>Fluoxetine</field><field name='eligibility'>
    </field><field name='criteria'>
      </field><field name='gender'>All</field><field name='minimum_age'>8 Years</field><field name='maximum_age'>17 Years</field></doc></add>