<add><doc><field name='clinical_study'>
  
  </field><field name='required_header'>
    </field><field name='download_date'>ClinicalTrials.gov processed this data on September 16, 2022</field><field name='link_text'>Link to the current ClinicalTrials.gov record.</field><field name='url'>https://clinicaltrials.gov/show/NCT00000456</field><field name='id_info'>
    </field><field name='org_study_id'>NIAAAANT09568</field><field name='nct_id'>NCT00000456</field><field name='brief_title'>Behavioral Therapy Plus Naltrexone for Alcoholism</field><field name='official_title'>Comparison of Cognitive Behavioral Therapy and Motivational Enhancement Therapy Plus Naltrexone for Alcoholism</field><field name='sponsors'>
    </field><field name='lead_sponsor'>
      </field><field name='agency'>Medical University of South Carolina</field><field name='agency'>National Institute on Alcohol Abuse and Alcoholism (NIAAA)</field><field name='agency_class'>Other</field><field name='agency_class'>NIH</field><field name='source'>Medical University of South Carolina</field><field name='brief_summary'>
    </field><field name='textblock'>
      This study will compare cognitive behavioral therapy with a time-limited motivational
      enhancement therapy to which naltrexone (Revia) or placebo medication is added. In this
      randomized clinical trial, 160 alcohol-dependent outpatients, after 5 days of abstinence,
      will receive one of the two psychosocial therapies and either naltrexone (Revia) or placebo
      for a 12-week treatment period. Abstinence rates, alcohol use, and time to alcohol relapse
      will be evaluated in all four groups along with measures of alcohol craving, biological
      measures of alcohol consumption, drinking consequences, changes in self-confidence for
      avoiding alcohol, and medication compliance. All study participants will be assessed for
      measures of outcome variables at 3 and 6 months after completing the treatment protocol.
    </field><field name='textblock'>
        Inclusion Criteria:

          -  Meets criteria for alcohol dependence, has not had more than one previous inpatient
             medical detoxification.

          -  Consumes on average five standard drinks per day.

          -  Able to maintain sobriety for five days (with or without the aid of detoxification
             medications) as determined by self-report, collateral report, and breathalyzer
             measurements.

          -  Able to read and understand questionnaires and informed consent.

          -  Lives within 50 miles of the study site.

        Exclusion Criteria:

          -  Currently meets criteria for any other psychoactive substance dependency disorder.

          -  Ever abused opiates.

          -  Used psychoactive substance abuse, except marijuana, within the last 30 days as
             evidenced by patient report, collateral report, and urine drug screen.

          -  Meets criteria for disorders of major depression, panic disorder, obsessive-compulsive
             disorder, post-traumatic stress syndrome, bipolar affective disorder, schizophrenia,
             or any other psychotic disorder or organic mental disorder.

          -  Meets criteria for dissociate disorder or eating disorders.

          -  Has current suicidal or homicidal ideation.

          -  Need for maintenance or acute treatment with any psychoactive medication including
             antiseizure medications.

          -  Current use of disulfiram (Antabuse).

          -  Clinically significant medical problems that would impair participation or limit
             medication ingestion.

          -  Hepatocellular disease.

          -  Sexually active females of child bearing potential who are pregnant, nursing, or who
             are not using a reliable form of birth control.

          -  Have current charges pending for a violent crime.

          -  Does not have a stable living situation and a reliable source of collateral reporting.

          -  Has taken an opiate antagonist drug in the last month.
      </field><field name='overall_status'>Completed</field><field name='start_date'>September 1992</field><field name='completion_date'>August 2002</field><field name='primary_completion_date'>August 2002</field><field name='phase'>Phase 4</field><field name='study_type'>Interventional</field><field name='has_expanded_access'>No</field><field name='study_design_info'>
    </field><field name='allocation'>Randomized</field><field name='intervention_model'>Parallel Assignment</field><field name='primary_purpose'>Treatment</field><field name='masking'>None (Open Label)</field><field name='enrollment'>160</field><field name='condition'>Alcoholism</field><field name='condition'>Alcohol Dependence</field><field name='intervention'>
    </field><field name='intervention'>
    </field><field name='intervention'>
    </field><field name='intervention_type'>Drug</field><field name='intervention_type'>Behavioral</field><field name='intervention_type'>Behavioral</field><field name='intervention_name'>naltrexone (Revia)</field><field name='intervention_name'>cognitive behavior therapy</field><field name='intervention_name'>motivational enhancement therapy</field><field name='eligibility'>
    </field><field name='criteria'>
      </field><field name='gender'>All</field><field name='minimum_age'>21 Years</field><field name='maximum_age'>70 Years</field></doc></add>