<add><doc><field name='clinical_study'>
  
  </field><field name='required_header'>
    </field><field name='download_date'>ClinicalTrials.gov processed this data on September 16, 2022</field><field name='link_text'>Link to the current ClinicalTrials.gov record.</field><field name='url'>https://clinicaltrials.gov/show/NCT00000170</field><field name='url'>http://www.nei.nih.gov/news/pressreleases/031302.asp</field><field name='id_info'>
    </field><field name='org_study_id'>NEI-73</field><field name='nct_id'>NCT00000170</field><field name='brief_title'>Occlusion Versus Pharmacologic Therapy for Moderate Amblyopia</field><field name='official_title'>Amblyopia Treatment Study: Occlusion Versus Pharmacologic Therapy for Moderate Amblyopia</field><field name='sponsors'>
    </field><field name='lead_sponsor'>
      </field><field name='agency'>Jaeb Center for Health Research</field><field name='agency'>National Eye Institute (NEI)</field><field name='agency_class'>Other</field><field name='agency_class'>NIH</field><field name='source'>Jaeb Center for Health Research</field><field name='oversight_info'>
    </field><field name='brief_summary'>
    </field><field name='textblock'>
      -  To determine whether the success rate with drug treatment (atropine) of amblyopia due to
           strabismus or anisometropia in patients less than 7 years old is equivalent to the
           success rate with occlusion (patching) therapy

        -  To develop more precise estimates of the success rates of amblyopia treatment

        -  To identify factors that may be associated with successful treatment of amblyopia

        -  To collect data on the course of treated amblyopia to provide more precise estimates of
           treatment effects than are now available

      Extended Follow up of Study Patients

        -  Primary: To determine the long-term visual acuity outcome at age 10 years and at age 15
           years in patients diagnosed with amblyopia before age 7 years.

        -  Secondary: To determine whether the long-term visual acuity outcome at age 10 years and
           at age 15 years differs between patients who received patching followed by best clinical
           care and patients who received atropine followed by best clinical care
    </field><field name='textblock'>
      Amblyopia, or lazy eye, is the most common cause of visual impairment in children and often
      persists in adulthood. It is reported to be the leading cause of vision loss in one eye in
      the 20-70 year old age group, with a prevalence of 1-4 percent in various studies, indicating
      that both improved means of detection and treatment are needed.

      Most of the available data on the natural history of amblyopia and success rates of its
      treatment with either patching or drug therapy are retrospective and uncontrolled. Despite
      the common occurrence of amblyopia, there is little quality data on treatment of this
      condition. Thus, there is much to be learned about the course of treated amblyopia, to
      provide more precise estimates of success rates and to identify factors that may be
      associated with successful and unsuccessful treatment.

      Amblyopia, when diagnosed in children, is usually treated with occlusion (patching) of the
      sound eye. Occlusion therapy is subject to problems of compliance, due to the child's dislike
      of wearing a patch for visual, skin irritation, and social/psychological reasons. There is
      evidence that compliance may be one of, if not, the most important determinant of success of
      amblyopia therapy.

      An alternative treatment, drug therapy with a cycloplegic drug (atropine) that dilates the
      pupils and blurs the image seen by the sound eye, has been known for almost a century. This
      method has been widely used for the management of occlusion treatment failures and for
      maintenance therapy. However, it has seen little use as a primary treatment for amblyopia.
      Clinical experience has found that it has a high acceptability to patients and parents, and
      hence high compliance. In addition to its acceptability, pharmacologic therapy has the known
      advantage over occlusion of providing a wider visual field with both eyes, which may have
      safety and other functional implications. There is also clinical and laboratory evidence
      suggesting that drug therapy may maintain and improve the ability to see with both eyes
      (binocularity).

      Available data suggest that the success rate with drug therapy is as good as, if not better
      than, the success rate with occlusion therapy for mild to moderate degrees of amblyopia. If
      this is true, for many children with amblyopia, drug therapy may be the preferred initial
      therapy since it appears to be more readily accepted by the children and parents. Despite
      data to support the use of drug therapy as a primary therapy for amblyopia, it has gained
      only limited use among pediatric ophthalmologists. A definitive study comparing the outcomes
      from occlusion therapy and drug therapy is justified in order to determine if new practice
      guidelines for treatment of amblyopia are needed.

      Regardless of whether the trial determines that one therapeutic approach is better than the
      other, the data that are collected will provide valuable information about the course of
      amblyopia treatment that is not presently available. The study also is expected to provide
      data that will help to determine whether factors such as age, refractive status, cause of
      amblyopia, or fixation pattern should be considered in determining which procedure is best
      for a given patient.

      Extended Follow-up of Study Patients

      The extended follow up study consists of annual visits prior to age 10, followed by a visit
      at age 10 years and a visit at age 15 years. There is no amblyopia treatment that is required
      during the extended follow up period.
    </field><field name='textblock'>
        Inclusion Criteria:

          -  Patients must be 7 years old or younger with amblyopia due to strabismus or
             anisometropia

          -  Visual acuity in the amblyopic eye must be between 20/40 and 20/100

          -  Visual acuity in the sound eye or 20/40 or better

          -  At least 3 lines of acuity difference between the two eyes

        Exclusion Criteria:

          -  More than two months of amblyopia therapy in the past two years

          -  Myopia (more than -0.50 D)
      </field><field name='overall_status'>Completed</field><field name='start_date'>April 1999</field><field name='completion_date'>August 2013</field><field name='primary_completion_date'>November 2001</field><field name='phase'>Phase 3</field><field name='study_type'>Interventional</field><field name='has_expanded_access'>No</field><field name='study_design_info'>
    </field><field name='allocation'>Randomized</field><field name='intervention_model'>Parallel Assignment</field><field name='primary_purpose'>Treatment</field><field name='masking'>None (Open Label)</field><field name='primary_outcome'>
    </field><field name='measure'>Visual acuity in the amblyopic eye</field><field name='measure'>Visual acuity in the amblyopic eye</field><field name='measure'>Extended Follow-up: (Primary) To determine the long-term visual acuity outcome at age 10 years and at age 15 years in patients diagnosed with amblyopia before age 7 years</field><field name='measure'>Extended Follow-up: To determine whether the long-term visual acuity outcome at age 10 yrs and age 15 yrs differs between patients who received patching followed by best clinical care and patients who received atropine followed by best clinical care</field><field name='time_frame'>6 months</field><field name='time_frame'>24 months</field><field name='time_frame'>age 10 years and age 15 years</field><field name='time_frame'>age 10 years and age 15 years</field><field name='description'>Atropine</field><field name='description'>Atropine</field><field name='description'>Patching</field><field name='description'>ATS Press Release March 13, 2002</field><field name='number_of_arms'>2</field><field name='enrollment'>419</field><field name='condition'>Amblyopia</field><field name='arm_group'>
    </field><field name='arm_group'>
    </field><field name='arm_group_label'>Patching</field><field name='arm_group_label'>Atropine</field><field name='arm_group_label'>Atropine</field><field name='arm_group_label'>Patching</field><field name='arm_group_type'>Active Comparator</field><field name='arm_group_type'>Active Comparator</field><field name='intervention'>
    </field><field name='intervention'>
    </field><field name='intervention_type'>Drug</field><field name='intervention_type'>Device</field><field name='intervention_name'>Atropine</field><field name='intervention_name'>Eye Patch</field><field name='description'>Atropine</field><field name='description'>Atropine</field><field name='description'>Patching</field><field name='description'>ATS Press Release March 13, 2002</field><field name='arm_group_label'>Patching</field><field name='arm_group_label'>Atropine</field><field name='arm_group_label'>Atropine</field><field name='arm_group_label'>Patching</field><field name='eligibility'>
    </field><field name='criteria'>
      </field><field name='gender'>All</field><field name='minimum_age'>N/A</field><field name='maximum_age'>6 Years</field></doc></add>