<add><doc><field name='clinical_study'>
  
  </field><field name='required_header'>
    </field><field name='download_date'>ClinicalTrials.gov processed this data on September 16, 2022</field><field name='link_text'>Link to the current ClinicalTrials.gov record.</field><field name='url'>https://clinicaltrials.gov/show/NCT00000325</field><field name='id_info'>
    </field><field name='org_study_id'>NIDA-10757-1</field><field name='nct_id'>NCT00000325</field><field name='brief_title'>Psychostimulant Abuse - Novel Treatment Approaches - 1</field><field name='official_title'>Psychostimulant Abuse - Novel Treatment Approaches</field><field name='sponsors'>
    </field><field name='lead_sponsor'>
      </field><field name='agency'>National Institute on Drug Abuse (NIDA)</field><field name='agency'>Mclean Hospital</field><field name='agency_class'>NIH</field><field name='agency_class'>Other</field><field name='source'>National Institute on Drug Abuse (NIDA)</field><field name='brief_summary'>
    </field><field name='textblock'>
      To determine if acute assessments of profasi and factrel affect plasma cocaine levels and
      cocaine-induced behavioral changes in men.
    </field><field name='textblock'>
        Please contact site for information.
      </field><field name='overall_status'>Completed</field><field name='completion_date'>December 2001</field><field name='phase'>Phase 1</field><field name='study_type'>Interventional</field><field name='has_expanded_access'>No</field><field name='study_design_info'>
    </field><field name='primary_purpose'>Treatment</field><field name='enrollment'>0</field><field name='condition'>Cocaine-Related Disorders</field><field name='intervention'>
    </field><field name='intervention_type'>Behavioral</field><field name='intervention_name'>Gonadorelin</field><field name='eligibility'>
    </field><field name='criteria'>
      </field><field name='gender'>Male</field><field name='minimum_age'>N/A</field><field name='maximum_age'>N/A</field></doc></add>