<add><doc><field name='clinical_study'>
  
  </field><field name='required_header'>
    </field><field name='download_date'>ClinicalTrials.gov processed this data on September 16, 2022</field><field name='link_text'>Link to the current ClinicalTrials.gov record.</field><field name='url'>https://clinicaltrials.gov/show/NCT00000600</field><field name='id_info'>
    </field><field name='org_study_id'>106</field><field name='nct_id'>NCT00000600</field><field name='brief_title'>Vitamin E and C to Slow Progression of Common Carotid Artery Plaque Build-Up</field><field name='official_title'>Antioxidants and Prevention of Early Atherosclerosis</field><field name='sponsors'>
    </field><field name='lead_sponsor'>
      </field><field name='agency'>National Heart, Lung, and Blood Institute (NHLBI)</field><field name='agency_class'>NIH</field><field name='source'>National Heart, Lung, and Blood Institute (NHLBI)</field><field name='brief_summary'>
    </field><field name='textblock'>
      This study will evaluate the effects of vitamin E supplementation in retarding the
      progression of common carotid artery intima-media thickening in African Americans.
    </field><field name='textblock'>
      BACKGROUND:

      Evidence from epidemiologic studies, and from one unpublished study, suggests that greater
      intake of antioxidant vitamins is associated with reduced risk of coronary heart disease and
      stroke. Findings from an animal model indicate that increased intake of antioxidant vitamins
      prevents progression of aortic fatty streaks induced by an atherogenic diet, but not from
      more advanced injury-induced lesions. These observations suggest the hypothesis that
      increased antioxidant vitamin intake may prevent further progression of early
      atherosclerosis, possibly by means of reduced susceptibility of low density lipoprotein to
      oxidative modification and consequent cytotoxic, chemotactic, chemostatic, and unregulated
      uptake effects.

      A new, automated, low-cost, portable ultrasound system for determining intima-media thickness
      of the common carotid artery makes it feasible to test the primary prevention impact of
      antioxidant vitamins on early atherosclerosis. Results of two studies at the University of
      Southern California suggest that the low-density lipoprotein effects on common carotid artery
      intima-media thickness can be detected by automated methods within 12 to 24 months in small
      patient samples. Retardation of intima-media thickness progression was achieved in both
      studies without significant changes in average vessel diameter, which suggests effects on
      early atherosclerotic lesions.

      DESIGN NARRATIVE:

      Patients will be screened for carotid intima-media thickness at home or at schools in mobile
      vans equipped with portable ultrasound equipment. After 12 months, those patients above the
      age and sex-adjusted 66th percentile at Screen I will be re-screened (Screen II), and those
      showing the greatest progression in intima-media thickness will be invited to participate in
      a trial run-in to assess vitamin E compliance. Patients will be randomized to the following
      four groups: 1) vitamin E (573 mg/day); 2) vitamin C; 3) Vitamin E and C combined; and 4)
      placebo. Common carotid artery intima-media thickness will be observed by ultrasound at 12-
      and 24-month follow-ups. The primary outcome is 24-month rate of change in average common
      carotid artery intima-media thickness.

      The study completion date listed in this record was obtained from the Query/View/Report (QVR)
      System.
    </field><field name='textblock'>
        Inclusion Criteria:

          -  African American
      </field><field name='overall_status'>Terminated</field><field name='start_date'>June 1995</field><field name='completion_date'>May 2000</field><field name='phase'>Phase 2</field><field name='study_type'>Interventional</field><field name='has_expanded_access'>No</field><field name='study_design_info'>
    </field><field name='allocation'>Randomized</field><field name='primary_purpose'>Prevention</field><field name='primary_outcome'>
    </field><field name='measure'>rate of change in average common carotid artery intima-media thickness (measured over 24 months)</field><field name='condition'>Cardiovascular Diseases</field><field name='condition'>Carotid Artery Diseases</field><field name='condition'>Intracranial Arteriosclerosis</field><field name='condition'>Cerebrovascular Disorders</field><field name='condition'>Heart Diseases</field><field name='condition'>Vascular Diseases</field><field name='condition'>Atherosclerosis</field><field name='intervention'>
    </field><field name='intervention'>
    </field><field name='intervention_type'>Drug</field><field name='intervention_type'>Drug</field><field name='intervention_name'>Vitamin E</field><field name='intervention_name'>Vitamin C</field><field name='eligibility'>
    </field><field name='criteria'>
      </field><field name='gender'>All</field><field name='minimum_age'>35 Years</field><field name='maximum_age'>59 Years</field></doc></add>