<add><doc><field name='clinical_study'>
  
  </field><field name='required_header'>
    </field><field name='download_date'>ClinicalTrials.gov processed this data on September 16, 2022</field><field name='link_text'>Link to the current ClinicalTrials.gov record.</field><field name='url'>https://clinicaltrials.gov/show/NCT00000519</field><field name='id_info'>
    </field><field name='org_study_id'>38</field><field name='nct_id'>NCT00000519</field><field name='brief_title'>Exercise Training and Plasma Lipoproteins in Man</field><field name='sponsors'>
    </field><field name='lead_sponsor'>
      </field><field name='agency'>Stanford University</field><field name='agency'>National Heart, Lung, and Blood Institute (NHLBI)</field><field name='agency_class'>Other</field><field name='agency_class'>NIH</field><field name='source'>Stanford University</field><field name='brief_summary'>
    </field><field name='textblock'>
      To determine the effects in moderately obese subjects of weight loss by combined dieting and
      exercise training on risk factors for coronary artery disease including lipoprotein lipids,
      apoproteins and blood pressure.
    </field><field name='textblock'>
      BACKGROUND:

      Evidence appears to be fairly conclusive that obesity has adverse effects on health and
      longevity when the relative body weight is 40 percent above desirable weight based on
      insurance industry tables of weights. The close association between obesity, hypertension,
      hypercholesterolemia, non-insulin dependent diabetes mellitus, an excess of certain cancers
      and other medical problems makes it imperative that interventions be directed to change the
      lifestyles and behaviors of individuals who are overweight. The Stanford Weight Control
      Project (SWCP) trial examined the effects of weight loss on cardiovascular disease risk
      factors.

      The Stanford Weight Control Project (SWCP) randomized 155 overweight, sedentary, non-smoking
      men, aged 30-59 years, to one of three groups. Fifty-one were assigned to weight loss through
      dieting, 52 to weight loss through exercise, and 52 to a control, non-intervention group.
      Follow-up continued through July 1989.

      DESIGN NARRATIVE:

      Subjects were randomized to a control group, a hypocaloric National Cholesterol Education
      Program (NCEP) diet, or to a hypocaloric NCEP diet with exercise. One hundred nineteen of the
      men and 112 of the women returned for testing after one year.
    </field><field name='textblock'>
        Men and women, ages 25-49. Subjects were overweight with blood pressure less than 160/95 mm
        Hg and total cholesterol less than 260 mm/dl.
      </field><field name='overall_status'>Completed</field><field name='start_date'>July 1982</field><field name='phase'>Phase 3</field><field name='study_type'>Interventional</field><field name='has_expanded_access'>No</field><field name='study_design_info'>
    </field><field name='allocation'>Randomized</field><field name='primary_purpose'>Prevention</field><field name='condition'>Cardiovascular Diseases</field><field name='condition'>Coronary Disease</field><field name='condition'>Heart Diseases</field><field name='condition'>Hypertension</field><field name='condition'>Myocardial Ischemia</field><field name='condition'>Obesity</field><field name='intervention'>
    </field><field name='intervention'>
    </field><field name='intervention'>
    </field><field name='intervention_type'>Behavioral</field><field name='intervention_type'>Behavioral</field><field name='intervention_type'>Behavioral</field><field name='intervention_name'>diet, reducing</field><field name='intervention_name'>exercise</field><field name='intervention_name'>diet, fat-restricted</field><field name='eligibility'>
    </field><field name='criteria'>
      </field><field name='gender'>All</field><field name='minimum_age'>25 Years</field><field name='maximum_age'>49 Years</field></doc></add>