<add><doc><field name='clinical_study'>
  
  </field><field name='required_header'>
    </field><field name='download_date'>ClinicalTrials.gov processed this data on September 16, 2022</field><field name='link_text'>Link to the current ClinicalTrials.gov record.</field><field name='url'>https://clinicaltrials.gov/show/NCT00000111</field><field name='id_info'>
    </field><field name='org_study_id'>NCRR-M01RR00042-1620</field><field name='nct_id'>NCT00000111</field><field name='brief_title'>Intraoral Grafting of Ex Vivo Produced Oral Mucosal Composites</field><field name='sponsors'>
    </field><field name='lead_sponsor'>
      </field><field name='agency'>National Center for Research Resources (NCRR)</field><field name='agency_class'>NIH</field><field name='source'>National Center for Research Resources (NCRR)</field><field name='brief_summary'>
    </field><field name='textblock'>
      The purpose of this study is to see if we can develop a good graft for oral mucosal tissue
      that is like the top of the mouth in a "test tube" that could be used successfully in humans.
      We have already done this successfully mice. The next step is to take a small piece of tissue
      from a human volunteer and see if we can grow a larger piece of tissue from it outside the
      human body and graft it back into the same person successfully. We expect that this technique
      will work. It has already been tried in patients with burns of the skin who have had similar
      procedures where the skin is grafted back to them. The significance of this research is that
      oral tissue taken from the top of the mouth or palate is in limited supply and leaves the
      patient with a painful and uncomfortable post surgery experience. If we are successful with
      our technique the patient will experience less pain and discomfort from the site that we are
      using to grow our tissue outside the body than if we had taken it from the top of the mouth
      or palate. In addition, by waiting longer periods to grow the patient's cells we can make
      larger pieces of oral tissue than we could have gotten directly from the patient's mouth.
      Patients who will participate in this study will need to require a soft tissue graft from the
      mouth to an area that needs additional attached or keratinized mucosa. This will most likely
      be either in preparation for patients who have or will have dental implants placed. Another
      subset of patients are those who need scar tissue released or the vestibule of their mouth
      (area that turns from the gums to the lip) released.
    </field><field name='textblock'>
        Inclusion Criteria:

          -  Lack sufficient attached keratinized tissue at recipient surgical site in question
      </field><field name='overall_status'>Unknown status</field><field name='phase'>Phase 1</field><field name='study_type'>Interventional</field><field name='has_expanded_access'>No</field><field name='study_design_info'>
    </field><field name='allocation'>Randomized</field><field name='intervention_model'>Parallel Assignment</field><field name='primary_purpose'>Treatment</field><field name='masking'>None (Open Label)</field><field name='condition'>Mouth Diseases</field><field name='intervention'>
    </field><field name='intervention_type'>Procedure</field><field name='intervention_name'>Oral mucosal graft</field><field name='eligibility'>
    </field><field name='criteria'>
      </field><field name='gender'>All</field><field name='minimum_age'>18 Years</field><field name='maximum_age'>N/A</field></doc></add>