<add><doc><field name='clinical_study'>
  
  </field><field name='required_header'>
    </field><field name='download_date'>ClinicalTrials.gov processed this data on September 16, 2022</field><field name='link_text'>Link to the current ClinicalTrials.gov record.</field><field name='url'>https://clinicaltrials.gov/show/NCT00000369</field><field name='id_info'>
    </field><field name='org_study_id'>R37MH029618</field><field name='nct_id'>NCT00000369</field><field name='brief_title'>Maintenance Therapies in Bipolar Disorders</field><field name='sponsors'>
    </field><field name='lead_sponsor'>
      </field><field name='agency'>University of Pittsburgh</field><field name='agency_class'>Other</field><field name='source'>University of Pittsburgh</field><field name='brief_summary'>
    </field><field name='textblock'>
      The purpose of this study is to see if adding a regimen of individualized psychotherapy can
      help bipolar I patients who are on lithium.

      While having a manic or depressed episode patients will be assigned randomly (like tossing a
      coin) to receive appropriate medication either with or without additional individual
      psychotherapy. If a patient responds well, he/she will again be assigned randomly to receive
      further preventative treatment in which medication will be managed either with continued
      medication clinic visits alone or with additional individual psychotherapy (the patient may
      not receive the same additional treatment this time). Patient response to treatment will be
      evaluated throughout the study. If manic/depressive symptoms return at any point during the
      study, the patient will be treated with appropriate medication and will continue the study.

      An individual may be eligible for this study if he/she:

      Has Bipolar I disorder, is experiencing a manic or depressed episode at the time of study
      entry, and is at least 18 years old.
    </field><field name='textblock'>
      The primary goal of this investigation is to examine the additive prophylactic potential of
      an individual psychotherapy based on interpersonal and social rhythm principles in bipolar I
      patients maintained on lithium carbonate (lithium). An adaptation of maintenance
      interpersonal psychotherapy, this intervention takes into account the specific
      vulnerabilities, symptoms, and interpersonal problem areas associated with bipolar disorder.

      Acutely ill patients in a manic or depressed episode are randomly assigned to either
      individual psychotherapy or medication clinic visits in addition to appropriate
      pharmacotherapy (lithium carbonate). Patients who stabilize (HRSD and Bech-Rafaelsen < 7 for
      four weeks) are then randomly assigned to preventative treatment with either individual
      psychotherapy or medication clinic visits in addition to pharmacotherapy. Thus, patients in
      this study receive one of four possible treatment strategies: 1) preliminary phase
      psychotherapy followed by preventative phase psychotherapy; 2) preliminary phase medication
      clinic visits followed by preventative phase psychotherapy; 3) preliminary phase
      psychotherapy followed by preventative phase medication clinic visits in addition to
      psychotherapy; or 4) preliminary phase medication clinic visits followed by preventative
      phase medication clinic visits in addition to psychotherapy. Those patients who experience a
      relapse (during the initial twelve weeks of the preventative phase) or a recurrence (after
      week 12 of the preventative phase) are treated with appropriate pharmacotherapy and continued
      in psychotherapy or medication clinic visits as dictated by their original randomization
      assignment. These patients are then followed for the remainder of what would have been their
      time in the protocol had they remained well.
    </field><field name='textblock'>
        Inclusion Criteria:

        -

        Patients must have:

        Acute bipolar I illness and be experiencing a manic or depressed episode at the time of
        study entry.

        -

        Required:

        Current treatment with lithium carbonate.
      </field><field name='overall_status'>Completed</field><field name='start_date'>June 1997</field><field name='completion_date'>December 2002</field><field name='phase'>Phase 3</field><field name='study_type'>Interventional</field><field name='has_expanded_access'>No</field><field name='study_design_info'>
    </field><field name='allocation'>Randomized</field><field name='primary_purpose'>Treatment</field><field name='condition'>Bipolar Disorder</field><field name='intervention'>
    </field><field name='intervention'>
    </field><field name='intervention_type'>Behavioral</field><field name='intervention_type'>Drug</field><field name='intervention_name'>Individual psychotherapy</field><field name='intervention_name'>Lithium carbonate</field><field name='eligibility'>
    </field><field name='criteria'>
      </field><field name='gender'>All</field><field name='minimum_age'>18 Years</field><field name='maximum_age'>N/A</field></doc></add>