<add><doc><field name='clinical_study'>
  
  </field><field name='required_header'>
    </field><field name='download_date'>ClinicalTrials.gov processed this data on September 16, 2022</field><field name='link_text'>Link to the current ClinicalTrials.gov record.</field><field name='url'>https://clinicaltrials.gov/show/NCT00000553</field><field name='id_info'>
    </field><field name='org_study_id'>97</field><field name='nct_id'>NCT00000553</field><field name='brief_title'>HDL-Atherosclerosis Treatment Study (HATS)</field><field name='sponsors'>
    </field><field name='lead_sponsor'>
      </field><field name='agency'>University of Washington</field><field name='agency'>National Heart, Lung, and Blood Institute (NHLBI)</field><field name='agency_class'>Other</field><field name='agency_class'>NIH</field><field name='source'>University of Washington</field><field name='brief_summary'>
    </field><field name='textblock'>
      To measure the effects of lipid-lowering drugs and/or antioxidant vitamins on progression or
      regression of coronary heart disease as measured by quantitative angiography in patients with
      low high density lipoprotein (HDL) cholesterol.
    </field><field name='textblock'>
      BACKGROUND:

      More than one-third of patients with coronary disease have "low" high density lipoprotein
      cholesterol (HDLc) levels (less than 35 mg/dl; United States 20th percentile) and "normal"
      low density lipoprotein cholesterol (LDLc) (less than 145; United States mean), a group for
      whom current treatment guidelines are not based on clinical trial data. Low HDLc levels are
      strong, independent predictors of cardiovascular disease and cardiovascular mortality risk,
      equally so for both men and women. This high coronary artery disease risk may be due to an
      imbalance between delivery of cholesterol into the arterial intima by LDL and its removal by
      HDL. Also, since HDL serve as antioxidants and cytoprotectants, an important HDL role may be
      to prevent LDL oxidation and thus limit macrophage-mediated intimal lipid accumulation or to
      prevent vascular cell toxicity. Recent epidemiologic, experimental, and clinical trial
      evidence suggests that a 15 mg/dl rise in HDL cholesterol would reduce coronary artery
      disease incidence and mortality by 30 to 70 percent and that antioxidant vitamins E, C, and
      beta-carotene might reduce coronary artery disease events and atherogenesis. The potential
      absolute benefit is much greater in those with existing coronary artery disease. It has also
      been shown that HDLc rises in response to exercise, smoking cessation, weight reduction, and
      monounsaturated fats.

      DESIGN NARRATIVE:

      Randomized, Phase III. Each patient was randomly assigned to a lipid-altering strategy or its
      placebo and to an antioxidant vitamin strategy or its placebo, in a 2 x 2 factorial design.
      The four groups were simvastatin-niacin plus an antioxidant vitamin cocktail;
      simvastatin-niacin plus vitamin placebo; antioxidant vitamins alone plus simvastatin-niacin
      placebo; or placebos for both strategies. All groups were counseled with respect to diet,
      exercise, and smoking cessation. The primary endpoint was the average change in proximal
      obstructive disease during the 2.5 year interval between baseline and the followup study.
      Secondary endpoints included the frequency of cardiac events, including cardiac death,
      confirmed non-fatal myocardial infarction, cerebrovascular accident, or revascularization by
      bypass or angioplasty for medically refractory unstable ischemia. The trial ended in August,
      1999.
    </field><field name='textblock'>
        Men and women with low HDL cholesterol, with at least one 50% stenotic coronary lesion or
        three 30% stenotic coronary lesions. Women range in age from 35 to less than 68 and men
        from 35 to less than 63.
      </field><field name='overall_status'>Completed</field><field name='start_date'>September 1994</field><field name='completion_date'>February 2001</field><field name='phase'>Phase 3</field><field name='study_type'>Interventional</field><field name='has_expanded_access'>No</field><field name='study_design_info'>
    </field><field name='allocation'>Randomized</field><field name='intervention_model'>Factorial Assignment</field><field name='primary_purpose'>Prevention</field><field name='condition'>Cardiovascular Diseases</field><field name='condition'>Coronary Disease</field><field name='condition'>Heart Diseases</field><field name='condition'>Myocardial Ischemia</field><field name='intervention'>
    </field><field name='intervention'>
    </field><field name='intervention'>
    </field><field name='intervention_type'>Drug</field><field name='intervention_type'>Drug</field><field name='intervention_type'>Drug</field><field name='intervention_name'>simvastatin</field><field name='intervention_name'>niacin</field><field name='intervention_name'>antioxidants</field><field name='eligibility'>
    </field><field name='criteria'>
      </field><field name='gender'>All</field><field name='minimum_age'>35 Years</field><field name='maximum_age'>68 Years</field></doc></add>