<add><doc><field name='clinical_study'>
  
  </field><field name='required_header'>
    </field><field name='download_date'>ClinicalTrials.gov processed this data on September 16, 2022</field><field name='link_text'>Link to the current ClinicalTrials.gov record.</field><field name='url'>https://clinicaltrials.gov/show/NCT00000552</field><field name='id_info'>
    </field><field name='org_study_id'>96</field><field name='nct_id'>NCT00000552</field><field name='brief_title'>Shock Trial: Should We Emergently Revascularize Occluded Coronaries for Cardiogenic Shock.</field><field name='sponsors'>
    </field><field name='lead_sponsor'>
      </field><field name='agency'>HealthCore-NERI</field><field name='agency'>National Heart, Lung, and Blood Institute (NHLBI)</field><field name='agency_class'>Other</field><field name='agency_class'>NIH</field><field name='source'>HealthCore-NERI</field><field name='brief_summary'>
    </field><field name='textblock'>
      To test if early revascularization, primarily with angioplasty (PTCA) or bypass surgery
      (CABG), reduced all-cause in-hospital mortality from cardiogenic shock compared to
      conventional treatment, including thrombolysis.
    </field><field name='textblock'>
      BACKGROUND:

      Approximately 7.5 percent of all acute myocardial infarctions which are diagnosed in an
      emergency room or in-hospital lead to cardiogenic shock and an in-hospital death rate of 70
      to 80 percent, usually within one to two days of diagnosis of cardiogenic shock. The high
      death rate has not changed in the last two decades. Non-random clinical series and animal
      studies suggest that rapid revascularization following cardiogenic shock complicating acute
      myocardial infarction may substantially improve survival. However, the apparent benefit
      reported in the non-random clinic studies could have resulted partly from a selection bias
      towards patients with a better prognosis.

      DESIGN NARRATIVE:

      Randomized, multicenter, Phase III, controlled clinical trial. Patients with shock due to
      left ventricular failure complicating myocardial infarction were randomly assigned to
      emergency revascularization or initial medical stabilization. Revascularization was
      accomplished by either coronary-artery bypass grafting or angioplasty. A total of 152
      patients were randomized to early revascularization and 150 patients to conventional therapy
      consisting of thrombolytics and a possible late attempt at revascularization. Intraaortic
      balloon counterpulsation was performed in 86 percent of the patients in both groups. The
      primary endpoint was mortality from all causes at 30 days. Secondary endpoints included
      all-cause mortality at six months and assessment of the quality of life in survivors after
      discharge.

      All patients with a clinically suspected diagnosis of cardiogenic shock complicating
      myocardial infarction formed a registry, with limited information collected on in-hospital
      procedures, medications, length of stay and vital status at discharge.

      The study has been extended through June, 2005 for patient follow-up and data analyses.
      Long-term survival rates (6 to 11 years post-MI) will be estimated and the quality of life of
      survivors of acute MI complicated by cardiogenic shock will be studied. Extended trial data
      analyses will be conducted: a) To determine the early echocardiographic parameters which are
      associated with one year survival in cardiogenic shock patients, and to assess the
      interaction of these parameters with early revascularization; b) To examine differences in
      disease course and patient outcome as a function of age, gender, national practice, and
      changes in serial hemodynamic measurements, as well as to better characterize the related
      conditions and complications of cardiogenic shock.
    </field><field name='textblock'>
        Men and women with myocardial infarction and cardiogenic shock.
      </field><field name='overall_status'>Completed</field><field name='start_date'>September 1994</field><field name='completion_date'>December 2005</field><field name='primary_completion_date'>December 2005</field><field name='phase'>Phase 3</field><field name='study_type'>Interventional</field><field name='has_expanded_access'>No</field><field name='study_design_info'>
    </field><field name='allocation'>Randomized</field><field name='primary_purpose'>Treatment</field><field name='condition'>Cardiovascular Diseases</field><field name='condition'>Coronary Disease</field><field name='condition'>Heart Diseases</field><field name='condition'>Myocardial Infarction</field><field name='condition'>Myocardial Ischemia</field><field name='condition'>Shock, Cardiogenic</field><field name='intervention'>
    </field><field name='intervention'>
    </field><field name='intervention'>
    </field><field name='intervention_type'>Procedure</field><field name='intervention_type'>Procedure</field><field name='intervention_type'>Drug</field><field name='intervention_name'>angioplasty, transluminal, percutaneous coronary</field><field name='intervention_name'>coronary artery bypass</field><field name='intervention_name'>thrombolytic therapy</field><field name='eligibility'>
    </field><field name='criteria'>
      </field><field name='gender'>All</field><field name='minimum_age'>18 Years</field><field name='maximum_age'>75 Years</field></doc></add>