<add><doc><field name='clinical_study'>
  
  </field><field name='required_header'>
    </field><field name='download_date'>ClinicalTrials.gov processed this data on September 16, 2022</field><field name='link_text'>Link to the current ClinicalTrials.gov record.</field><field name='url'>https://clinicaltrials.gov/show/NCT00000372</field><field name='id_info'>
    </field><field name='org_study_id'>R01MH057708-02</field><field name='nct_id'>NCT00000372</field><field name='brief_title'>Glycine and D-Cycloserine in Schizophrenia</field><field name='official_title'>A Placebo Controlled Trial of Glycine Added to Clozapine in Schizophrenia</field><field name='sponsors'>
    </field><field name='lead_sponsor'>
      </field><field name='agency'>Massachusetts General Hospital</field><field name='agency_class'>Other</field><field name='source'>Massachusetts General Hospital</field><field name='brief_summary'>
    </field><field name='textblock'>
      The purpose of this study is to compare the effects of D-cycloserine and glycine for treating
      negative symptoms (such as loss of interest, loss of energy, loss of warmth, and loss of
      humor) which occur between phases of positive symptoms (marked by hallucinations, delusions,
      and thought confusions) in schizophrenics.

      Clozapine is currently the most effective treatment for negative symptoms of schizophrenia.
      Two other drugs, D-cycloserine and glycine, are being investigated as new treatments.
      D-cycloserine improves negative symptoms when added to some drugs, but may worsen these
      symptoms when given with clozapine. Glycine also improves negative symptoms and may still be
      able to improve these symptoms when given with clozapine. This study gives either
      D-cycloserine or glycine (or an inactive placebo) with clozapine to determine which is the
      best combination.

      Patients will be assigned to 1 of 3 groups. Group 1 will receive D-cycloserine plus
      clozapine. Group 2 will receive glycine plus clozapine. Group 3 will receive an inactive
      placebo plus clozapine. Patients will receive these medications for 8 weeks. Negative
      symptoms of schizophrenia will be monitored through the Scale for the Assessment of Negative
      Symptoms, Positive symptoms will be monitored through the Positive and Negative Syndrome
      Scale, and additionally subjects will complete the Brief Psychiatric Rating Scale and the
      Global Assessment Scale.

      An individual may be eligible for this study if he/she is 18 to 65 years old and has been
      diagnosed with schizophrenia.
    </field><field name='textblock'>
      To determine if glycine produces improvement in negative symptoms and D-cycloserine produces
      worsening in symptoms compared to placebo, patients will undergo a double blind study of
      d-cycloserine and glycine treatment added to clozapine.

      Clozapine is more effective for negative symptoms of schizophrenia than conventional
      neuroleptics, but the neurochemical actions contributing to this superior clinical efficacy
      remain unclear. Recent evidence points to a role for glutamatergic dysregulation in
      schizophrenia, as well as important differences between conventional agents and clozapine in
      effects upon glutamatergic systems. D-cycloserine, a partial agonist at the glycine
      modulatory site of the N-methyl-D-aspartate (NMDA) receptor, improves negative symptoms when
      added to conventional agents and worsens negative symptoms when added to clozapine. High-dose
      glycine also improves negative symptoms and has provided preliminary evidence suggesting that
      glycine improves negative symptoms when added to clozapine. Serum concentrations of glycine
      predicted response to both high-dose glycine and D-cycloserine. Both clozapine and
      D-cycloserine may improve negative symptoms by activation of the glycine modulatory site of
      the NMDA receptor complex. Because D-cycloserine is a partial agonist, it may act as an
      antagonist at the glycine site in the presence of clozapine, whereas the full agonist,
      glycine, would not be expected to worsen negative symptoms in the presence of clozapine.

      This study proposes to administer a fixed-dose of D-cycloserine, glycine, or placebo added to
      clozapine in 45 patients with schizophrenia. Because assessments are standardized between
      studies, results from this study can be compared with results from a previous study of
      D-cycloserine added to conventional neuroleptic.

      The study was ultimately suspended before participants were enrolled, due to definitive
      findings indicating that pairing treatment of D-cycloserine with Clozapine resulted in
      worsening of negative symptoms.
    </field><field name='textblock'>
        Inclusion Criteria:

          -  Diagnosis of Schizophrenia

          -  Score of 27 or greater on the Scale for the Assessment of Negative Symptoms (SANS)

          -  Treatment with stable dose of clozapine for at least 4 weeks

          -  Between 18 and 65 years old

        Exclusion Criteria:

          -  No other antipsychotic medications in oral for for at least 3 months or in depot form
             for 6 months

          -  Current major depressive episode

          -  Current substance abuse diagnosis
      </field><field name='overall_status'>Withdrawn</field><field name='start_date'>March 1998</field><field name='completion_date'>November 2005</field><field name='primary_completion_date'>November 2005</field><field name='phase'>Phase 3</field><field name='study_type'>Interventional</field><field name='has_expanded_access'>No</field><field name='study_design_info'>
    </field><field name='allocation'>Randomized</field><field name='intervention_model'>Parallel Assignment</field><field name='primary_purpose'>Treatment</field><field name='masking'>Triple (Participant, Investigator, Outcomes Assessor)</field><field name='primary_outcome'>
    </field><field name='measure'>Change in SANS Total Score from Baseline to Week 8</field><field name='measure'>Change in Positive and Negative Syndrome Score from Baseline to Week 8</field><field name='measure'>Change in Brief Psychotic Rating Scale from Baseline to Week 8</field><field name='measure'>Change in Global Assessment Scale from Baseline to Week 8</field><field name='time_frame'>Baseline, Week 8</field><field name='time_frame'>Baseline, Week 8</field><field name='time_frame'>Baseline, Week 8</field><field name='time_frame'>Baseline, Week 8</field><field name='description'>The patients will undergo a 2 week single blind placebo lead in followed by an 8 week randomly assigned double blind treatment phase with 30 grams of glycine in 7 ounces of lemonade twice a day in addition to clozapine treatment.</field><field name='description'>The patients will undergo a 2 week single blind placebo lead in followed by an 8 week randomly assigned double blind treatment phase with 30 grams of placebo powder in 7 ounces of lemonade twice a day in addition to clozapine treatment.</field><field name='description'>The patients will undergo a 2 week single blind placebo lead in followed by an 8 week randomly assigned double blind treatment phase with D-cycloserine in addition to clozapine treatment.</field><field name='number_of_arms'>3</field><field name='enrollment'>0</field><field name='condition'>Schizophrenia</field><field name='arm_group'>
    </field><field name='arm_group'>
    </field><field name='arm_group'>
    </field><field name='arm_group_label'>Glycine</field><field name='arm_group_label'>Placebo</field><field name='arm_group_label'>D-Cycloserine</field><field name='arm_group_label'>D-Cycloserine</field><field name='arm_group_label'>Glycine</field><field name='arm_group_label'>D-Cycloserine</field><field name='arm_group_label'>Glycine</field><field name='arm_group_label'>Placebo</field><field name='arm_group_label'>Placebo</field><field name='arm_group_type'>Experimental</field><field name='arm_group_type'>Placebo Comparator</field><field name='arm_group_type'>Experimental</field><field name='intervention'>
    </field><field name='intervention'>
    </field><field name='intervention'>
    </field><field name='intervention'>
    </field><field name='intervention_type'>Drug</field><field name='intervention_type'>Drug</field><field name='intervention_type'>Drug</field><field name='intervention_type'>Drug</field><field name='intervention_name'>D-cycloserine</field><field name='intervention_name'>Glycine</field><field name='intervention_name'>Clozapine</field><field name='intervention_name'>Placebo</field><field name='description'>The patients will undergo a 2 week single blind placebo lead in followed by an 8 week randomly assigned double blind treatment phase with 30 grams of glycine in 7 ounces of lemonade twice a day in addition to clozapine treatment.</field><field name='description'>The patients will undergo a 2 week single blind placebo lead in followed by an 8 week randomly assigned double blind treatment phase with 30 grams of placebo powder in 7 ounces of lemonade twice a day in addition to clozapine treatment.</field><field name='description'>The patients will undergo a 2 week single blind placebo lead in followed by an 8 week randomly assigned double blind treatment phase with D-cycloserine in addition to clozapine treatment.</field><field name='arm_group_label'>Glycine</field><field name='arm_group_label'>Placebo</field><field name='arm_group_label'>D-Cycloserine</field><field name='arm_group_label'>D-Cycloserine</field><field name='arm_group_label'>Glycine</field><field name='arm_group_label'>D-Cycloserine</field><field name='arm_group_label'>Glycine</field><field name='arm_group_label'>Placebo</field><field name='arm_group_label'>Placebo</field><field name='eligibility'>
    </field><field name='criteria'>
      </field><field name='gender'>All</field><field name='minimum_age'>18 Years</field><field name='maximum_age'>65 Years</field></doc></add>