<add><doc><field name='clinical_study'>
  
  </field><field name='required_header'>
    </field><field name='download_date'>ClinicalTrials.gov processed this data on September 16, 2022</field><field name='link_text'>Link to the current ClinicalTrials.gov record.</field><field name='url'>https://clinicaltrials.gov/show/NCT00000308</field><field name='id_info'>
    </field><field name='org_study_id'>NIDA-09262-5</field><field name='nct_id'>NCT00000308</field><field name='brief_title'>Dextroamphetamine-Cocaine Behavioral Intervention - 5</field><field name='official_title'>D-amphetamine-Cocaine Behavioral Intervention</field><field name='sponsors'>
    </field><field name='lead_sponsor'>
      </field><field name='agency'>National Institute on Drug Abuse (NIDA)</field><field name='agency'>University of Texas</field><field name='agency_class'>NIH</field><field name='agency_class'>Other</field><field name='source'>National Institute on Drug Abuse (NIDA)</field><field name='oversight_info'>
    </field><field name='brief_summary'>
    </field><field name='textblock'>
      The purpose of this study is to examine dextroamphetamine-cocaine behavioral intervention in
      cocaine dependent patients.
    </field><field name='textblock'>
        Please contact site for information.
      </field><field name='overall_status'>Completed</field><field name='start_date'>September 1995</field><field name='completion_date'>September 2000</field><field name='primary_completion_date'>September 2000</field><field name='phase'>Phase 2</field><field name='study_type'>Interventional</field><field name='has_expanded_access'>No</field><field name='study_design_info'>
    </field><field name='allocation'>Randomized</field><field name='intervention_model'>Parallel Assignment</field><field name='primary_purpose'>Treatment</field><field name='masking'>Quadruple (Participant, Care Provider, Investigator, Outcomes Assessor)</field><field name='primary_outcome'>
    </field><field name='measure'>Verifiable cocaine abstinence</field><field name='time_frame'>16 weeks of study</field><field name='description'>15 mg of d-amphetamine for first 8 weeks of study and 30 mg for the second 8 weeks</field><field name='description'>30 mg of d-amphetamine for first 8 weeks of study and 60 mg for the second 8 weeks</field><field name='description'>placebo</field><field name='description'>15 mg of d-amphetamine for first 8 weeks of study and 30 mg for the second 8 weeks</field><field name='description'>15 mg of d-amphetamine for first 8 weeks of study and 30 mg for the second 8 weeks</field><field name='description'>placebo</field><field name='number_of_arms'>3</field><field name='enrollment'>54</field><field name='condition'>Cocaine-Related Disorders</field><field name='arm_group'>
    </field><field name='arm_group'>
    </field><field name='arm_group'>
    </field><field name='arm_group_label'>1</field><field name='arm_group_label'>2</field><field name='arm_group_label'>3</field><field name='arm_group_label'>1</field><field name='arm_group_label'>2</field><field name='arm_group_label'>3</field><field name='arm_group_type'>Experimental</field><field name='arm_group_type'>Experimental</field><field name='arm_group_type'>Experimental</field><field name='intervention'>
    </field><field name='intervention'>
    </field><field name='intervention'>
    </field><field name='intervention_type'>Drug</field><field name='intervention_type'>Drug</field><field name='intervention_type'>Drug</field><field name='intervention_name'>Dextroamphetamine</field><field name='intervention_name'>D-amphetamine</field><field name='intervention_name'>placebo</field><field name='description'>15 mg of d-amphetamine for first 8 weeks of study and 30 mg for the second 8 weeks</field><field name='description'>30 mg of d-amphetamine for first 8 weeks of study and 60 mg for the second 8 weeks</field><field name='description'>placebo</field><field name='description'>15 mg of d-amphetamine for first 8 weeks of study and 30 mg for the second 8 weeks</field><field name='description'>15 mg of d-amphetamine for first 8 weeks of study and 30 mg for the second 8 weeks</field><field name='description'>placebo</field><field name='arm_group_label'>1</field><field name='arm_group_label'>2</field><field name='arm_group_label'>3</field><field name='arm_group_label'>1</field><field name='arm_group_label'>2</field><field name='arm_group_label'>3</field><field name='eligibility'>
    </field><field name='criteria'>
      </field><field name='gender'>All</field><field name='minimum_age'>18 Years</field><field name='maximum_age'>45 Years</field></doc></add>