<add><doc><field name='clinical_study'>
  
  </field><field name='required_header'>
    </field><field name='download_date'>ClinicalTrials.gov processed this data on September 16, 2022</field><field name='link_text'>Link to the current ClinicalTrials.gov record.</field><field name='url'>https://clinicaltrials.gov/show/NCT00000384</field><field name='id_info'>
    </field><field name='org_study_id'>R01MH055126</field><field name='nct_id'>NCT00000384</field><field name='brief_title'>Treatment of Obsessive-Compulsive Disorder (OCD) in Children</field><field name='official_title'>Treatment of Pediatric Obsessive-Compulsive Disorder</field><field name='sponsors'>
    </field><field name='lead_sponsor'>
      </field><field name='agency'>University of Pennsylvania</field><field name='agency'>National Institute of Mental Health (NIMH)</field><field name='agency_class'>Other</field><field name='agency_class'>NIH</field><field name='source'>University of Pennsylvania</field><field name='brief_summary'>
    </field><field name='textblock'>
      The purpose of this study is to compare 3 treatments for children with OCD: medication
      (sertraline, SER) alone vs OCD-specific therapy (Cognitive Behavior Therapy, CBT) vs
      medication plus therapy. Some patients will receive an inactive placebo (PBO) instead of
      medication and/or Educational Support (ES, non-psychological treatment) instead of therapy.

      One in 200 children suffer from OCD, but few receive appropriate treatment. Both CBT and
      medication seem to be effective, but their effectiveness, alone and in combination, has not
      been evaluated.

      There are 2 phases to this trial. In Phase I the child will receive 1 of the following 6
      treatments for 12 weeks: 1) SER alone; 2) pill PBO alone; 3) CBT alone; 4) SER plus CBT; 5)
      SER plus ES; 6) pill PBO plus ES. If the child responds to treatment, he/she will go on to
      Phase II in which the treatment will be slowly reduced, then stopped (discontinued), over
      time to test the treatment's durability. The child will be evaluated at Weeks 1, 4, 8, 12
      (Phase I treatment), and Weeks 16, 20, 24, and 28 (Phase II discontinuation) to see how
      effective and durable the treatment is in treating your child's OCD.

      A child may be eligible for this study if he/she:

      Has obsessive-compulsive disorder (OCD) and is 8 - 16 years old.
    </field><field name='textblock'>
      To contrast the degree and durability of improvement in pediatric obsessive-compulsive
      disorder (OCD), patients will be treated with 1 of 6 conditions (3 active treatments and 3
      control treatments): sertraline alone (SER), OCD-specific Cognitive Behavior Therapy (CBT),
      both SER and CBT (SER plus CBT), pill placebo (PBO), pill PBO plus Educational Support (ES),
      and SER plus ES.

      One in 200 youth suffers from OCD, yet relatively few receive appropriate treatment. Both CBT
      and medication appear beneficial in controlled studies; however, the relative efficacy of CBT
      and medication, alone and in combination (COMB) is unknown. Thus, well-designed treatment
      outcome studies are necessary to improve care for youth with OCD.

      The experimental design covers 2 phases. Phase I is a 2 (site) x 2 (SER or pill PBO) x 3
      (CBT, ES or non- psychosocial treatment) x 5 (repeated measures) factorial 12-week comparison
      of SER, CBT, COMB and the control conditions. In Phase II, responders advance to a 16-week
      discontinuation study to assess treatment durability. The primary outcome measure is the
      Yale-Brown Obsessive-Compulsive Scale. Assessments blind to treatment status take place at
      Week 0 (pretreatment); Weeks 1, 4, 8, 12 (Phase I treatment); and Weeks 16, 20, 24 and 28
      (Phase II discontinuation). Besides addressing comparative efficacy and durability of the
      specified treatments, the investigators also examine time-action effects, differential
      effects on specific aspects of OCD, including functional impairment, and predictors of
      response to treatment.
    </field><field name='textblock'>
        Inclusion Criteria:

        -

        Patients must have:

        DSM-IV diagnosed OCD.
      </field><field name='overall_status'>Completed</field><field name='start_date'>May 1997</field><field name='completion_date'>April 2002</field><field name='phase'>Phase 3</field><field name='study_type'>Interventional</field><field name='has_expanded_access'>No</field><field name='study_design_info'>
    </field><field name='primary_purpose'>Treatment</field><field name='condition'>Obsessive-Compulsive Disorder</field><field name='intervention'>
    </field><field name='intervention'>
    </field><field name='intervention'>
    </field><field name='intervention_type'>Behavioral</field><field name='intervention_type'>Behavioral</field><field name='intervention_type'>Drug</field><field name='intervention_name'>Cognitive Behavior Therapy</field><field name='intervention_name'>Educational Support</field><field name='intervention_name'>Sertraline</field><field name='eligibility'>
    </field><field name='criteria'>
      </field><field name='gender'>All</field><field name='minimum_age'>8 Years</field><field name='maximum_age'>16 Years</field></doc></add>