<add><doc><field name='clinical_study'>
  
  </field><field name='required_header'>
    </field><field name='download_date'>ClinicalTrials.gov processed this data on September 16, 2022</field><field name='link_text'>Link to the current ClinicalTrials.gov record.</field><field name='url'>https://clinicaltrials.gov/show/NCT00000151</field><field name='url'>http://www.nei.nih.gov/news/clinicalalerts/alert-etdrs.asp</field><field name='url'>http://www.nei.nih.gov/news/pressreleases/030993.asp</field><field name='url'>http://www.nei.nih.gov/news/pressreleases/edtrspressrelease.asp</field><field name='id_info'>
    </field><field name='org_study_id'>NEI-53</field><field name='nct_id'>NCT00000151</field><field name='brief_title'>Early Treatment Diabetic Retinopathy Study (ETDRS)</field><field name='sponsors'>
    </field><field name='lead_sponsor'>
      </field><field name='agency'>National Eye Institute (NEI)</field><field name='agency_class'>NIH</field><field name='source'>National Eye Institute (NEI)</field><field name='brief_summary'>
    </field><field name='textblock'>
      To evaluate the effectiveness of both argon laser photocoagulation and aspirin therapy in
      delaying or preventing progression of early diabetic retinopathy to more severe stages of
      visual loss and blindness.

      To help determine the best time to initiate photocoagulation treatment in diabetic
      retinopathy.

      To monitor closely the effects of diabetes mellitus and of photocoagulation on visual
      function.

      To produce natural history data that can be used to identify risk factors and test etiologic
      hypotheses in diabetic retinopathy.
    </field><field name='textblock'>
      ETDRS was a multicenter, randomized clinical trial designed to evaluate argon laser
      photocoagulation and aspirin treatment in the management of patients with nonproliferative or
      early proliferative diabetic retinopathy. A total of 3,711 patients were recruited to be
      followed for a minimum of 4 years to provide long-term information on the risks and benefits
      of the treatments under study.

      The eligibility criteria for the ETDRS were designed to include a broad range of macular
      edema severity, from a few small hard exudates within a disc diameter of the fovea with
      normal visual acuity to extensive cystoid spaces with a visual acuity of 20/200. All study
      patients had one eye randomly assigned to immediate photocoagulation and the other eye to
      deferral of photocoagulation until high-risk proliferative retinopathy developed. During
      followup, additional photocoagulation was allowed for any degree of macular edema within the
      eligibility range, but additional photocoagulation was required only for edema involving or
      threatening the center of the macula. The term "clinically significant macular edema" was
      coined to designate this level of severity.

      The trial use of aspirin therapy was based on clinical observation and on aspirin's possible
      mechanisms of action. Previous observations of diabetic patients who were taking large doses
      of aspirin for rheumatoid arthritis showed that the prevalence of retinopathy in this group
      was lower than the prevalence that would be expected in the diabetic population at large.
      Evidence suggested that diabetic patients have altered platelet aggregation and
      disaggregation, which may contribute to the capillary closure seen in retinopathy. This
      abnormality is reversed by aspirin in vitro . However, because of aspirin's other possible
      mechanisms of action and its well-known side effects, such as allergic, idiosyncratic, and
      intolerance reactions, the use of this therapy in the ETDRS was carefully controlled and
      monitored.
    </field><field name='textblock'>
        Men and women between the ages of 18 and 70 years with moderate or severe nonproliferative
        diabetic retinopathy or mild proliferative retinopathy in both eyes, with no previous
        photocoagulation treatment, and with visual acuity of 20/40 or better (20/200 or better if
        macular edema is present) were eligible for this study.
      </field><field name='overall_status'>Completed</field><field name='start_date'>December 1979</field><field name='phase'>Phase 3</field><field name='study_type'>Interventional</field><field name='has_expanded_access'>No</field><field name='study_design_info'>
    </field><field name='allocation'>Randomized</field><field name='primary_purpose'>Treatment</field><field name='description'>Clinical Alert to Ophthalmologists-Early Treatment Diabetic Retinopathy Study (ETDRS)</field><field name='description'>NEI Press Release-ETDRS 5-Year Followup Data Released</field><field name='description'>NEI Press Release-Laser Treatment Highly Effective in Treating Diabetic Retinopathy</field><field name='condition'>Blindness</field><field name='condition'>Diabetic Retinopathy</field><field name='intervention'>
    </field><field name='intervention'>
    </field><field name='intervention_type'>Drug</field><field name='intervention_type'>Procedure</field><field name='intervention_name'>Aspirin</field><field name='intervention_name'>Argon Laser Photocoagulation</field><field name='description'>Clinical Alert to Ophthalmologists-Early Treatment Diabetic Retinopathy Study (ETDRS)</field><field name='description'>NEI Press Release-ETDRS 5-Year Followup Data Released</field><field name='description'>NEI Press Release-Laser Treatment Highly Effective in Treating Diabetic Retinopathy</field><field name='eligibility'>
    </field><field name='criteria'>
      </field><field name='gender'>All</field><field name='minimum_age'>18 Years</field><field name='maximum_age'>70 Years</field></doc></add>