<add><doc><field name='clinical_study'>
  
  </field><field name='required_header'>
    </field><field name='download_date'>ClinicalTrials.gov processed this data on September 16, 2022</field><field name='link_text'>Link to the current ClinicalTrials.gov record.</field><field name='url'>https://clinicaltrials.gov/show/NCT00000107</field><field name='id_info'>
    </field><field name='org_study_id'>NCRR-M01RR00109-0737</field><field name='nct_id'>NCT00000107</field><field name='brief_title'>Body Water Content in Cyanotic Congenital Heart Disease</field><field name='sponsors'>
    </field><field name='lead_sponsor'>
      </field><field name='agency'>National Center for Research Resources (NCRR)</field><field name='agency_class'>NIH</field><field name='source'>National Center for Research Resources (NCRR)</field><field name='brief_summary'>
    </field><field name='textblock'>
      Adults with cyanotic congenital heart disease have elevated levels of plasma proatrial
      natruretic peptide (proANP) which most likely results in chronic dehydration, leading to
      reduced oxygen transport to tissues and shortness of breath with activity. The purpose of
      this study is to characterize adults with cyanotic congenital heart defects with respect to
      their body composition (water and fat-free mass) and resting metabolic rates. The study
      consists of several measures of how much body water, fat and lean tissue a subject has, and
      measures the number of calories the subject's body uses at rest. Adult subjects with cyanotic
      congenital heart disease will be recruited along with healthy noncyanotic control subjects
      matched for age, gender, and body weight.
    </field><field name='textblock'>
        Inclusion Criteria:

          -  Resting blood pressure below 140/90
      </field><field name='overall_status'>Completed</field><field name='study_type'>Observational</field><field name='has_expanded_access'>No</field><field name='study_design_info'>
    </field><field name='condition'>Heart Defects, Congenital</field><field name='eligibility'>
    </field><field name='criteria'>
      </field><field name='gender'>All</field><field name='minimum_age'>17 Years</field><field name='maximum_age'>60 Years</field></doc></add>