<add><doc><field name='clinical_study'>
  
  </field><field name='required_header'>
    </field><field name='download_date'>ClinicalTrials.gov processed this data on September 16, 2022</field><field name='link_text'>Link to the current ClinicalTrials.gov record.</field><field name='url'>https://clinicaltrials.gov/show/NCT00000301</field><field name='id_info'>
    </field><field name='org_study_id'>NIDA-09260-4</field><field name='nct_id'>NCT00000301</field><field name='brief_title'>Rapid Evaluation of Amantadine for Treatment of Cocaine Abuse/Dependence - 4</field><field name='official_title'>Rapid Evaluation of Cocaine Pharmacotherapies (Amantadine)</field><field name='sponsors'>
    </field><field name='lead_sponsor'>
      </field><field name='agency'>University of California, Los Angeles</field><field name='agency'>National Institute on Drug Abuse (NIDA)</field><field name='agency_class'>Other</field><field name='agency_class'>NIH</field><field name='source'>University of California, Los Angeles</field><field name='brief_summary'>
    </field><field name='textblock'>
      The purpose of this study is to empirically test a series of medications to: 1) determine
      each medication's efficacy in treatment of cocaine abuse/dependence; 2) find most effective
      dose range for each medication. In this study, amantadine is tested."
    </field><field name='textblock'>
      16-week participation plus a 2 weekk lead-in period. Participants are assigned randomly to
      placebo or amantadine. Participants attend group meeting 3 times/week
    </field><field name='textblock'>
        Inclusion Criteria:

        M/F, ages 18-65. cocaine dependence according to DMS-IV criteria. Self-reported use within
        the last 30 days. Agreeable to conditions of the study and signed informed consent.

        Exclusion Criteria:

        Psychiatric disorder that requires medication therapy, history of seizures. Pregnant and/or
        nursing women. Dependence on ETOH or benzodiazepines or other sedative-hypnotics. Acute
        hepatitis. Other medical conditions that deem participation to be unsafe.
      </field><field name='overall_status'>Completed</field><field name='start_date'>March 1996</field><field name='primary_completion_date'>June 1998</field><field name='phase'>Phase 2</field><field name='study_type'>Interventional</field><field name='has_expanded_access'>No</field><field name='study_design_info'>
    </field><field name='allocation'>Randomized</field><field name='primary_purpose'>Treatment</field><field name='masking'>Double</field><field name='primary_outcome'>
    </field><field name='primary_outcome'>
    </field><field name='primary_outcome'>
    </field><field name='primary_outcome'>
    </field><field name='measure'>Retention</field><field name='measure'>Cocaine use</field><field name='measure'>Cocaine craving</field><field name='measure'>Psychosocial progress</field><field name='enrollment'>0</field><field name='condition'>Cocaine-Related Disorders</field><field name='intervention'>
    </field><field name='intervention_type'>Drug</field><field name='intervention_name'>Amantadine</field><field name='eligibility'>
    </field><field name='criteria'>
      </field><field name='gender'>All</field><field name='minimum_age'>18 Years</field><field name='maximum_age'>65 Years</field></doc></add>