<add><doc><field name='clinical_study'>
  
  </field><field name='required_header'>
    </field><field name='download_date'>ClinicalTrials.gov processed this data on September 16, 2022</field><field name='link_text'>Link to the current ClinicalTrials.gov record.</field><field name='url'>https://clinicaltrials.gov/show/NCT00000261</field><field name='id_info'>
    </field><field name='org_study_id'>NIDA-08391-13</field><field name='nct_id'>NCT00000261</field><field name='brief_title'>Effects of Alcohol History on Effects of Sevoflurane and Nitrous Oxide - 13</field><field name='official_title'>Effects of Alcohol History on Effects of Sevoflurane and Nitrous Oxide</field><field name='sponsors'>
    </field><field name='lead_sponsor'>
      </field><field name='agency'>University of Chicago</field><field name='agency'>National Institute on Drug Abuse (NIDA)</field><field name='agency_class'>Other</field><field name='agency_class'>NIH</field><field name='source'>University of Chicago</field><field name='brief_summary'>
    </field><field name='textblock'>
      The purpose of this study is to evaluate the effects of alcohol history on the subjective and
      reinforcing effects of sevoflurane and nitrous oxide in healthy volunteers. All subjects
      underwent psychomotor testing during 4 sessions of placebo, drug/placebo, and choice of
      intervention.
    </field><field name='textblock'>
        Please contact site for information.
      </field><field name='overall_status'>Completed</field><field name='start_date'>November 1997</field><field name='completion_date'>October 1998</field><field name='primary_completion_date'>October 1998</field><field name='phase'>Phase 2</field><field name='study_type'>Interventional</field><field name='has_expanded_access'>No</field><field name='study_design_info'>
    </field><field name='allocation'>N/A</field><field name='intervention_model'>Single Group Assignment</field><field name='masking'>Double (Participant, Care Provider)</field><field name='primary_outcome'>
    </field><field name='primary_outcome'>
    </field><field name='primary_outcome'>
    </field><field name='measure'>Mood</field><field name='measure'>Psychomotor performance</field><field name='measure'>Choice of drug vs placebo</field><field name='time_frame'>Baseline, inhalation, recovery</field><field name='time_frame'>Baseline, inhalation, recovery</field><field name='time_frame'>After placebo and drug in each session</field><field name='description'>No drug (100% oxygen)</field><field name='number_of_arms'>1</field><field name='enrollment'>14</field><field name='condition'>Alcohol-Related Disorders</field><field name='condition'>Opioid-Related Disorders</field><field name='condition'>Substance-Related Disorders</field><field name='arm_group'>
    </field><field name='arm_group_label'>Moderate drinking adults</field><field name='arm_group_label'>Moderate drinking adults</field><field name='arm_group_label'>Moderate drinking adults</field><field name='arm_group_label'>Moderate drinking adults</field><field name='arm_group_label'>Moderate drinking adults</field><field name='arm_group_label'>Moderate drinking adults</field><field name='arm_group_type'>Experimental</field><field name='intervention'>
    </field><field name='intervention'>
    </field><field name='intervention'>
    </field><field name='intervention'>
    </field><field name='intervention'>
    </field><field name='intervention_type'>Drug</field><field name='intervention_type'>Other</field><field name='intervention_type'>Drug</field><field name='intervention_type'>Drug</field><field name='intervention_type'>Drug</field><field name='intervention_name'>30% Nitrous oxide</field><field name='intervention_name'>Placebo</field><field name='intervention_name'>0.2% sevoflurane</field><field name='intervention_name'>0.4% sevoflurane</field><field name='intervention_name'>0.6% sevoflurane</field><field name='description'>No drug (100% oxygen)</field><field name='arm_group_label'>Moderate drinking adults</field><field name='arm_group_label'>Moderate drinking adults</field><field name='arm_group_label'>Moderate drinking adults</field><field name='arm_group_label'>Moderate drinking adults</field><field name='arm_group_label'>Moderate drinking adults</field><field name='arm_group_label'>Moderate drinking adults</field><field name='eligibility'>
    </field><field name='criteria'>
      </field><field name='gender'>All</field><field name='minimum_age'>N/A</field><field name='maximum_age'>N/A</field></doc></add>