<add><doc><field name='clinical_study'>
  
  </field><field name='required_header'>
    </field><field name='download_date'>ClinicalTrials.gov processed this data on September 16, 2022</field><field name='link_text'>Link to the current ClinicalTrials.gov record.</field><field name='url'>https://clinicaltrials.gov/show/NCT00000178</field><field name='url'>http://www.alzheimers.org</field><field name='id_info'>
    </field><field name='org_study_id'>IA0002</field><field name='nct_id'>NCT00000178</field><field name='brief_title'>Multicenter Trial of Prednisone in Alzheimer's Disease</field><field name='official_title'>Multicenter Trial of Prednisone in Alzheimer's Disease</field><field name='sponsors'>
    </field><field name='lead_sponsor'>
      </field><field name='agency'>National Institute on Aging (NIA)</field><field name='agency_class'>NIH</field><field name='source'>National Institute on Aging (NIA)</field><field name='brief_summary'>
    </field><field name='textblock'>
      This is a randomized placebo controlled, double blind study. Patients who meet eligibility
      criteria and decide to participate in the study will be randomly assigned to receive either
      drug treatment or a placebo. Neither the patients nor the participating investigators will
      know who is receiving the drugs and who is receiving the placebo. Participation involves 15
      outpatient clinic visits over a 68 week period. Patients take study medication at varying
      doses (the maximum dose is 20 mg daily), along with calcium and vitamin supplements.
    </field><field name='textblock'>
        Inclusion Criteria:

          -  Patients with Alzheimer's disease who are in stable medical condition

        Exclusion Criteria:

          -  Patients with diabetes or severe osteoporosis
      </field><field name='overall_status'>Completed</field><field name='phase'>Phase 3</field><field name='study_type'>Interventional</field><field name='has_expanded_access'>No</field><field name='study_design_info'>
    </field><field name='allocation'>Randomized</field><field name='primary_purpose'>Treatment</field><field name='masking'>Double</field><field name='description'>The Alzheimer's Disease Education and Referral (ADEAR) Center is a service of the National Institute on Aging (NIA).</field><field name='condition'>Alzheimer Disease</field><field name='intervention'>
    </field><field name='intervention_type'>Drug</field><field name='intervention_name'>Prednisone</field><field name='description'>The Alzheimer's Disease Education and Referral (ADEAR) Center is a service of the National Institute on Aging (NIA).</field><field name='eligibility'>
    </field><field name='criteria'>
      </field><field name='gender'>All</field><field name='minimum_age'>0 Years</field><field name='maximum_age'>N/A</field></doc></add>