<add><doc><field name='clinical_study'>
  
  </field><field name='required_header'>
    </field><field name='download_date'>ClinicalTrials.gov processed this data on September 16, 2022</field><field name='link_text'>Link to the current ClinicalTrials.gov record.</field><field name='url'>https://clinicaltrials.gov/show/NCT00000125</field><field name='id_info'>
    </field><field name='org_study_id'>NEI-24</field><field name='nct_id'>NCT00000125</field><field name='brief_title'>Ocular Hypertension Treatment Study (OHTS)</field><field name='official_title'>Ocular Hypertension Treatment Study (OHTS)</field><field name='sponsors'>
    </field><field name='lead_sponsor'>
      </field><field name='agency'>Washington University School of Medicine</field><field name='agency'>National Eye Institute (NEI)</field><field name='agency_class'>Other</field><field name='agency_class'>NIH</field><field name='source'>Washington University School of Medicine</field><field name='oversight_info'>
    </field><field name='brief_summary'>
    </field><field name='textblock'>
      To determine whether medical reduction of intraocular pressure prevents or delays the onset
      of glaucomatous visual field loss and/or optic disc damage in ocular hypertensive
      participants judged to be at moderate risk for developing open-angle glaucoma.

      To produce natural history data to assist in identifying patients at most risk for developing
      open-angle glaucoma and those most likely to benefit from early medical treatment.

      To quantify risk factors for developing open-angle glaucoma among ocular hypertensive
      individuals.
    </field><field name='textblock'>
      OHTS Phase 3 will re-examine study participants 20 plus years after enrollment to document
      clinical status and the incidence and severity of self-reported functional limitations. The
      279 participants who developed POAG in OHTS Phase 1 or 2 will have more than 10 years of
      post-POAG follow-up by Phase 3. The timing of re-examination at 20 years is meaningful
      because 20 years approaches the median life expectancy of OHT patients in their 60's and 70's
      and half the median life expectancy of patients in their 40's and 50's. For the first time,
      patients with ocular hypertension and clinicians will have high quality data about the
      long-term risk of developing POAG and functional limitations associated with the disease.
      These data will facilitate patient-centered care so that patients and clinicians can decide
      on the appropriate frequency of tests and examinations and the potential benefit of
      preventative treatment.

      Glaucoma is one of the leading causes of blindness in the United States and other
      industrialized countries. It is estimated that 2 million people in the United States have
      glaucoma and that 80,000 of these individuals are legally blind from the disease. Among
      African Americans, glaucoma is now recognized as the leading cause of blindness.

      Elevated intraocular pressure (IOP), a common condition affecting 3 to 6 million people in
      the United States, is thought to be the leading risk factor for development of open-angle
      glaucoma. There is no consensus that medical reduction of intraocular pressure prevents or
      delays the onset of visual field and/or optic nerve damage in ocular hypertensive subjects.

      Despite the lack of convincing evidence for the efficacy of medical treatment in ocular
      hypertension, approximately 1.5 million glaucoma suspects in the United States are being
      treated with costly ocular hypotensive medications that carry the potential for serious and
      even life-threatening side effects.

      Clearly, there is a need for a well-controlled clinical trial to determine whether medical
      reduction of IOP can prevent or delay the onset of glaucomatous damage in ocular hypertensive
      subjects. Only then can clinicians and patients make rational choices and health care
      planners ensure that limited medical resources are being allocated in a safe and
      cost-effective manner.

      The Ocular Hypertension Treatment Study (OHTS) is a long-term, randomized, controlled
      multicenter clinical trial. Ocular hypertensive subjects judged to be at moderate risk of
      developing primary open-angle glaucoma are randomly assigned to either close observation only
      or a stepped medical regimen. Medical treatment consists of all commercially available
      topical ocular hypotensive eye drops.

      After completion of baseline measures (IOP, visual fields, disc photos) and randomization,
      the subjects are followed for a minimum of 5 years with automated threshold central static
      perimetry (Humphrey program 30-2) twice yearly and stereoscopic optic disc photographs once
      yearly. Study end points are reproducible visual field loss and/or progressive optic disc
      damage in either eye of a patient attributed to glaucoma by a Masked Endpoint Committee. All
      visual fields and optic disc photographs are read in a masked fashion in Reading Centers.

      In the 1991 Baltimore Eye Survey, African Americans were shown to have a prevalence of
      open-angle glaucoma four to five times higher than whites. Given this high prevalence of
      glaucoma in the African American population, it is important to recruit and follow an
      adequate sample of African American subjects in the trial (approximately 25 percent of the
      total patient sample).

      At the conclusion of this study, practitioners should be able to make reasonable estimates of
      risk for individual ocular hypertensive patients and to determine which ocular hypertensive
      individuals are most likely to benefit from early prophylactic medical treatment.
    </field><field name='textblock'>
        Men and nonpregnant women between the ages of 40 and 80 with IOP greater than or equal to
        24 mm Hg but less than or equal to 32 mm Hg in at least one eye and IOP greater than or
        equal to 21 but less than or equal to 32 mm Hg in the fellow eye, as well as normal visual
        fields and optic discs are eligible for the trial. Patients presenting with best-corrected
        visual acuity worse than 20/40 in either eye, previous intraocular surgery, a
        life-threatening or debilitating disease, secondary causes of elevated IOP, angle-closure
        glaucoma or anatomically narrow angles, other diseases that can cause visual field loss,
        background diabetic retinopathy, optic disc abnormalities that can produce visual field
        loss or obscure the interpretation of the optic disc, or unwillingness to undergo random
        assignment are excluded from the trial.
      </field><field name='overall_status'>Completed</field><field name='start_date'>February 1994</field><field name='completion_date'>June 30, 2019</field><field name='primary_completion_date'>June 2002</field><field name='phase'>Phase 3</field><field name='study_type'>Interventional</field><field name='has_expanded_access'>No</field><field name='study_design_info'>
    </field><field name='allocation'>Randomized</field><field name='intervention_model'>Parallel Assignment</field><field name='primary_purpose'>Prevention</field><field name='masking'>None (Open Label)</field><field name='primary_outcome'>
    </field><field name='measure'>Incidence of Primary Open-Angle Glaucoma in Hypotensive Patients</field><field name='measure'>
          </field><field name='measure'>
          </field><field name='measure'>
          </field><field name='measure'>
          </field><field name='time_frame'>5 yrs (OHTS I, June 2002) and 13.0 yrs (completion of both phases of OHTS, March 2009)</field><field name='time_frame'>5 yrs (OHTS I, June 2002) and 13.0 yrs (completion of both phases of OHTS, March 2009)</field><field name='time_frame'>Adverse events collected during OHTS I, from February 1994 to June 2002.</field><field name='description'>Comparison of the cumulative proportion of participants who develop primary open-angle glaucoma in the observation and medication groups.</field><field name='description'>Close Observation.</field><field name='description'>Participants treated with commercially available topical ocular hypotensive eye drops.</field><field name='description'>Topical ocular hypotensive eye drops.</field><field name='description'>Close Observation</field><field name='description'>Topical ocular hypotensive eye drops.</field><field name='description'>Observation only</field><field name='description'>Topical Antiglaucoma Agents: Topical Antiglaucoma Agents</field><field name='description'>Total of all reporting groups</field><field name='description'>Comparison of the cumulative proportion of participants who develop primary open-angle glaucoma in the observation and medication groups.</field><field name='description'>Observation only from February 1994 through June 2002.Observation participants were offered topical antiglaucoma agents after June 2002 through study close out March 2009.</field><field name='description'>Topical ocular hypotensive eye drops from February 1994 through March 2009.</field><field name='description'>Comparison of the cumulative proportion of participants who develop primary open-angle glaucoma in the observation and medication groups.</field><field name='description'>Observation only from February 1994 to June 2002 .</field><field name='description'>Topical Antiglaucoma Agents: Topical Antiglaucoma Agents from February 1994 to June 2002.</field><field name='description'>Specific ocular serious adverse events are unknown because they were only collected with regard to organ system.</field><field name='description'>Adverse Events that were not serious.</field><field name='number_of_arms'>2</field><field name='enrollment'>1636</field><field name='condition'>Ocular Hypertension</field><field name='condition'>Glaucoma</field><field name='arm_group'>
    </field><field name='arm_group'>
    </field><field name='arm_group_label'>Observation</field><field name='arm_group_label'>Treatment</field><field name='arm_group_label'>Treatment</field><field name='arm_group_type'>No Intervention</field><field name='arm_group_type'>Other</field><field name='intervention'>
    </field><field name='intervention_type'>Drug</field><field name='intervention_name'>Topical ocular hypotensive eye drops.</field><field name='description'>Comparison of the cumulative proportion of participants who develop primary open-angle glaucoma in the observation and medication groups.</field><field name='description'>Close Observation.</field><field name='description'>Participants treated with commercially available topical ocular hypotensive eye drops.</field><field name='description'>Topical ocular hypotensive eye drops.</field><field name='description'>Close Observation</field><field name='description'>Topical ocular hypotensive eye drops.</field><field name='description'>Observation only</field><field name='description'>Topical Antiglaucoma Agents: Topical Antiglaucoma Agents</field><field name='description'>Total of all reporting groups</field><field name='description'>Comparison of the cumulative proportion of participants who develop primary open-angle glaucoma in the observation and medication groups.</field><field name='description'>Observation only from February 1994 through June 2002.Observation participants were offered topical antiglaucoma agents after June 2002 through study close out March 2009.</field><field name='description'>Topical ocular hypotensive eye drops from February 1994 through March 2009.</field><field name='description'>Comparison of the cumulative proportion of participants who develop primary open-angle glaucoma in the observation and medication groups.</field><field name='description'>Observation only from February 1994 to June 2002 .</field><field name='description'>Topical Antiglaucoma Agents: Topical Antiglaucoma Agents from February 1994 to June 2002.</field><field name='description'>Specific ocular serious adverse events are unknown because they were only collected with regard to organ system.</field><field name='description'>Adverse Events that were not serious.</field><field name='arm_group_label'>Observation</field><field name='arm_group_label'>Treatment</field><field name='arm_group_label'>Treatment</field><field name='eligibility'>
    </field><field name='criteria'>
      </field><field name='gender'>All</field><field name='minimum_age'>40 Years</field><field name='maximum_age'>80 Years</field></doc></add>