<add><doc><field name='clinical_study'>
  
  </field><field name='required_header'>
    </field><field name='download_date'>ClinicalTrials.gov processed this data on September 16, 2022</field><field name='link_text'>Link to the current ClinicalTrials.gov record.</field><field name='url'>https://clinicaltrials.gov/show/NCT00000380</field><field name='id_info'>
    </field><field name='org_study_id'>10537-A</field><field name='nct_id'>NCT00000380</field><field name='brief_title'>Growth Hormone Releasing Hormone (GHRH) Treatment for Age-Related Sleep Disturbances</field><field name='official_title'>Age-Related Sleep Impairment - Treatment w/GHRH</field><field name='sponsors'>
    </field><field name='lead_sponsor'>
      </field><field name='agency'>University of Washington</field><field name='agency'>National Institute of Mental Health (NIMH)</field><field name='agency_class'>Other</field><field name='agency_class'>NIH</field><field name='source'>University of Washington</field><field name='brief_summary'>
    </field><field name='textblock'>
      The purpose of this study is to examine the effects of giving growth hormone releasing
      hormone (GHRH) to treat sleep disorders in older men and in older women who are on estrogen
      replacement therapy (ERT).

      Many older men and women complain of sleep disturbances. GHRH has been used successfully to
      treat sleep disorders in young men and may help older men and women.

      40 healthy older men and 40 healthy older women on ERT will receive either GHRH or an
      inactive placebo.

      An individual may be eligible for this study if he/she is a healthy older man or woman with
      sleep disturbances, and is on estrogen replacement therapy (women).
    </field><field name='textblock'>
      To examine the effects of synthetic growth hormone releasing hormone (GHRH) versus placebo on
      the sleep quality, 24-hour secretory pattern of growth hormone (GH), and insulin-like growth
      factor 1 (IGF-1) concentrations of 40 healthy older men and 40 healthy older women on
      estrogen replacement therapy (ERT). To determine if augmenting the GH-IGF-1 axis can improve
      the objective sleep quality of the older population. To determine if treatment-related
      changes in sleep quality are correlated with changes in GH and/or IGF-1 concentrations.

      Nearly 40% of the geriatric population complain of poor sleep quality, a complaint that is
      validated by objective findings. The physiological consequences of age-impaired sleep are
      poorly understood, but may include damped circadian rhythms and impaired anabolic hormone
      status. Poor sleep may also account for the disproportionate prescription of sedative
      hypnotics to older adults which may exacerbate sleep apnea, lead to daytime carryover effects
      such as sedation, falls, fractures, cognitive impairment, and anterograde amnesia, and has
      been associated with increased morbidity and mortality. The recent NIH Consensus Conference
      on the Treatment of Sleep Disorders in Older People concluded that nonsedative interventions
      to improve sleep quality in the elderly population are obviously needed. One such
      intervention may be stimulation of the GH-IGF-1 axis by GHRH administration. Clinical
      evidence indicates sleep quality can be affected by extremes of GH status and several recent
      studies report acute GHRH administration improves sleep quality in young men. We have
      recently demonstrated that measures of sleep quality correlate with basal IGF-1
      concentrations in healthy older men and ERT women.

      40 healthy older men and 40 healthy older women on ERT receive either GHRH or placebo.
    </field><field name='textblock'>
        Inclusion Criteria:

        -

        Patients must have:

        Age-related sleep impairment.

        -

        Required:

        Estrogen replacement therapy for women.
      </field><field name='overall_status'>Completed</field><field name='start_date'>June 1996</field><field name='completion_date'>July 2007</field><field name='primary_completion_date'>July 2007</field><field name='phase'>N/A</field><field name='study_type'>Interventional</field><field name='has_expanded_access'>No</field><field name='study_design_info'>
    </field><field name='primary_purpose'>Treatment</field><field name='description'>Growth-hormone-releasing hormone (GHRH), also known as growth-hormone-releasing factor (GRF, GHRF), somatoliberin or somatocrinin, is a releasing hormone for growth hormone.</field><field name='description'>Placebo</field><field name='number_of_arms'>2</field><field name='condition'>Sleep Disorders</field><field name='arm_group'>
    </field><field name='arm_group'>
    </field><field name='arm_group_label'>GHRH</field><field name='arm_group_label'>Placebo</field><field name='arm_group_label'>GHRH</field><field name='arm_group_label'>Placebo</field><field name='arm_group_type'>Experimental</field><field name='arm_group_type'>Placebo Comparator</field><field name='intervention'>
    </field><field name='intervention_type'>Drug</field><field name='intervention_name'>GHRH</field><field name='description'>Growth-hormone-releasing hormone (GHRH), also known as growth-hormone-releasing factor (GRF, GHRF), somatoliberin or somatocrinin, is a releasing hormone for growth hormone.</field><field name='description'>Placebo</field><field name='arm_group_label'>GHRH</field><field name='arm_group_label'>Placebo</field><field name='arm_group_label'>GHRH</field><field name='arm_group_label'>Placebo</field><field name='eligibility'>
    </field><field name='criteria'>
      </field><field name='gender'>All</field><field name='minimum_age'>N/A</field><field name='maximum_age'>N/A</field></doc></add>