<add><doc><field name='clinical_study'>
  
  </field><field name='required_header'>
    </field><field name='download_date'>ClinicalTrials.gov processed this data on September 16, 2022</field><field name='link_text'>Link to the current ClinicalTrials.gov record.</field><field name='url'>https://clinicaltrials.gov/show/NCT00000284</field><field name='id_info'>
    </field><field name='org_study_id'>NIDA-09259-1</field><field name='nct_id'>NCT00000284</field><field name='brief_title'>Role of Metabolites in Nicotine Dependence (1) - 1</field><field name='official_title'>Role of Metabolites in Nicotine Dependence (1)</field><field name='sponsors'>
    </field><field name='lead_sponsor'>
      </field><field name='agency'>National Institute on Drug Abuse (NIDA)</field><field name='agency'>University of Minnesota</field><field name='agency_class'>NIH</field><field name='agency_class'>Other</field><field name='source'>National Institute on Drug Abuse (NIDA)</field><field name='brief_summary'>
    </field><field name='textblock'>
      The purpose of this study is to determine the effects of cotinine with or without a
      transdermal nicotine replacement on tobacco withdrawal symptoms.
    </field><field name='textblock'>
      The purpose of this study was to determine the effects of a metabolite of nicotine, cotinine,
      on tobacco withdrawal symptoms. Cotinine has been shown to have psychoactive effects that are
      similar as well as different from those of nicotine, however, little research has been
      conducted examining the role cotinine plays in nicotine addiction. This study compared the
      effects of cotinine with the nicotine patch, and a combination thereof on tobacco withdrawal
      symptoms. The results showed that cotinine antagonizes the beneficial effects of the nicotine
      patch in reducing withdrawal symptoms.
    </field><field name='textblock'>
        Inclusion Criteria:

        Male or female subjects, aged 21-45 yrs inclusive, with a smoking history of at least 1
        pack of cigarettes daily for at least 1 year. Subject must be in good health as verified by
        medical history, screening exam, and screening laboratory tests. Subject must provide
        written informed consent to participate in the study and be motivated to stop smoking for a
        short term.

        Exclusion Criteria:

        History of myocardial infarction, angina pectoris, sustained or episodic cardiac
        arrhythmias, symptomatic peripheral vascular disease, peptic ulcer disease or any other
        medical condition which the physician or investigator deems inappropriate for
        participation, insulin-dependent diabetes; pregnant or lactating or not using adequate
        birth control methods; requirement of any form of regular psychotropic medication
        (antidepressants, antipsychotics, or anxiolytics) and recent psychiatric history; chronic
        use of systemic steroids or antihistamines; skin sensitivity which would preclude use of a
        transdermal system; abuse of alcohol or any other recreational or prescription drug; use of
        any other tobacco products, including smokeless tobacco and nicotine products; previous use
        of transdermal nicotine system; inability to fulfill all scheduled visits and examination
        procedures throughout the study period.
      </field><field name='overall_status'>Completed</field><field name='start_date'>February 1995</field><field name='completion_date'>December 2001</field><field name='phase'>Phase 2</field><field name='study_type'>Interventional</field><field name='has_expanded_access'>No</field><field name='study_design_info'>
    </field><field name='allocation'>Randomized</field><field name='primary_purpose'>Treatment</field><field name='masking'>Double</field><field name='primary_outcome'>
    </field><field name='primary_outcome'>
    </field><field name='primary_outcome'>
    </field><field name='measure'>Subjective effects</field><field name='measure'>Physiological effects</field><field name='measure'>Performance effects</field><field name='enrollment'>0</field><field name='condition'>Tobacco Use Disorder</field><field name='intervention'>
    </field><field name='intervention_type'>Drug</field><field name='intervention_name'>Cotinine fumarate</field><field name='eligibility'>
    </field><field name='criteria'>
      </field><field name='gender'>All</field><field name='minimum_age'>21 Years</field><field name='maximum_age'>45 Years</field></doc></add>