<add><doc><field name='clinical_study'>
  
  </field><field name='required_header'>
    </field><field name='download_date'>ClinicalTrials.gov processed this data on September 16, 2022</field><field name='link_text'>Link to the current ClinicalTrials.gov record.</field><field name='url'>https://clinicaltrials.gov/show/NCT00000474</field><field name='id_info'>
    </field><field name='org_study_id'>63</field><field name='nct_id'>NCT00000474</field><field name='brief_title'>Prevention and Treatment of Hypertension Study (PATHS)</field><field name='sponsors'>
    </field><field name='lead_sponsor'>
      </field><field name='agency'>National Heart, Lung, and Blood Institute (NHLBI)</field><field name='agency'>National Institute on Alcohol Abuse and Alcoholism (NIAAA)</field><field name='agency_class'>NIH</field><field name='agency_class'>NIH</field><field name='source'>National Heart, Lung, and Blood Institute (NHLBI)</field><field name='brief_summary'>
    </field><field name='textblock'>
      To evaluate the long-term effect of reduction of alcohol intake on blood pressure in moderate
      but non-dependent drinkers with mild hypertension or high normal blood pressure.
    </field><field name='textblock'>
      BACKGROUND:

      Numerous observational epidemiologic studies have established ethanol intake as one of the
      most important determinants of blood pressure levels. However, data from intervention studies
      were very limited.

      The study was an inter-agency agreement involving the Veterans Administration and the
      National Institute on Alcohol Abuse and Alcoholism (NIAAA). Protocol development occurred
      between October 1988 and June 1989. The protocol was approved by the VA Cooperative Studies
      Evaluation Committee in July 1989 and reviewed by a separate Data and Safety Monitoring Board
      in September 1989.

      DESIGN NARRATIVE:

      Subjects were randomized to intervention or control groups. Intervention aimed to reduce
      alcohol intake to no more than 14 drinks per week and 50 percent or less of each
      participant's baseline level. The intervention technique consisted of a cognitive-behavioral
      program, the intensive phase of which consisted of six counseling sessions over three months.
      Echocardiograms were obtained at baseline and six months after randomization. Biochemical
      markers were used to validate changes in alcohol consumption. The trial included an
      eighteen-month feasibility phase with six-month follow-up and a 36-month main trial with two
      years of follow-up. Recruitment for the full-scale trial ended in June 1993. Final study
      visits were conducted in September and October 1994.

      The study completion date listed in this record was obtained from the "End Date" entered in
      the Query View Report System (QVR).
    </field><field name='textblock'>
        Men and women with a diastolic blood pressure of 80 to 89 mm Hg and alcohol intake of 21
        drinks or more per week.
      </field><field name='overall_status'>Completed</field><field name='start_date'>September 1989</field><field name='completion_date'>September 1994</field><field name='phase'>Phase 3</field><field name='study_type'>Interventional</field><field name='has_expanded_access'>No</field><field name='study_design_info'>
    </field><field name='allocation'>Randomized</field><field name='primary_purpose'>Prevention</field><field name='condition'>Cardiovascular Diseases</field><field name='condition'>Heart Diseases</field><field name='condition'>Hypertension</field><field name='condition'>Vascular Diseases</field><field name='intervention'>
    </field><field name='intervention_type'>Behavioral</field><field name='intervention_name'>behavior therapy</field><field name='eligibility'>
    </field><field name='criteria'>
      </field><field name='gender'>All</field><field name='minimum_age'>18 Years</field><field name='maximum_age'>75 Years</field></doc></add>