<add><doc><field name='clinical_study'>
  
  </field><field name='required_header'>
    </field><field name='download_date'>ClinicalTrials.gov processed this data on September 16, 2022</field><field name='link_text'>Link to the current ClinicalTrials.gov record.</field><field name='url'>https://clinicaltrials.gov/show/NCT00000276</field><field name='id_info'>
    </field><field name='org_study_id'>NIDA-09250-1</field><field name='nct_id'>NCT00000276</field><field name='brief_title'>Dopamine Reuptake Inhibitors of Cocaine Abuse - 1</field><field name='official_title'>Dopamine Reuptake Inhibitors of Cocaine Abuse</field><field name='sponsors'>
    </field><field name='lead_sponsor'>
      </field><field name='agency'>Yale University</field><field name='agency'>National Institute on Drug Abuse (NIDA)</field><field name='agency'>VA Connecticut Healthcare System</field><field name='agency_class'>Other</field><field name='agency_class'>NIH</field><field name='agency_class'>U.S. Fed</field><field name='source'>Yale University</field><field name='brief_summary'>
    </field><field name='textblock'>
      The purpose of this study is to evaluate dopamine reuptake inhibitors for cocaine abuse.
    </field><field name='textblock'>
        Inclusion Criteria:

        -

        Exclusion Criteria:

        -
      </field><field name='overall_status'>Terminated</field><field name='start_date'>September 1994</field><field name='completion_date'>August 1999</field><field name='primary_completion_date'>August 1999</field><field name='phase'>Phase 1</field><field name='study_type'>Interventional</field><field name='has_expanded_access'>No</field><field name='study_design_info'>
    </field><field name='primary_purpose'>Treatment</field><field name='primary_outcome'>
    </field><field name='primary_outcome'>
    </field><field name='measure'>Side effects</field><field name='measure'>Cocaine effects</field><field name='enrollment'>0</field><field name='condition'>Cocaine-Related Disorders</field><field name='intervention'>
    </field><field name='intervention_type'>Drug</field><field name='intervention_name'>Bupropion</field><field name='eligibility'>
    </field><field name='criteria'>
      </field><field name='gender'>All</field><field name='minimum_age'>18 Years</field><field name='maximum_age'>45 Years</field></doc></add>