<add><doc><field name='clinical_study'>
  
  </field><field name='required_header'>
    </field><field name='download_date'>ClinicalTrials.gov processed this data on September 16, 2022</field><field name='link_text'>Link to the current ClinicalTrials.gov record.</field><field name='url'>https://clinicaltrials.gov/show/NCT00000213</field><field name='id_info'>
    </field><field name='org_study_id'>NIDA-06234-2</field><field name='nct_id'>NCT00000213</field><field name='brief_title'>IV Cocaine Abuse: A Laboratory Model - 2</field><field name='official_title'>IV Cocaine Abuse: A Laboratory Model</field><field name='sponsors'>
    </field><field name='lead_sponsor'>
      </field><field name='agency'>New York State Psychiatric Institute</field><field name='agency'>National Institute on Drug Abuse (NIDA)</field><field name='agency'>Columbia University</field><field name='agency_class'>Other</field><field name='agency_class'>NIH</field><field name='agency_class'>Other</field><field name='source'>New York State Psychiatric Institute</field><field name='brief_summary'>
    </field><field name='textblock'>
      The purpose of this study is to evaluate the effects of fluoxetine maintenance on cocaine
      taking and on the physiological and subjective effects of cocaine, including cocaine craving.
    </field><field name='textblock'>
        Please contact site for information.
      </field><field name='overall_status'>Completed</field><field name='start_date'>April 1990</field><field name='completion_date'>April 1991</field><field name='primary_completion_date'>April 1991</field><field name='phase'>Phase 2</field><field name='study_type'>Interventional</field><field name='has_expanded_access'>No</field><field name='study_design_info'>
    </field><field name='primary_purpose'>Treatment</field><field name='primary_outcome'>
    </field><field name='primary_outcome'>
    </field><field name='primary_outcome'>
    </field><field name='primary_outcome'>
    </field><field name='primary_outcome'>
    </field><field name='measure'>Direct cocaine effects</field><field name='measure'>Interaction of cocaine/fluox. on cardio measures</field><field name='measure'>Interaction of cocaine/fluox. on coc's subjective</field><field name='measure'>Effects of fluoxetine on cocaine craving</field><field name='measure'>Drug use during outpatient fluoxetine maintenance</field><field name='enrollment'>0</field><field name='condition'>Cocaine-Related Disorders</field><field name='intervention'>
    </field><field name='intervention_type'>Drug</field><field name='intervention_name'>Fluoxetine</field><field name='eligibility'>
    </field><field name='criteria'>
      </field><field name='gender'>All</field><field name='minimum_age'>18 Years</field><field name='maximum_age'>45 Years</field></doc></add>