<add><doc><field name='clinical_study'>
  
  </field><field name='required_header'>
    </field><field name='download_date'>ClinicalTrials.gov processed this data on September 16, 2022</field><field name='link_text'>Link to the current ClinicalTrials.gov record.</field><field name='url'>https://clinicaltrials.gov/show/NCT00000395</field><field name='id_info'>
    </field><field name='org_study_id'>R29AR042674</field><field name='nct_id'>NCT00000395</field><field name='brief_title'>Antifolate Effectiveness in Arthritis</field><field name='official_title'>Mechanisms of Antifolate Efficacy in Arthritis</field><field name='sponsors'>
    </field><field name='lead_sponsor'>
      </field><field name='agency'>University of Alabama at Birmingham</field><field name='agency'>National Institute of Arthritis and Musculoskeletal and Skin Diseases (NIAMS)</field><field name='agency'>Office of Dietary Supplements (ODS)</field><field name='agency_class'>Other</field><field name='agency_class'>NIH</field><field name='agency_class'>NIH</field><field name='source'>University of Alabama at Birmingham</field><field name='brief_summary'>
    </field><field name='textblock'>
      This study looks at how the arthritis drug methotrexate works in low doses to treat
      rheumatoid arthritis. (High doses of methotrexate are used to treat some types of cancer.)
      Methotrexate blocks the action of the B-vitamin known as folic acid. We are studying the
      biochemical reactions affected by this vitamin because we think that blocking many of these
      reactions may be necessary for methotrexate to work in treating rheumatoid arthritis. Through
      these studies, we hope to gain a better understanding of how this drug and related drugs work
      as treatments for arthritis.
    </field><field name='textblock'>
      Low-dose methotrexate therapy suppresses autoimmune arthritis in human and animal models. We
      hypothesize that the effect of methotrexate in the treatment of rheumatoid arthritis is due
      to the inhibition of aminoimidazole-carboxamide ribotide transformylase, a folate-dependent
      enzyme that catalyzes the last step in the de novo biosynthesis of inosine monophosphate. The
      resulting accumulation of aminoimidazole carboxamide riboside inhibits adenosine deaminase,
      therefore interfering with normal adenosine metabolism. It is well known that children with
      adenosine deaminase deficiency have severe combined immunodeficiency syndrome. This suggests
      that adenosine deaminase activity is key to immune competence and is associated with the
      mechanism of efficacy in methotrexate therapy of rheumatoid arthritis.

      Several studies indicate that supplemental folinic acid (5-formyltetrahydrofolate) used in
      large doses during low-dose methotrexate therapy for rheumatoid arthritis causes a flare in
      joint inflammation. However, supplemental folic acid (pteroylglutamic acid) does not lessen
      the efficacy of the therapy. We further hypothesize that if methotrexate efficacy is driven
      by aminoimidazole carboxamide ribotide transformylase inhibition, folic acid supplementation
      should not alter urinary levels of aminoimidazole carboxamide, adenosine, and deoxyadenosine,
      while folinic acid supplementation should prevent the accumulation of these compounds.

      We will test our hypotheses both in people with rheumatoid arthritis and in Lewis rat
      adjuvant arthritis. Our objectives include: (1) determining if the dose level of methotrexate
      that is clinically optimal in the treatment of Lewis rat adjuvant arthritis interferes with
      normal adenosine metabolism; (2) determining the effectiveness of drugs that interfere with
      adenosine metabolism (deoxycoformycin, aminoimidazole carboxamide, and aminoimidazole
      carboxamide with a suboptimal dose of methotrexate) in Lewis rat adjuvant arthritis; and (3)
      determining whether supplemental folic acid and folinic acid during methotrexate therapy
      normalize adenosine metabolism in patients with rheumatoid arthritis. The information we
      obtain will enhance the understanding of the biochemical action of
      antifolates/antimetabolites that are effective in the treatment of human and animal
      arthritis.
    </field><field name='textblock'>
        Inclusion Criteria:

          -  Individuals starting methotrexate for rheumatoid arthritis.

          -  Study subjects should not currently be taking folic acid-containing vitamins.

        Exclusion Criteria:

          -  Cancer, renal, or liver disease.

          -  Previous use of methotrexate within the past 6 months or current use of folic
             acid-containing supplements.
      </field><field name='overall_status'>Completed</field><field name='start_date'>September 1996</field><field name='completion_date'>August 2002</field><field name='primary_completion_date'>August 2002</field><field name='phase'>Phase 2</field><field name='study_type'>Interventional</field><field name='has_expanded_access'>No</field><field name='study_design_info'>
    </field><field name='allocation'>Randomized</field><field name='intervention_model'>Crossover Assignment</field><field name='primary_purpose'>Diagnostic</field><field name='masking'>Double (Participant, Investigator)</field><field name='primary_outcome'>
    </field><field name='measure'>Determine the effect of Folic acid and Folinic acid on urinary 5-amino=imidazole-4-carboxaminde (AICA in individuals with rheumatoid arthritis treated with low dose methotrexate.</field><field name='measure'>Determine the effect of folic acid and folinic acid on urinary adenosine excretion in individuals with rheumatoid arthritis treated with low dose methotrexate</field><field name='measure'>Correlate disease activity with urinary AICA and adenosine levels</field><field name='description'>Subjects receiving Methotrexate for 6 weeks and 5 mg of Folinic acid daily for 1 week.</field><field name='description'>Subjects receiving Methotrexate for 6 weeks and 5 mg of Folic acid daily for 1 week.</field><field name='number_of_arms'>2</field><field name='enrollment'>40</field><field name='condition'>Rheumatoid Arthritis</field><field name='condition'>Adjuvant Arthritis</field><field name='arm_group'>
    </field><field name='arm_group'>
    </field><field name='arm_group_label'>Group 1 - Folinic acid</field><field name='arm_group_label'>Group 2: Folic acid</field><field name='arm_group_label'>Group 1 - Folinic acid</field><field name='arm_group_label'>Group 2: Folic acid</field><field name='arm_group_label'>Group 1 - Folinic acid</field><field name='arm_group_label'>Group 2: Folic acid</field><field name='arm_group_type'>Experimental</field><field name='arm_group_type'>Experimental</field><field name='intervention'>
    </field><field name='intervention'>
    </field><field name='intervention'>
    </field><field name='intervention_type'>Drug</field><field name='intervention_type'>Dietary Supplement</field><field name='intervention_type'>Dietary Supplement</field><field name='intervention_name'>Methotrexate</field><field name='intervention_name'>Folinic acid</field><field name='intervention_name'>Folic acid</field><field name='description'>Subjects receiving Methotrexate for 6 weeks and 5 mg of Folinic acid daily for 1 week.</field><field name='description'>Subjects receiving Methotrexate for 6 weeks and 5 mg of Folic acid daily for 1 week.</field><field name='arm_group_label'>Group 1 - Folinic acid</field><field name='arm_group_label'>Group 2: Folic acid</field><field name='arm_group_label'>Group 1 - Folinic acid</field><field name='arm_group_label'>Group 2: Folic acid</field><field name='arm_group_label'>Group 1 - Folinic acid</field><field name='arm_group_label'>Group 2: Folic acid</field><field name='eligibility'>
    </field><field name='criteria'>
      </field><field name='gender'>All</field><field name='minimum_age'>18 Years</field><field name='maximum_age'>85 Years</field></doc></add>