<add><doc><field name='clinical_study'>
  
  </field><field name='required_header'>
    </field><field name='download_date'>ClinicalTrials.gov processed this data on September 16, 2022</field><field name='link_text'>Link to the current ClinicalTrials.gov record.</field><field name='url'>https://clinicaltrials.gov/show/NCT00000458</field><field name='id_info'>
    </field><field name='org_study_id'>NIAAAMOA10476</field><field name='nct_id'>NCT00000458</field><field name='brief_title'>Sertraline and Cognitive Therapy in Depressed Alcoholics</field><field name='official_title'>Sertraline and Cognitive Therapy in Depressed Alcoholics</field><field name='sponsors'>
    </field><field name='lead_sponsor'>
      </field><field name='agency'>National Institute on Alcohol Abuse and Alcoholism (NIAAA)</field><field name='agency_class'>NIH</field><field name='source'>National Institute on Alcohol Abuse and Alcoholism (NIAAA)</field><field name='brief_summary'>
    </field><field name='textblock'>
      This study will assess whether individuals treated with sertraline (Zoloft) and cognitive
      behavior therapy will experience improvement with their depression and consume less alcohol
      than individuals treated with a placebo and cognitive behavior therapy. This is a 12-week,
      random assignment, placebo-controlled, double-blind study with followup assessments 1 and 3
      months after treatment.
    </field><field name='textblock'>
        Inclusion Criteria:

          -  Meets criteria for major depressive episode.

          -  Meets criteria for alcohol abuse or dependence thirty days prior to entering the
             study.

          -  Has had no more than one previous inpatient medical detoxification.

          -  Able to maintain sobriety for ten days.

          -  Able to read and understand questionnaires and informed consent.

          -  Lives within 50 miles of the study site, has a stable living situation, and a reliable
             source of collateral reporting.

        Exclusion Criteria:

          -  Meets criteria for any other psychoactive substance dependence other than nicotine.

          -  Any psychoactive substance abuse (other than nicotine or marijuana) within 30 days
             before beginning of study.

          -  Meets criteria for other psychiatric disorders including: panic disorder,
             obsessive-compulsive disorder, bipolar affective disorder, cyclothymia, schizophrenia,
             any organic mental disorder, eating disorder, dissociative disorder, or post-traumatic
             stress disorder.

          -  Has evidence of treatment resistant depression defined as more than one previous
             treatment episode for depression, which can include hospitalization and/or one course
             of antidepressant medication.

          -  Patients may not have been prescribed a specific serotonergic medication within the
             month prior to study and may not have taken any antidepressant or antipsychotic within
             the two weeks prior to study.

          -  Current use of disulfiram (Antabuse) or anti-seizure medications.

          -  Clinically significant medical problems: cardiovascular, renal, gastrointestinal, or
             endocrine problems that would limit participation or limit medication ingestion.

          -  Hepatocellular disease.

          -  Females who are pregnant, nursing, or not using a reliable form of birth control.

          -  Current charges pending for violent crime (excluding DUI related offenses).

          -  Previous adverse experience with a serotonin reuptake inhibitor.

          -  Current homicidal or suicidal ideation.
      </field><field name='overall_status'>Completed</field><field name='completion_date'>January 2002</field><field name='phase'>Phase 2</field><field name='study_type'>Interventional</field><field name='has_expanded_access'>No</field><field name='study_design_info'>
    </field><field name='allocation'>Randomized</field><field name='primary_purpose'>Treatment</field><field name='masking'>Double</field><field name='enrollment'>100</field><field name='condition'>Alcoholism</field><field name='condition'>Depression</field><field name='intervention'>
    </field><field name='intervention'>
    </field><field name='intervention_type'>Drug</field><field name='intervention_type'>Behavioral</field><field name='intervention_name'>sertraline (Zoloft)</field><field name='intervention_name'>cognitive behavior therapy</field><field name='eligibility'>
    </field><field name='criteria'>
      </field><field name='gender'>All</field><field name='minimum_age'>18 Years</field><field name='maximum_age'>65 Years</field></doc></add>