<add><doc><field name='clinical_study'>
  
  </field><field name='required_header'>
    </field><field name='download_date'>ClinicalTrials.gov processed this data on September 16, 2022</field><field name='link_text'>Link to the current ClinicalTrials.gov record.</field><field name='url'>https://clinicaltrials.gov/show/NCT00000177</field><field name='url'>http://www.adcs.org/</field><field name='id_info'>
    </field><field name='org_study_id'>IA0001</field><field name='nct_id'>NCT00000177</field><field name='brief_title'>Estrogen Hormone Protocol</field><field name='sponsors'>
    </field><field name='lead_sponsor'>
      </field><field name='agency'>National Institute on Aging (NIA)</field><field name='agency_class'>NIH</field><field name='source'>National Institute on Aging (NIA)</field><field name='brief_summary'>
    </field><field name='textblock'>
      Estrogen is a hormone that is dominant in the female reproductive system. In women, most
      estrogen is produced by the ovaries. Men produce estrogen by converting testosterone into
      estrogen. Because this hormone also has many beneficial effects on brain cells, it currently
      is being studied as a treatment for Alzheimer's disease. The enzyme that forms the
      neurotransmitter acetylcholine is promoted in the presence of estrogen. Several very small
      clinical studies have demonstrated improvement in cognitive function and mood measures in
      women with Alzheimer's disease who take estrogen.
    </field><field name='textblock'>
        Inclusion Criteria:

          -  Women with a diagnosis of Alzheimer's disease who currently are not taking estrogen
             replacement therapy, who have had a hysterectomy, and who are in stable general
             health.

        Exclusion Criteria:

          -  Patients with an uncontrolled health problem, such as untreated high blood pressure or
             thyroid disease.
      </field><field name='overall_status'>Completed</field><field name='start_date'>October 1995</field><field name='completion_date'>January 1999</field><field name='primary_completion_date'>January 1999</field><field name='phase'>Phase 3</field><field name='study_type'>Interventional</field><field name='has_expanded_access'>No</field><field name='study_design_info'>
    </field><field name='allocation'>Randomized</field><field name='primary_purpose'>Treatment</field><field name='masking'>Double</field><field name='description'>The Alzheimer's Disease Education and Referral (ADEAR) Center is a service of the National Institute on Aging (NIA).</field><field name='enrollment'>120</field><field name='condition'>Alzheimer Disease</field><field name='intervention'>
    </field><field name='intervention_type'>Drug</field><field name='intervention_name'>Estrogen</field><field name='description'>The Alzheimer's Disease Education and Referral (ADEAR) Center is a service of the National Institute on Aging (NIA).</field><field name='eligibility'>
    </field><field name='criteria'>
      </field><field name='gender'>Female</field><field name='minimum_age'>60 Years</field><field name='maximum_age'>N/A</field></doc></add>