<add><doc><field name='clinical_study'>
  
  </field><field name='required_header'>
    </field><field name='download_date'>ClinicalTrials.gov processed this data on September 16, 2022</field><field name='link_text'>Link to the current ClinicalTrials.gov record.</field><field name='url'>https://clinicaltrials.gov/show/NCT00000530</field><field name='id_info'>
    </field><field name='org_study_id'>73</field><field name='nct_id'>NCT00000530</field><field name='brief_title'>Raynaud's Treatment Study (RTS)</field><field name='sponsors'>
    </field><field name='lead_sponsor'>
      </field><field name='agency'>National Heart, Lung, and Blood Institute (NHLBI)</field><field name='agency_class'>NIH</field><field name='source'>National Heart, Lung, and Blood Institute (NHLBI)</field><field name='brief_summary'>
    </field><field name='textblock'>
      To determine the relative efficacy of usual medical care and a course of treatment by thermal
      biofeedback in reducing vasospastic attacks characteristic of Raynaud's syndrome. Also, to
      confirm the frequency and severity of attacks, examine the role of psychophysiological
      factors in precipitating attacks, and assess the influence of treatment on health quality of
      life.
    </field><field name='textblock'>
      BACKGROUND:

      Primary Raynaud's phenomenon is a peripheral vascular disorder resulting in vasospastic
      attacks provoked by cold and/or emotional stress. Attacks most often occur in the fingers,
      but may occur in other extremities as well.

      DESIGN NARRATIVE:

      Randomized. Patients were assigned to one of four treatment groups: slow release Nifedipine,
      a calcium channel blocker; pill placebo; temperature biofeedback; or electromyograph
      biofeedback from the frontalis muscle. The primary endpoint was reduction in number of
      vasospastic attacks. Other endpoints included: other measures of Raynaud's attacks including
      frequency, severity, duration, response to laboratory-based cold challenge, and quality of
      life.
    </field><field name='textblock'>
        Men and women with documented primary or secondary Raynaud's syndrome.
      </field><field name='overall_status'>Completed</field><field name='start_date'>September 1992</field><field name='completion_date'>June 1998</field><field name='phase'>Phase 3</field><field name='study_type'>Interventional</field><field name='has_expanded_access'>No</field><field name='study_design_info'>
    </field><field name='allocation'>Randomized</field><field name='primary_purpose'>Treatment</field><field name='condition'>Cardiovascular Diseases</field><field name='condition'>Heart Diseases</field><field name='condition'>Raynaud's Disease</field><field name='condition'>Vascular Diseases</field><field name='intervention'>
    </field><field name='intervention'>
    </field><field name='intervention'>
    </field><field name='intervention_type'>Drug</field><field name='intervention_type'>Behavioral</field><field name='intervention_type'>Procedure</field><field name='intervention_name'>nifedipine</field><field name='intervention_name'>biofeedback (psychology)</field><field name='intervention_name'>electromyography</field><field name='eligibility'>
    </field><field name='criteria'>
      </field><field name='gender'>All</field><field name='minimum_age'>18 Years</field><field name='maximum_age'>75 Years</field></doc></add>