<add><doc><field name='clinical_study'>
  
  </field><field name='required_header'>
    </field><field name='download_date'>ClinicalTrials.gov processed this data on September 16, 2022</field><field name='link_text'>Link to the current ClinicalTrials.gov record.</field><field name='url'>https://clinicaltrials.gov/show/NCT00000547</field><field name='id_info'>
    </field><field name='org_study_id'>91</field><field name='nct_id'>NCT00000547</field><field name='brief_title'>Enalapril After Anthracycline Cardiotoxicity</field><field name='sponsors'>
    </field><field name='lead_sponsor'>
      </field><field name='agency'>National Heart, Lung, and Blood Institute (NHLBI)</field><field name='agency_class'>NIH</field><field name='source'>National Heart, Lung, and Blood Institute (NHLBI)</field><field name='brief_summary'>
    </field><field name='textblock'>
      To determine if the chronic administration of enalapril, an inhibitor of angiotensin
      converting enzyme (ACE), reduces progression of cardiac dysfunction in pediatric oncology
      patients who have received anthracyclines, and who are not currently on digoxin, diuretics,
      or vasodilators for heart failure.
    </field><field name='textblock'>
      BACKGROUND:

      Pediatric oncology patients who have been treated with anthracycline therapy as a part of
      their chemotherapeutic regimen often subsequently develop left ventricular failure. The
      optimal medical management is not known. This trial will be the first to provide
      comprehensive data on a well characterized population regarding the role of afterload
      reduction using enalapril to treat ventricular dysfunction after anthracycline chemotherapy

      DESIGN NARRATIVE:

      Randomized, double-blind. Randomization was stratified by total anthracycline dose, follow-up
      time from treatment, and age at time of treatment. All patients received the following
      baseline tests: Maximal Cardiac Index (MCI) on cycle ergometry; echocardiogram/Doppler
      determined left ventricular end systolic wall stress (ESWS); gated nuclear angiography (GNA)
      to determine left ventricular ejection fraction; Holter monitoring for 24 hour ECG
      monitoring. Patients were randomized to either enalapril or placebo. Follow-up visits were
      conducted to ensure compliance and screen for side effects. MCI and ESWS were measured twice
      yearly, while all four tests were repeated at the conclusion of the trial, after four to five
      years of treatment. The primary outcome variables were the rate of decline in MCI and the
      rate of increase in ESWS. Secondary outcomes were the change in left ventricular ejection
      fraction and the incidence of arrhythmias. A second aim of the study was to develop an
      algorithm to determine indications for enalapril use if the study succeeded in showing a
      treatment effect. This required modeling the probability of cardiac dysfunction given patient
      characteristics at treatment, treatment type, cardiac status during treatment and at
      follow-up, and the development of cost effectiveness and medical decision making models
      testing the proposed algorithm.

      The study completion date listed in this record was obtained from the "Completed Date"
      entered in the Query View Report System (QVR).
    </field><field name='textblock'>
        Boy and girl pediatric oncology patients, at least two years off treatment, with some
        cardiac dysfunction, but not congestive heart failure, after receiving anthracyclines.
        Patients were not on digoxin, diuretics, or vasodilators for heart failure.
      </field><field name='overall_status'>Completed</field><field name='start_date'>April 1994</field><field name='completion_date'>February 2001</field><field name='phase'>Phase 3</field><field name='study_type'>Interventional</field><field name='has_expanded_access'>No</field><field name='study_design_info'>
    </field><field name='allocation'>Randomized</field><field name='primary_purpose'>Treatment</field><field name='masking'>Double</field><field name='condition'>Cardiovascular Diseases</field><field name='condition'>Heart Diseases</field><field name='condition'>Heart Failure</field><field name='condition'>Myocardial Diseases</field><field name='intervention'>
    </field><field name='intervention_type'>Drug</field><field name='intervention_name'>enalapril</field><field name='eligibility'>
    </field><field name='criteria'>
      </field><field name='gender'>All</field><field name='minimum_age'>1 Year</field><field name='maximum_age'>17 Years</field></doc></add>