<add><doc><field name='clinical_study'>
  
  </field><field name='required_header'>
    </field><field name='download_date'>ClinicalTrials.gov processed this data on September 16, 2022</field><field name='link_text'>Link to the current ClinicalTrials.gov record.</field><field name='url'>https://clinicaltrials.gov/show/NCT00000273</field><field name='id_info'>
    </field><field name='org_study_id'>#4857/5982R</field><field name='nct_id'>NCT00000273</field><field name='brief_title'>A Laboratory Model for Heroin Abuse Medications - 8</field><field name='official_title'>A Laboratory Model for Heroin Abuse Medications</field><field name='sponsors'>
    </field><field name='lead_sponsor'>
      </field><field name='agency'>New York State Psychiatric Institute</field><field name='agency'>National Institute on Drug Abuse (NIDA)</field><field name='agency_class'>Other</field><field name='agency_class'>NIH</field><field name='source'>New York State Psychiatric Institute</field><field name='oversight_info'>
    </field><field name='is_fda_regulated_drug'>Yes</field><field name='is_fda_regulated_device'>No</field><field name='brief_summary'>
    </field><field name='textblock'>
      The purpose of this study is to evaluate the effects of treatment medications (methadone,
      buprenorphine, LAAM, naltrexone, naltrexone microcapsules, and methoclocinnamox) on I.V. and
      smoked heroin self-administration."
    </field><field name='textblock'>
      Abuse of prescription opioid medications has increased dramatically in the U.S. during the
      past decade, as indicated by a variety of epidemiological sources. However, few studies have
      systematically examined the relative reinforcing effects of commonly abused opioid
      medications. The current inpatient study was designed to compare the effects of intravenously
      delivered fentanyl , oxycodone, morphine, buprenorphine and heroin in morphine-maintained
      heroin abusers. All of the participants received all of the drugs tested; drugs and doses
      were administered in non-systematic order.
    </field><field name='textblock'>
        Inclusion Criterion

          1. DSM IV criteria for opioid dependence

          2. No major mood, psychotic, or anxiety disorder

          3. Physically healthy

          4. Able to perform study procedures

          5. 21-45 years of age

          6. Current use of i.v. heroin in amounts/frequencies

          7. Not seeking treatment for opioid dependence

        Exclusion Criterion

          1. DSM IV criteria for dependence on drugs other

          2. Participants requesting treatment

          3. Participants on parole or probation

          4. Pregnancy or lactation

          5. Birth, miscarriage or abortion with 6 months

          6. Recent history of or current significant violent behavior

          7. Current major Axis I psychopathology, other than heroin dependence ( e.g., mood
             disorder with functional impairment or suicide risk, schizophrenia), which might
             interfere with ability to participate in the study

          8. Hepatitis with SGOT or SGPT > 3 times normal

          9. Significant suicide risk

         10. Current or history of chronic pain

         11. Sensitivity, allergy, or contraindication to opioids
      </field><field name='overall_status'>Completed</field><field name='start_date'>August 1995</field><field name='completion_date'>November 2005</field><field name='primary_completion_date'>November 2005</field><field name='phase'>Phase 2</field><field name='study_type'>Interventional</field><field name='has_expanded_access'>No</field><field name='study_design_info'>
    </field><field name='allocation'>N/A</field><field name='intervention_model'>Single Group Assignment</field><field name='primary_purpose'>Treatment</field><field name='masking'>None (Open Label)</field><field name='primary_outcome'>
    </field><field name='measure'>Amount drug self-administered</field><field name='measure'>Subjective responses</field><field name='time_frame'>90 minutes</field><field name='time_frame'>90 min</field><field name='description'>All of the participants received all of the drugs tested; drugs and doses were administered in non-systematic order. Participants were instructed to choose between the dose that they had received during the sample session or another reward..</field><field name='description'>Four questionnaires were used to assess subjective effects</field><field name='description'>Opiate-dependent individuals who were currently not seeking treatment for their drug use, completed the 6-week protocol.</field><field name='description'>prescription opioids</field><field name='number_of_arms'>1</field><field name='enrollment'>8</field><field name='condition'>Heroin Dependence</field><field name='condition'>Opioid-Related Disorders</field><field name='condition'>Substance-Related Disorders</field><field name='arm_group'>
    </field><field name='arm_group_label'>Opiates</field><field name='arm_group_label'>Opiates</field><field name='arm_group_type'>Experimental</field><field name='intervention'>
    </field><field name='intervention_type'>Drug</field><field name='intervention_name'>opiates</field><field name='description'>All of the participants received all of the drugs tested; drugs and doses were administered in non-systematic order. Participants were instructed to choose between the dose that they had received during the sample session or another reward..</field><field name='description'>Four questionnaires were used to assess subjective effects</field><field name='description'>Opiate-dependent individuals who were currently not seeking treatment for their drug use, completed the 6-week protocol.</field><field name='description'>prescription opioids</field><field name='arm_group_label'>Opiates</field><field name='arm_group_label'>Opiates</field><field name='eligibility'>
    </field><field name='criteria'>
      </field><field name='gender'>All</field><field name='minimum_age'>18 Years</field><field name='maximum_age'>45 Years</field></doc></add>