<add><doc><field name='clinical_study'>
  
  </field><field name='required_header'>
    </field><field name='download_date'>ClinicalTrials.gov processed this data on September 16, 2022</field><field name='link_text'>Link to the current ClinicalTrials.gov record.</field><field name='url'>https://clinicaltrials.gov/show/NCT00000499</field><field name='id_info'>
    </field><field name='org_study_id'>18</field><field name='nct_id'>NCT00000499</field><field name='brief_title'>Systolic Hypertension in the Elderly Program (SHEP) (Pilot Study)</field><field name='sponsors'>
    </field><field name='lead_sponsor'>
      </field><field name='agency'>National Heart, Lung, and Blood Institute (NHLBI)</field><field name='agency'>National Institute on Aging (NIA)</field><field name='agency_class'>NIH</field><field name='agency_class'>NIH</field><field name='source'>National Heart, Lung, and Blood Institute (NHLBI)</field><field name='brief_summary'>
    </field><field name='textblock'>
      The SHEP Pilot Study had six objectives, each designed to develop and test critical
      components of a full scale trial directed at the health consequences of treating isolated
      systolic hypertension (ISH) in the elderly.

      l. To estimate and compare the yield of participants for randomization into a clinical trial
      from various community groups using various recruitment techniques.

      2. To estimate compliance with the visit schedule and to the prescribed double-blind
      regimens.

      3. To estimate and compare the effectiveness of specified antihypertensive medications in
      reducing the blood pressure.

      4. To estimate and compare the unwanted effects of specified antihypertensive medication in
      an elderly population.

      5. To evaluate the feasibility and effectiveness of periodic behavioral assessment in this
      population.

      6. To develop and test methods of ascertaining stroke and other disease endpoints.
    </field><field name='textblock'>
      BACKGROUND:

      Isolated systolic hypertension, defined as systolic blood pressure of 140 mm Hg or greater
      with a diastolic blood pressure below 90 mm Hg, is known to be associated with an increase of
      risk of coronary heart disease and stroke. The HANES I group estimated that isolated systolic
      hypertension, uncommon under 54 years of age, occurred in 5 percent to 10 percent of adults
      over 55 years and was less common than systolic-diastolic elevation. Evidence was not readily
      available that there was effective and safe therapy to correct isolated systolic
      hypertension. At that time, there was no body of clinical or research data that conclusively
      proved that such therapy, if available, was beneficial.

      Several groups had expressed interest in a clinical trial on systolic hypertension in the
      elderly. Among these were the House Select Committee on Aging, a Blue-Ribbon Panel on
      Hypertension in the Elderly, Citizens for the Treatment of High Blood Pressure, panels and
      experts associated with the National High Blood Pressure Education Program, the National
      Institute on Aging, the National Institute of Mental Health, and the National Institute of
      Neurological and Communicative Disorders and Stroke.

      A Policy and Data Monitoring Board was appointed to review the protocols for the pilot
      studies as they developed and make recommendations to the Director of NHLBI. The Policy and
      Data Monitoring Board reviewed the accumulated data on April 8, 1983 and recommended to the
      Institute that a full scale trial be implemented. The recommendation was accepted by the
      Director, NHLBI and was presented to the National Heart, Lung, and Blood Advisory Council at
      its meeting in May 1983. A full scale trial was conducted.

      DESIGN NARRATIVE:

      A randomized, double-blind design, with two groups and fixed sample size. The 551
      participants were randomized in a stratified double-blind manner to either chlorthalidone or
      matching placebo in a ratio of 4:l. Subjects failing to reach goal blood pressure were
      randomized a second time to receive one of the following drugs in addition to chlorthalidone:
      reserpine, hydralazine, and metoprolol. Subjects on placebo in Step I who did not achieve
      goal had a corresponding Step II placebo added to their regimen.
    </field><field name='textblock'>
        Men and women, aged 60 or over. Isolated systolic hypertension. Normal diastolic pressure
        of less than 90 mm Hg.
      </field><field name='overall_status'>Completed</field><field name='start_date'>September 1980</field><field name='completion_date'>May 1983</field><field name='phase'>Phase 2</field><field name='study_type'>Interventional</field><field name='has_expanded_access'>No</field><field name='study_design_info'>
    </field><field name='allocation'>Randomized</field><field name='primary_purpose'>Treatment</field><field name='masking'>Double</field><field name='condition'>Cardiovascular Diseases</field><field name='condition'>Heart Diseases</field><field name='condition'>Hypertension</field><field name='condition'>Vascular Diseases</field><field name='intervention'>
    </field><field name='intervention'>
    </field><field name='intervention'>
    </field><field name='intervention'>
    </field><field name='intervention_type'>Drug</field><field name='intervention_type'>Drug</field><field name='intervention_type'>Drug</field><field name='intervention_type'>Drug</field><field name='intervention_name'>chlorthalidone</field><field name='intervention_name'>reserpine</field><field name='intervention_name'>hydralazine</field><field name='intervention_name'>metoprolol</field><field name='eligibility'>
    </field><field name='criteria'>
      </field><field name='gender'>All</field><field name='minimum_age'>60 Years</field><field name='maximum_age'>N/A</field></doc></add>