<add><doc><field name='clinical_study'>
  
  </field><field name='required_header'>
    </field><field name='download_date'>ClinicalTrials.gov processed this data on September 16, 2022</field><field name='link_text'>Link to the current ClinicalTrials.gov record.</field><field name='url'>https://clinicaltrials.gov/show/NCT00000287</field><field name='id_info'>
    </field><field name='org_study_id'>NIDA-09259-4</field><field name='nct_id'>NCT00000287</field><field name='brief_title'>Relapse Patterns in Female Cocaine Users - 4</field><field name='official_title'>Relapse Patterns in Female Cocaine Users</field><field name='sponsors'>
    </field><field name='lead_sponsor'>
      </field><field name='agency'>National Institute on Drug Abuse (NIDA)</field><field name='agency'>University of Minnesota</field><field name='agency_class'>NIH</field><field name='agency_class'>Other</field><field name='source'>National Institute on Drug Abuse (NIDA)</field><field name='brief_summary'>
    </field><field name='textblock'>
      The purpose of this study is to pilot a relapse questionnaire and examine relapse patterns in
      female cocaine users.
    </field><field name='textblock'>
      The objectives of this study were to determine the most important antecedent factors in
      relapse episodes and difference in the use of coping skills between relapses and "close
      calls"
    </field><field name='textblock'>
        Inclusion Criteria:

        Female, cocaine abuse or dependency by SCIS, at least 7 days of current abstinence, cocaine
        use of 8 out of 30 days prior to current abstinence, ages 18-60.

        Exclusion Criteria:

        Inability to participate in a 90 day longitudinal study
      </field><field name='overall_status'>Completed</field><field name='start_date'>February 1995</field><field name='completion_date'>December 2001</field><field name='primary_completion_date'>December 2001</field><field name='study_type'>Observational</field><field name='has_expanded_access'>No</field><field name='enrollment'>0</field><field name='condition'>Cocaine-Related Disorders</field><field name='eligibility'>
    </field><field name='criteria'>
      </field><field name='gender'>Female</field><field name='minimum_age'>18 Years</field><field name='maximum_age'>60 Years</field></doc></add>