<add><doc><field name='clinical_study'>
  
  </field><field name='required_header'>
    </field><field name='download_date'>ClinicalTrials.gov processed this data on September 16, 2022</field><field name='link_text'>Link to the current ClinicalTrials.gov record.</field><field name='url'>https://clinicaltrials.gov/show/NCT00000548</field><field name='id_info'>
    </field><field name='org_study_id'>92</field><field name='nct_id'>NCT00000548</field><field name='brief_title'>Inhaled NO in Prevention of Chronic Lung Disease</field><field name='sponsors'>
    </field><field name='lead_sponsor'>
      </field><field name='agency'>University of California, San Francisco</field><field name='agency'>National Heart, Lung, and Blood Institute (NHLBI)</field><field name='agency_class'>Other</field><field name='agency_class'>NIH</field><field name='source'>University of California, San Francisco</field><field name='brief_summary'>
    </field><field name='textblock'>
      To test the hypothesis that low-dose inhaled nitric oxide administered to preterm infants who
      continue to require mechanical ventilation at 14 days of age will reduce the incidence of
      chronic lung disease.
    </field><field name='textblock'>
      BACKGROUND:

      Respiratory morbidity, particularly chronic lung disease (CLD), remains a major cause of
      long-term morbidity and mortality for preterm infants. Although surfactant replacement has
      decreased acute respiratory morbidity and mortality, it has not reduced the incidence of CLD.
      A number of other approaches, including antenatal thyrotropin releasing hormone in
      conjunction with corticosteroids, postnatal steroid administration, as well as administration
      of Vitamin E, diuretics, and bronchodilators, have not resulted in clinically important
      decreases in CLD. Infants with the most severe CLD go on to develop findings suggestive of
      pulmonary hypertension with cor pulmonale. There is preliminary evidence in the preterm
      infant with severe chronic lung disease that low-dose inhaled nitric oxide may significantly
      attenuate the disease and decrease mortality.

      DESIGN NARRATIVE:

      The multi-center, controlled and blinded trial investigates the hypothesis that low-dose
      inhaled nitric oxide administered to preterm infants between 500 and 1250 grams birth weight
      who continue to require mechanical ventilation at 10 days of age will increase survival
      without chronic lung disease (CLD) at 36 weeks post menstrual age. Secondary outcomes are
      duration of ventilation, oxygen requirement and duration of hospitalization. In addition,
      that there will be expected improvement in infant respiratory status (ventilatory support,
      airway resistance and compliance) associated with inhaled nitric oxide treatment. Indicators
      of inflammation and oxidant stress will be assessed by measurements of specific cytokines and
      protein modifications in tracheal aspirate and plasma samples, respectively. The safety of
      this therapy will be evaluated by assessing toxicity as measured by clinical bleeding,
      including intraventricular hemorrhage as well as the incidence of other morbidities of the
      preterm infant (necrotizing enterocolitis, retinopathy of prematurity and infection) and
      assessing neurodevelopmental outcome through two years of age. A total of 480 infants were
      randomized to either inhaled NO or placebo. In summary, this clinical trial will assess the
      efficacy and safety of inhaled nitric oxide for amelioration of a major disease of premature
      infants.
    </field><field name='textblock'>
        Preterm infants who are 500-1250 grams at birth and who require mechanical ventilation at
        10 to 21 days of age. Exclusions include congenital heart disease or pulmonary
        abnormalities, including a patent ductus arteriosus, ventilation solely for apnea,
        small-for-gestational age, or clinical bleeding.
      </field><field name='overall_status'>Completed</field><field name='start_date'>March 2000</field><field name='completion_date'>February 2006</field><field name='phase'>Phase 3</field><field name='study_type'>Interventional</field><field name='has_expanded_access'>No</field><field name='study_design_info'>
    </field><field name='allocation'>Randomized</field><field name='primary_purpose'>Prevention</field><field name='masking'>Double</field><field name='primary_outcome'>
    </field><field name='measure'>Survival without chronic lung disease (CLD)</field><field name='time_frame'>36 weeks</field><field name='condition'>Bronchopulmonary Dysplasia</field><field name='condition'>Lung Diseases</field><field name='intervention'>
    </field><field name='intervention_type'>Procedure</field><field name='intervention_name'>mechanical ventilation</field><field name='eligibility'>
    </field><field name='criteria'>
      </field><field name='gender'>All</field><field name='minimum_age'>N/A</field><field name='maximum_age'>1 Year</field></doc></add>