<add><doc><field name='clinical_study'>
  
  </field><field name='required_header'>
    </field><field name='download_date'>ClinicalTrials.gov processed this data on September 16, 2022</field><field name='link_text'>Link to the current ClinicalTrials.gov record.</field><field name='url'>https://clinicaltrials.gov/show/NCT00000246</field><field name='id_info'>
    </field><field name='org_study_id'>NIDA-08265-1</field><field name='nct_id'>NCT00000246</field><field name='brief_title'>Rapid Benzodiazepine Detoxification Using Flumazenil - 1</field><field name='official_title'>Rapid Benzodiazepine Detoxification Using Flumazenil</field><field name='sponsors'>
    </field><field name='lead_sponsor'>
      </field><field name='agency'>Yale University</field><field name='agency'>National Institute on Drug Abuse (NIDA)</field><field name='agency_class'>Other</field><field name='agency_class'>NIH</field><field name='source'>Yale University</field><field name='brief_summary'>
    </field><field name='textblock'>
      The purpose of this study is to verify the hypothesis that the benzodiazepine antagonist,
      flumazenil, will reduce acute benzodiazepine withdrawal.
    </field><field name='textblock'>
        Please contact site for information.
      </field><field name='overall_status'>Completed</field><field name='start_date'>January 1993</field><field name='completion_date'>December 1994</field><field name='primary_completion_date'>December 1994</field><field name='phase'>Phase 2</field><field name='study_type'>Interventional</field><field name='has_expanded_access'>No</field><field name='study_design_info'>
    </field><field name='primary_purpose'>Treatment</field><field name='primary_outcome'>
    </field><field name='measure'>Benzodiazepine withdrawal severity</field><field name='enrollment'>10</field><field name='condition'>Substance-Related Disorders</field><field name='intervention'>
    </field><field name='intervention_type'>Drug</field><field name='intervention_name'>Flumazenil</field><field name='eligibility'>
    </field><field name='criteria'>
      </field><field name='gender'>All</field><field name='minimum_age'>N/A</field><field name='maximum_age'>N/A</field></doc></add>