<add><doc><field name='clinical_study'>
  
  </field><field name='required_header'>
    </field><field name='download_date'>ClinicalTrials.gov processed this data on September 16, 2022</field><field name='link_text'>Link to the current ClinicalTrials.gov record.</field><field name='url'>https://clinicaltrials.gov/show/NCT00000115</field><field name='id_info'>
    </field><field name='org_study_id'>NEI-11</field><field name='nct_id'>NCT00000115</field><field name='brief_title'>Randomized Trial of Acetazolamide for Uveitis-Associated Cystoid Macular Edema</field><field name='sponsors'>
    </field><field name='lead_sponsor'>
      </field><field name='agency'>National Eye Institute (NEI)</field><field name='agency_class'>NIH</field><field name='source'>National Eye Institute (NEI)</field><field name='brief_summary'>
    </field><field name='textblock'>
      To test the efficacy of acetazolamide for the treatment of uveitis-associated cystoid macular
      edema.
    </field><field name='textblock'>
      Uveitis, an intraocular inflammatory disease, is the cause of about 10 percent of visual
      impairment in the United States. Uveitis may lead to many sight-threatening conditions,
      including cataract, vitreal opacities, glaucoma, and, most commonly, cystoid macular edema.
      Reduction of swelling or edema within the retina depends on the movement of fluid from the
      retina through the choroid. A number of studies indicate that this process requires active
      transport of fluid ions by the retinal pigment epithelium and may involve the carbonic
      anhydrase system. Current treatment of uveitis-associated cystoid macular edema requires the
      use of immunosuppressive or anti-inflammatory agents. However, many patients are either
      resistant or intolerant to this therapy. Recent reports suggested that acetazolamide, a
      carbonic anhydrase inhibitor that is used to lower intraocular pressure in some glaucoma
      patients, might be safe and effective in reducing uveitis-associated cystoid macular edema.

      Because the course of ocular inflammatory disease can be variable, a double-masked,
      randomized, crossover trial was designed to test the efficacy of acetazolamide compared with
      a placebo for the treatment of uveitis-associated cystoid macular edema. Randomized adult
      patients received either oral acetazolamide sodium 500 mg or a matched placebo every 12 hours
      for the first 4 weeks of the study. Children 8 years of age or older received a lesser dose
      based on body weight. Following a 4-week period, during which no medication was given,
      patients then received a 4-week course of the opposite medication. Primary end points
      included reduction in cystoid macular edema (graded on fluorescein angiography) and
      improvement in visual acuity (measured on standardized Early Treatment Diabetic Retinopathy
      Study [ETDRS] charts). Laser acuity was also assessed as a secondary outcome variable.
      Adverse effects of the acetazolamide therapy were monitored by clinical and laboratory
      examinations.

      A total of 40 patients were recruited for the study. Patients were seen at the beginning of
      the study for baseline measurements and at 4, 8, and 12 weeks after enrollment into the
      study.
    </field><field name='textblock'>
        Males and females 8 years of age or older and weighing at least 35 kg (77 lb) were eligible
        for the study. Patients had to have a best corrected visual acuity of 20/40 or worse in at
        least one eye with cystoid macular edema demonstrable on fluorescein angiography.

        Patients were allowed to receive systemic therapy for their uveitis. Exclusion criteria
        included current use of acetazolamide as part of a therapeutic regimen; a history of
        hypersensitivity reactions to acetazolamide, sulfonamides, or angiography dye; unclear
        ocular media that would obscure fluorescein angiography; macular subretinal
        neovascularization or a macular hole; or inability to take acetazolamide for medical
        reasons.
      </field><field name='overall_status'>Completed</field><field name='start_date'>December 1990</field><field name='completion_date'>June 1994</field><field name='phase'>Phase 2</field><field name='study_type'>Interventional</field><field name='has_expanded_access'>No</field><field name='study_design_info'>
    </field><field name='allocation'>Randomized</field><field name='intervention_model'>Crossover Assignment</field><field name='primary_purpose'>Treatment</field><field name='masking'>Double</field><field name='condition'>Macular Edema, Cystoid</field><field name='intervention'>
    </field><field name='intervention_type'>Drug</field><field name='intervention_name'>Acetazolamide</field><field name='eligibility'>
    </field><field name='criteria'>
      </field><field name='gender'>All</field><field name='minimum_age'>8 Years</field><field name='maximum_age'>N/A</field></doc></add>