<add><doc><field name='clinical_study'>
  
  </field><field name='required_header'>
    </field><field name='download_date'>ClinicalTrials.gov processed this data on September 16, 2022</field><field name='link_text'>Link to the current ClinicalTrials.gov record.</field><field name='url'>https://clinicaltrials.gov/show/NCT00000296</field><field name='id_info'>
    </field><field name='org_study_id'>NIDA-09259-13</field><field name='nct_id'>NCT00000296</field><field name='brief_title'>Role of Metabolites in Nicotine Dependence (4) - 13</field><field name='official_title'>Role of Metabolites in Nicotine Dependence (4)</field><field name='sponsors'>
    </field><field name='lead_sponsor'>
      </field><field name='agency'>National Institute on Drug Abuse (NIDA)</field><field name='agency'>University of Minnesota</field><field name='agency_class'>NIH</field><field name='agency_class'>Other</field><field name='source'>National Institute on Drug Abuse (NIDA)</field><field name='brief_summary'>
    </field><field name='textblock'>
      The purpose of this study is to determine the effects of cotinine with or without a
      transdermal nicotine replacement on tobacco withdrawal symptoms.
    </field><field name='textblock'>
      Previous studies have shown that cotinine, a metabolite of nicotine, antagonizes some of the
      effects of nicotine. One study showed that nicotine eliminates some of the beneficial effects
      of the nicotine patch in reducing withdrawal symptoms. The purpose of this study was to
      replicate and extend these findings and examine the effects of various doses of cotinine base
      compared placebo on withdrawal symptom as well as drug preference among abstinent smokers
      while using the nicotine patch. We hypothesized that cotinine will reduce the beneficial
      effects of the nicotine patch in reducing withdrawal symptoms and that placebo will be
      preferred over cotinine during the forced drug choice period.
    </field><field name='textblock'>
        Inclusion Criteria:

        Male/Female subjects, aged 21-45 years inclusive, with a smoking history of at least 20
        cigarettes daily (greater than or equal to 50) for at lease 1 year. Subject is in good
        health as verified by medical history, screening examination, and screening laboratory
        tests as outlined above. Subject has provided written informed consent to participate in
        the study and is motivated to stop smoking. Subject has experienced at least 4 withdrawal
        symptoms upon abstinence.

        Exclusion Criteria:

        History of myocardial infarction, angina pectoris, sustained or episodic cardiac
        arrhythmias, symptomatic peripheral vascular disease, current peptic ulcer disease or any
        other medical condition which the physician investigator deems inappropriate for subject
        participation. Insulin-dependent diabetes. Pregnant or lactating, or not using adequate
        birth control methods. Requirement of any form of regular psychotropic medication
        (antidepressants, antipsychotics, or anxiolytics) and recent psychiatric history (less than
        1yr). Chronic use of systemic steroids or antihistamines. Abuse of alcohol or any other
        recreation aor prescription drug (more tha 3 drinks per day or 21 drinks per week). Use of
        any other nicotine products, including smokeless tobacco, cigars and nicotine replacement
        products. Inability to fulfill all scheduled visits and examination procedures throughout
        the study period. History of schizophrenia or manic depressive disorder. Recent history of
        other psychiatric illness;less than 1 year since last episode of major depressive episode.
      </field><field name='overall_status'>Completed</field><field name='start_date'>November 1997</field><field name='completion_date'>December 2001</field><field name='phase'>Phase 2</field><field name='study_type'>Interventional</field><field name='has_expanded_access'>No</field><field name='study_design_info'>
    </field><field name='intervention_model'>Crossover Assignment</field><field name='primary_purpose'>Treatment</field><field name='masking'>Double</field><field name='primary_outcome'>
    </field><field name='primary_outcome'>
    </field><field name='primary_outcome'>
    </field><field name='measure'>Subjective effects</field><field name='measure'>Physiological effects</field><field name='measure'>Behavioral</field><field name='enrollment'>0</field><field name='condition'>Tobacco Use Disorder</field><field name='intervention'>
    </field><field name='intervention_type'>Drug</field><field name='intervention_name'>Cotinine fumarate</field><field name='eligibility'>
    </field><field name='criteria'>
      </field><field name='gender'>All</field><field name='minimum_age'>21 Years</field><field name='maximum_age'>45 Years</field></doc></add>