<add><doc><field name='clinical_study'>
  
  </field><field name='required_header'>
    </field><field name='download_date'>ClinicalTrials.gov processed this data on September 16, 2022</field><field name='link_text'>Link to the current ClinicalTrials.gov record.</field><field name='url'>https://clinicaltrials.gov/show/NCT00000149</field><field name='id_info'>
    </field><field name='org_study_id'>NEI-50</field><field name='nct_id'>NCT00000149</field><field name='brief_title'>Collaborative Initial Glaucoma Treatment Study (CIGTS)</field><field name='sponsors'>
    </field><field name='lead_sponsor'>
      </field><field name='agency'>National Eye Institute (NEI)</field><field name='agency_class'>NIH</field><field name='source'>National Eye Institute (NEI)</field><field name='brief_summary'>
    </field><field name='textblock'>
      To compare the long-term effect of treating newly diagnosed open-angle glaucoma with standard
      medical treatment versus filtration surgery.
    </field><field name='textblock'>
      Recent studies have challenged the conventional wisdom of treating all newly diagnosed
      open-angle glaucoma (OAG) with eyedrops; rather, these studies suggest that more effective
      control of glaucomatous damage can be obtained by immediate filtration surgery. In addition,
      increased attention to the impact of therapy on health-related quality of life has added
      another consideration in deciding upon appropriate treatment of such patients.

      The Collaborative Initial Glaucoma Treatment Study (CIGTS), a randomized, controlled clinical
      trial, is being conducted to determine whether patients with newly diagnosed OAG are best
      managed by the conventional approach of topical pharmacologic agents or by immediate
      filtration surgery. Eligible patients were randomized to receive either a stepped medication
      treatment regimen or filtration surgery to control their OAG. Sample size requirements
      indicated that 300 patients were needed for each treatment approach; a total of 607 patients
      were ultimately recruited for the CIGTS.

      Patients randomized to the medication treatment arm are receiving a stepped regimen of
      topical medications, beginning with a single agent (typically a beta blocker), with
      additional medications added upon documented lack of intraocular pressure control or evidence
      of progressive visual field loss. If medications fail to control the patient's OAG, a series
      of treatment steps begin with argon laser trabeculoplasty and conclude with trabeculectomy.

      In the surgical treatment arm, patients underwent immediate trabeculectomy and, with
      documented failure, proceed to argon laser trabeculectomy, then conclude with medications.
      Patients, rather than eyes, are randomized to the two treatment arms; if both eyes are
      eligible for treatment, the treatment course for both eyes is the same and was determined in
      the randomization.

      Following randomization, participating community ophthalmologists affiliated with the study
      have been allowed to manage the medical and surgical care of study patients. However, all
      patients are seen at the Clinical Centers for standardized followup examinations at 3 and 6
      months after treatment and every 6 months thereafter; in addition, patients randomized to the
      surgical arm will receive, at a minimum, postsurgical followup at 1 day, 1 week, and 1 month.
      At the Clinical Center visits, examination of the eye(s) includes evaluation of visual
      acuity, visual field, and intraocular pressure. The results of these tests determine whether
      treatment should be changed. In addition, before and at regular intervals after treatment,
      patients are being interviewed by telephone to assess their health-related quality of life. A
      questionnaire that includes the Sickness Impact Profile, Visual Activities Questionnaire, and
      other components is being used.
    </field><field name='textblock'>
        Patients must be at least 25 years old with an intraocular pressure of 20 mm Hg or greater
        and evidence of optic nerve damage and/or visual field loss in one or both eyes. The ocular
        findings must exclude causes of glaucoma other than primary open-angle glaucoma, pigmentary
        glaucoma, or pseudoexfoliation glaucoma.
      </field><field name='overall_status'>Unknown status</field><field name='start_date'>October 1993</field><field name='phase'>Phase 3</field><field name='study_type'>Interventional</field><field name='has_expanded_access'>No</field><field name='study_design_info'>
    </field><field name='allocation'>Randomized</field><field name='primary_purpose'>Treatment</field><field name='condition'>Open-Angle Glaucoma</field><field name='intervention'>
    </field><field name='intervention'>
    </field><field name='intervention'>
    </field><field name='intervention_type'>Drug</field><field name='intervention_type'>Procedure</field><field name='intervention_type'>Procedure</field><field name='intervention_name'>Beta Blocker</field><field name='intervention_name'>Trabeculectomy</field><field name='intervention_name'>Argon Laser Trabeculoplasty</field><field name='eligibility'>
    </field><field name='criteria'>
      </field><field name='gender'>All</field><field name='minimum_age'>25 Years</field><field name='maximum_age'>75 Years</field></doc></add>