<add><doc><field name='clinical_study'>
  
  </field><field name='required_header'>
    </field><field name='download_date'>ClinicalTrials.gov processed this data on September 16, 2022</field><field name='link_text'>Link to the current ClinicalTrials.gov record.</field><field name='url'>https://clinicaltrials.gov/show/NCT00000483</field><field name='id_info'>
    </field><field name='org_study_id'>2</field><field name='nct_id'>NCT00000483</field><field name='brief_title'>Coronary Drug Project Mortality Surveillance</field><field name='sponsors'>
    </field><field name='lead_sponsor'>
      </field><field name='agency'>National Heart, Lung, and Blood Institute (NHLBI)</field><field name='agency_class'>NIH</field><field name='source'>National Heart, Lung, and Blood Institute (NHLBI)</field><field name='brief_summary'>
    </field><field name='textblock'>
      To determine whether there were any long term sequelae of the drugs used in the Coronary Drug
      Project (estrogens, dextrothyroxine, nicotinic acid, clofibrate).
    </field><field name='textblock'>
      BACKGROUND:

      Three of the CDP treatments (two doses of estrogen and dextrothyroxine) were stopped
      prematurely because of toxicity. At the time the treatments were stopped, it was thought that
      future assessment of the status of patients on those treatments would be important to
      evaluate long-term sequellae. Another clinical trial evaluating clofibrate for primary
      prevention found that more patients on that treatment than on placebo had died. This effect
      persisted even after the treatment was stopped. Therefore, it was considered necessary to
      follow the CDP patients on clofibrate.

      Of the original 834l patients, about 6000 were still alive in March l975. Cause-specific
      mortality in those patients was assessed through March l980.

      DESIGN NARRATIVE:

      The vital status of the subjects known to be alive at the end of the CDP in March l975 was
      assessed as of March l980. This was accomplished through questioning the local investigators,
      letters to the subjects, and by use of Social Security Administration and National Death
      Index records.

      The study completion date listed in this record was obtained from the Query/View/Report (QVR)
      System.
    </field><field name='textblock'>
        No eligibility criteria
      </field><field name='overall_status'>Completed</field><field name='start_date'>June 1981</field><field name='completion_date'>March 1985</field><field name='phase'>N/A</field><field name='study_type'>Interventional</field><field name='has_expanded_access'>No</field><field name='study_design_info'>
    </field><field name='allocation'>Randomized</field><field name='primary_purpose'>Prevention</field><field name='condition'>Cardiovascular Diseases</field><field name='condition'>Coronary Disease</field><field name='condition'>Heart Diseases</field><field name='condition'>Myocardial Infarction</field><field name='condition'>Myocardial Ischemia</field><field name='intervention'>
    </field><field name='intervention'>
    </field><field name='intervention'>
    </field><field name='intervention'>
    </field><field name='intervention_type'>Drug</field><field name='intervention_type'>Drug</field><field name='intervention_type'>Drug</field><field name='intervention_type'>Drug</field><field name='intervention_name'>estrogen</field><field name='intervention_name'>clofibrate</field><field name='intervention_name'>dextrothyroxine sodium</field><field name='intervention_name'>niacin</field><field name='eligibility'>
    </field><field name='criteria'>
      </field><field name='gender'>Male</field><field name='minimum_age'>30 Years</field><field name='maximum_age'>64 Years</field></doc></add>