<add><doc><field name='clinical_study'>
  
  </field><field name='required_header'>
    </field><field name='download_date'>ClinicalTrials.gov processed this data on September 16, 2022</field><field name='link_text'>Link to the current ClinicalTrials.gov record.</field><field name='url'>https://clinicaltrials.gov/show/NCT00000448</field><field name='url'>http://onlinelibrary.wiley.com/doi/10.1111/j.1530-0277.2007.00347.x/abstract;jsessionid=18A7C01A7A320EC10B8553D84B4C4A1F.f02t03</field><field name='id_info'>
    </field><field name='org_study_id'>NIAAAOMA10225</field><field name='nct_id'>NCT00000448</field><field name='brief_title'>Naltrexone Treatment for Alcoholic Women</field><field name='official_title'>Naltrexone: Consummatory Behaviors in Alcoholic Women</field><field name='sponsors'>
    </field><field name='lead_sponsor'>
      </field><field name='agency'>Yale University</field><field name='agency'>National Institute on Alcohol Abuse and Alcoholism (NIAAA)</field><field name='agency_class'>Other</field><field name='agency_class'>NIH</field><field name='source'>Yale University</field><field name='oversight_info'>
    </field><field name='brief_summary'>
    </field><field name='textblock'>
      This study will assess naltrexone's effectiveness in treating alcoholism in women and provide
      information on its potential value in treating eating disorders common among alcoholic women.
      Alcoholic women with and without both eating disorders and depression will be randomly
      assigned to placebo or naltrexone treatment. Each group will receive behavioral therapy for
      12 weeks, with followup 6 months after treatment.
    </field><field name='textblock'>
      Background: Despite important gender differences in drinking patterns, physiological effects
      of alcohol, and co-occurring psychiatric conditions, relatively little is known about the
      efficacy of naltrexone for the treatment of alcohol dependence in women. This study
      investigated the safety and efficacy of naltrexone in combination with Cognitive Behavioral
      Coping Skills Therapy (CBCST) in a sample of alcohol-dependent women, some with comorbid
      eating pathology.

      Methods: One hundred three women meeting DSM-IV criteria for alcohol dependence (29 with
      comorbid eating disturbances) were randomized to receive either naltrexone or placebo for 12
      weeks in addition to weekly group CBCST.
    </field><field name='textblock'>
        Inclusion Criteria:

          -  Meets criteria for alcohol dependence. Abstinent from alcohol for a period of at least
             5 days.

          -  Able to read English and complete study evaluations.

          -  A stable residence and a telephone to ensure that subjects can be located during the
             study.

        Exclusion Criteria:

          -  Meets criteria for dependence on another psychoactive substance besides alcohol or
             nicotine.

          -  Regular use of psychoactive drugs except antidepressants.

          -  Current use of disulfiram (Antabuse).

          -  Psychotic or otherwise severely psychiatrically disabled.

          -  Significant underlying medical conditions such as cerebral, renal, thyroid, or cardiac
             pathology.

          -  Abstinent longer than 30 days prior to admission to program.

          -  Hepatocellular disease or elevated bilirubin levels.

          -  Individuals with present history of opiate abuse or who require the use of opioid
             analgesics.

          -  Women who are pregnant, nursing, or not using a reliable method of birth control.

          -  Women who are significantly overweight or significantly underweight.
      </field><field name='overall_status'>Completed</field><field name='start_date'>October 1995</field><field name='completion_date'>December 2000</field><field name='primary_completion_date'>December 2000</field><field name='phase'>Phase 4</field><field name='study_type'>Interventional</field><field name='has_expanded_access'>No</field><field name='study_design_info'>
    </field><field name='allocation'>Randomized</field><field name='intervention_model'>Parallel Assignment</field><field name='primary_purpose'>Treatment</field><field name='masking'>Double (Participant, Care Provider)</field><field name='primary_outcome'>
    </field><field name='primary_outcome'>
    </field><field name='measure'>Time to first day of drinking</field><field name='measure'>Time to first day of heavy drinking</field><field name='measure'>Percentage of days abstinent</field><field name='measure'>Percentage of heavy drinking days</field><field name='measure'>Beck Depression Index</field><field name='measure'>Obsessive Compulsive Drinking Scale (OCDS)</field><field name='measure'>Eating Disorder Examination (EDE)</field><field name='time_frame'>12 week treatment period</field><field name='time_frame'>12 weeks</field><field name='time_frame'>12 weeks of treatment</field><field name='time_frame'>12 weeks of treatment</field><field name='time_frame'>12 weeks of treatment</field><field name='time_frame'>Baseline, Month 1, 2, 3</field><field name='time_frame'>baseline, month 1, 2, 3</field><field name='description'>Defined as consuming 4 or more drinks during the 12-week period</field><field name='description'>The Beck Depression Inventory (BDI, BDI-1A, BDI-II), created by Dr. Aaron T. Beck, is a 21-question multiple-choice self-report inventory. Higher total scores indicate more severe depressive symptoms. This was administered bi-weekly throughout the treatment period.</field><field name='description'>The OCDS was developed to reflect obsessionality and compulsivity related to craving and drinking behavior.</field><field name='description'>The Eating Disorder Examination Interview (EDE) devised by Cooper & Fairburn (1987) is a semi-structured interview conducted by a clinician in the assessment of an eating disorder. The questions concern the frequency in which the patient engages in behaviors indicative of an eating disorder over a 28 day period. The test is scored on a 7 point scale from 0-6. With a zero score indicating not having engaged in the questioned behavior.</field><field name='description'>Subjects were given an inert placebo for 2 days, followed by daily doses of matching placebo for a total of 12 weeks.</field><field name='description'>Subjects were prescribed 25 mg naltrexone for 2 days, followed by daily doses of 50 mg of naltrexone for a total of 12 weeks.</field><field name='description'>Naltrexone is an opioid receptor antagonist used primarily in the management of alcohol dependence and opioid dependence.</field><field name='description'>A placebo is a simulated or otherwise medically ineffectual treatment for a disease or other medical condition intended to deceive the recipient.</field><field name='description'>Published paper</field><field name='number_of_arms'>2</field><field name='enrollment'>160</field><field name='condition'>Alcoholism</field><field name='condition'>Eating Disorder</field><field name='arm_group'>
    </field><field name='arm_group'>
    </field><field name='arm_group_label'>Placebo</field><field name='arm_group_label'>Naltrexone</field><field name='arm_group_label'>Naltrexone</field><field name='arm_group_label'>Placebo</field><field name='arm_group_type'>Placebo Comparator</field><field name='arm_group_type'>Experimental</field><field name='intervention'>
    </field><field name='intervention'>
    </field><field name='intervention_type'>Drug</field><field name='intervention_type'>Drug</field><field name='intervention_name'>naltrexone</field><field name='intervention_name'>Placebo</field><field name='description'>Defined as consuming 4 or more drinks during the 12-week period</field><field name='description'>The Beck Depression Inventory (BDI, BDI-1A, BDI-II), created by Dr. Aaron T. Beck, is a 21-question multiple-choice self-report inventory. Higher total scores indicate more severe depressive symptoms. This was administered bi-weekly throughout the treatment period.</field><field name='description'>The OCDS was developed to reflect obsessionality and compulsivity related to craving and drinking behavior.</field><field name='description'>The Eating Disorder Examination Interview (EDE) devised by Cooper & Fairburn (1987) is a semi-structured interview conducted by a clinician in the assessment of an eating disorder. The questions concern the frequency in which the patient engages in behaviors indicative of an eating disorder over a 28 day period. The test is scored on a 7 point scale from 0-6. With a zero score indicating not having engaged in the questioned behavior.</field><field name='description'>Subjects were given an inert placebo for 2 days, followed by daily doses of matching placebo for a total of 12 weeks.</field><field name='description'>Subjects were prescribed 25 mg naltrexone for 2 days, followed by daily doses of 50 mg of naltrexone for a total of 12 weeks.</field><field name='description'>Naltrexone is an opioid receptor antagonist used primarily in the management of alcohol dependence and opioid dependence.</field><field name='description'>A placebo is a simulated or otherwise medically ineffectual treatment for a disease or other medical condition intended to deceive the recipient.</field><field name='description'>Published paper</field><field name='arm_group_label'>Placebo</field><field name='arm_group_label'>Naltrexone</field><field name='arm_group_label'>Naltrexone</field><field name='arm_group_label'>Placebo</field><field name='eligibility'>
    </field><field name='criteria'>
      </field><field name='gender'>Female</field><field name='minimum_age'>18 Years</field><field name='maximum_age'>50 Years</field></doc></add>