<add><doc><field name='clinical_study'>
  
  </field><field name='required_header'>
    </field><field name='download_date'>ClinicalTrials.gov processed this data on September 16, 2022</field><field name='link_text'>Link to the current ClinicalTrials.gov record.</field><field name='url'>https://clinicaltrials.gov/show/NCT00000373</field><field name='id_info'>
    </field><field name='org_study_id'>R01MH045802</field><field name='nct_id'>NCT00000373</field><field name='brief_title'>Treatment of Obsessive-Compulsive Disorder</field><field name='official_title'>Neurobiology/Treatment of Obsessive-Compulsive Disorder</field><field name='sponsors'>
    </field><field name='lead_sponsor'>
      </field><field name='agency'>University of Florida</field><field name='agency'>National Institute of Mental Health (NIMH)</field><field name='agency_class'>Other</field><field name='agency_class'>NIH</field><field name='source'>University of Florida</field><field name='oversight_info'>
    </field><field name='brief_summary'>
    </field><field name='textblock'>
      The purpose of this study is to find the best treatment for Tourette's Syndrome (TS)-spectrum
      obsessive-compulsive disorder (OCD), which includes symptoms of TS, e.g., repeated and
      involuntary body movements (tics).

      There are 2 parts to this study: In Part 1, patients are placed into 1 of 2 groups based on
      type of OCD, determined by medical history and family member interviews. In Part 2, patients
      are treated with fluvoxamine (FVX) for 8 weeks. If patients do not respond to FVX alone,
      either haloperidol or an inactive placebo will be added to the FVX regimen; patients will
      take this drug combination for 4 weeks. Patients will be monitored throughout the trial.
    </field><field name='textblock'>
      To advance the neurobiology and treatment of obsessive-compulsive disorder (OCD) by focusing
      on Tourette's Syndrome (TS)-spectrum OCD as a possible homogeneous form of OCD, and
      investigating the relevance of intact 5-hydroxytryptamine (5-HT) function to the mechanism of
      anti-OC drug action. The validity of TS-spectrum OCD as a distinct subtype is assessed using
      a detailed clinical, family, drug treatment response profile in adult OCD patients.

      In Study I, patients are divided prospectively into 2 putative subtypes (TS-spectrum and
      non-TS-spectrum OCD) on the basis of clinical history and direct, structured interviews of
      family members (approximately 400 interviews).

      In Study II, patients enter an 8-week single-blind trial with the potent and selective 5-HT
      reuptake inhibitor fluoxetine (FX). Patients with an incomplete response to FX alone
      (approximately 64 patients) are randomized to a 4-week double-blind trial of FX in
      combination with the dopamine (DA) 2 antagonist olanzapine (OLA) or placebo (PLA).
    </field><field name='textblock'>
        Inclusion criteria required that subjects, ages 14-70 years, have at least a 1-year
        duration of a current Diagnostic and Statistical Manual of Mental Disorders-IV (DSM-IV)
        principal diagnosis of OCD. Furthermore, the OCD had to be defined by a rating of
        "moderate" or greater on the global severity item of the Clinical Global Impressions (CGI)
        scale and have a Yale-Brown Obsessive Compulsive Scale (Y-BOCS) score of 19 or greater.

        Exclusion criteria included primary depression, schizophrenia, or other psychotic
        disorders; active bipolar disorder; abuse of alcohol or other significant substance within
        6 months; increased risk of seizures or history of neurosurgery, encephalitis, or
        significant head trauma; or a significant medical condition, such as heart, liver, or renal
        disease. Subjects with an intelligence quotient of less than 80 as determined with the
        Kaufman Brief Intelligence Test (Kaufman and Kaufman 1990) were excluded.
      </field><field name='overall_status'>Completed</field><field name='start_date'>September 1992</field><field name='completion_date'>July 2003</field><field name='primary_completion_date'>January 2003</field><field name='phase'>Phase 4</field><field name='study_type'>Interventional</field><field name='has_expanded_access'>No</field><field name='study_design_info'>
    </field><field name='allocation'>Randomized</field><field name='intervention_model'>Crossover Assignment</field><field name='primary_purpose'>Treatment</field><field name='masking'>Single (Participant)</field><field name='primary_outcome'>
    </field><field name='measure'>25% reduction in Yale-Brown Obsessive Compulsive Scale (Y-BOCS) score from baseline</field><field name='time_frame'>Baseline, Week s 1, 2, 4, 6, 8, 10, 12, and 14</field><field name='description'>The specific aim was to determine whether combined treatment with fluoxetine plus olanzapine would be more effective than fluoxetine plus placebo in treating OCD subjects who were partial or nonresponders to a prospective, 8-week, open-label trial of fluoxetine.</field><field name='description'>The specific aim was to determine whether combined treatment with fluoxetine plus olanzapine would be more effective than fluoxetine plus placebo in treating OCD subjects who were partial or nonresponders to a prospective, 8-week, open-label trial of fluoxetine.</field><field name='number_of_arms'>2</field><field name='enrollment'>74</field><field name='condition'>Obsessive-Compulsive Disorder</field><field name='arm_group'>
    </field><field name='arm_group'>
    </field><field name='arm_group_label'>olanzapine + fluoxetine</field><field name='arm_group_label'>placebo + fluoxetine</field><field name='arm_group_label'>placebo + fluoxetine</field><field name='arm_group_label'>olanzapine + fluoxetine</field><field name='arm_group_type'>Active Comparator</field><field name='arm_group_type'>Placebo Comparator</field><field name='intervention'>
    </field><field name='intervention'>
    </field><field name='intervention_type'>Drug</field><field name='intervention_type'>Drug</field><field name='intervention_name'>olanzapine + fluoxetine</field><field name='intervention_name'>placebo + fluoxetine</field><field name='description'>The specific aim was to determine whether combined treatment with fluoxetine plus olanzapine would be more effective than fluoxetine plus placebo in treating OCD subjects who were partial or nonresponders to a prospective, 8-week, open-label trial of fluoxetine.</field><field name='description'>The specific aim was to determine whether combined treatment with fluoxetine plus olanzapine would be more effective than fluoxetine plus placebo in treating OCD subjects who were partial or nonresponders to a prospective, 8-week, open-label trial of fluoxetine.</field><field name='arm_group_label'>olanzapine + fluoxetine</field><field name='arm_group_label'>placebo + fluoxetine</field><field name='arm_group_label'>placebo + fluoxetine</field><field name='arm_group_label'>olanzapine + fluoxetine</field><field name='eligibility'>
    </field><field name='criteria'>
      </field><field name='gender'>All</field><field name='minimum_age'>14 Years</field><field name='maximum_age'>70 Years</field></doc></add>