<add><doc><field name='clinical_study'>
  
  </field><field name='required_header'>
    </field><field name='download_date'>ClinicalTrials.gov processed this data on September 16, 2022</field><field name='link_text'>Link to the current ClinicalTrials.gov record.</field><field name='url'>https://clinicaltrials.gov/show/NCT00000317</field><field name='id_info'>
    </field><field name='org_study_id'>#3124</field><field name='nct_id'>NCT00000317</field><field name='brief_title'>Early Phase II Trials for Cocaine Medication Development - 1</field><field name='official_title'>Early Phase II Trials for Cocaine Medication Development</field><field name='sponsors'>
    </field><field name='lead_sponsor'>
      </field><field name='agency'>New York State Psychiatric Institute</field><field name='agency'>National Institute on Drug Abuse (NIDA)</field><field name='agency'>Research Foundation for Mental Hygiene, Inc.</field><field name='agency_class'>Other</field><field name='agency_class'>NIH</field><field name='agency_class'>Other</field><field name='source'>New York State Psychiatric Institute</field><field name='oversight_info'>
    </field><field name='brief_summary'>
    </field><field name='textblock'>
      The purpose of this study is to develop models for early Phase II testing of potential
      medications for cocaine dependence: amoxapine, risperidone and other agents.

      The study was a controlled pilot trial of risperidone in opiate-dependent patients on
      methadone maintenance. The study explored whether risperidone reduced cocaine use, cocaine
      craving, and cocaine subjective effects in patients on methadone maintenance who abused
      cocaine and whether it had an acceptable side effect profile. This
    </field><field name='textblock'>
      This was an 18-week prospective, randomized, placebo-controlled crossover design with placebo
      lead-in phase and terminal placebo phase. After two weeks of single-blind placebo, patients
      were randomly assigned to one of two schedules of medication:

      2 Week Baseline Weeks 1-6 Weeks 7-12 Weeks 13-18 Group 1 placebo risperidone placebo placebo
      Group 2 placebo placebo risperidone placebo

      The first 6-week phase provided an initial double-blind medication-placebo comparison. In the
      second six-week phase (weeks 7-12), patients crossed over to the opposite treatment. During
      weeks 13-18, Group 1 patients remained on placebo while Group 2 patients were tapered from
      risperidone to placebo. For six weeks after the end of the trial, patients were offered
      routine clinical treatment with counseling and psychiatrist visits as needed. Medication
      dosage was titrated upwards on a fixed-flexible schedule to a maximum dose of 4 mg per day.
      Medication began at � mg risperidone for 3 days, then 1 mg for four days, 2 mg per day during
      week 2, 3 mg per day during week 3, and 4 mg per day during weeks 4-6. The titration schedule
      for risperidone in weeks 7-12 was the same as for weeks 1-6. In addition to treatment as
      usual, patients received a modified manual-guided relapse prevention counseling program in
      weekly meetings lasting approximately 20 minutes; these sessions provided cognitive and
      behavioral skills that were found to be helpful to patients in reducing cocaine use.
    </field><field name='textblock'>
        Inclusion:

          1. good standing at methadone maintenance program

          2. DSM-IV criteria for cocaine dependence or abuse

          3. used cocaine at least 4 times in last month

          4. able to give informed consent

        Exclusion criteria

          1. currently meets DSM-IV criteria for Major depression or dysthymia

          2. meets DSM-IV criteria for attention deficit hyperactivity disorder, bipolar disorder,
             schizophrenia or any psychotic disorder

          3. history of seizures

          4. history of allergic reaction to risperidone

          5. chronic organic mental disorder

          6. significant current suicidal risk

          7. pregnancy, lactation or failure to use adequate birth control (for females)

          8. unstable physical disorders that may make participation hazardous

          9. coronary vascular disease

         10. cardiac conduction system disease as indicated by QRS duration >/= 0.11

         11. current use of other prescribed psychotropic medications

         12. history of failure to respond to a previous adequate trial of risperidone

         13. history of neuroleptic malignant syndrome, tardive dyskinesia, or severe
             extrapyramidal reactions to neuroleptic medications

         14. current DSM-IV criteria for another substance dependence other than nicotine.
      </field><field name='overall_status'>Completed</field><field name='start_date'>August 1996</field><field name='completion_date'>July 1999</field><field name='primary_completion_date'>July 1999</field><field name='phase'>Phase 2</field><field name='study_type'>Interventional</field><field name='has_expanded_access'>No</field><field name='study_design_info'>
    </field><field name='allocation'>Randomized</field><field name='intervention_model'>Crossover Assignment</field><field name='primary_purpose'>Treatment</field><field name='masking'>Double (Participant, Investigator)</field><field name='primary_outcome'>
    </field><field name='primary_outcome'>
    </field><field name='primary_outcome'>
    </field><field name='primary_outcome'>
    </field><field name='measure'>Side effects</field><field name='measure'>Craving</field><field name='measure'>Drug use</field><field name='measure'>Retention</field><field name='time_frame'>1x/week for 18 weeks</field><field name='time_frame'>3x/week during 18 weeks of trial</field><field name='time_frame'>3x/week during 18 weeks of trial</field><field name='time_frame'>18 weeks or length of study participation</field><field name='description'>Using the Modified Systemic Assessment for Treatment Emergent Effects the psychiatrist assessed side effects</field><field name='description'>subjective cravings were recorded on the Cocaine craving scale</field><field name='description'>urine drug testing and self reported use on the Substance Use Weekly Inventory</field><field name='description'>duration of individuals in the study.</field><field name='description'>Placebo plus relapse prevention counseling</field><field name='description'>Risperidone (4mg/day) plus relapse prevention counseling</field><field name='description'>Risperidone (4mg/day)</field><field name='description'>Placebo</field><field name='description'>Modified manual guided relapse prevention counseling. Weekly 20 minute sessions consisting of cognitive behavioral skills. Both arms will receive this intervention.</field><field name='number_of_arms'>2</field><field name='enrollment'>31</field><field name='condition'>Cocaine-Related Disorders</field><field name='condition'>Substance-Related Disorders</field><field name='arm_group'>
    </field><field name='arm_group'>
    </field><field name='arm_group_label'>PLacebo</field><field name='arm_group_label'>Risperidone</field><field name='arm_group_label'>Risperidone</field><field name='arm_group_label'>PLacebo</field><field name='arm_group_label'>PLacebo</field><field name='arm_group_label'>Risperidone</field><field name='arm_group_type'>Placebo Comparator</field><field name='arm_group_type'>Experimental</field><field name='intervention'>
    </field><field name='intervention'>
    </field><field name='intervention'>
    </field><field name='intervention_type'>Drug</field><field name='intervention_type'>Drug</field><field name='intervention_type'>Behavioral</field><field name='intervention_name'>Risperidone</field><field name='intervention_name'>Placebo</field><field name='intervention_name'>Relapse prevention counseling</field><field name='description'>Using the Modified Systemic Assessment for Treatment Emergent Effects the psychiatrist assessed side effects</field><field name='description'>subjective cravings were recorded on the Cocaine craving scale</field><field name='description'>urine drug testing and self reported use on the Substance Use Weekly Inventory</field><field name='description'>duration of individuals in the study.</field><field name='description'>Placebo plus relapse prevention counseling</field><field name='description'>Risperidone (4mg/day) plus relapse prevention counseling</field><field name='description'>Risperidone (4mg/day)</field><field name='description'>Placebo</field><field name='description'>Modified manual guided relapse prevention counseling. Weekly 20 minute sessions consisting of cognitive behavioral skills. Both arms will receive this intervention.</field><field name='arm_group_label'>PLacebo</field><field name='arm_group_label'>Risperidone</field><field name='arm_group_label'>Risperidone</field><field name='arm_group_label'>PLacebo</field><field name='arm_group_label'>PLacebo</field><field name='arm_group_label'>Risperidone</field><field name='eligibility'>
    </field><field name='criteria'>
      </field><field name='gender'>All</field><field name='minimum_age'>18 Years</field><field name='maximum_age'>60 Years</field></doc></add>