<add><doc><field name='clinical_study'>
  
  </field><field name='required_header'>
    </field><field name='download_date'>ClinicalTrials.gov processed this data on September 16, 2022</field><field name='link_text'>Link to the current ClinicalTrials.gov record.</field><field name='url'>https://clinicaltrials.gov/show/NCT00000242</field><field name='id_info'>
    </field><field name='org_study_id'>NIDA-07761-1</field><field name='nct_id'>NCT00000242</field><field name='brief_title'>Carbamazepine Treatment of Cocaine Dependence - 1</field><field name='official_title'>Carbamazepine Treatment of Cocaine Dependence</field><field name='sponsors'>
    </field><field name='lead_sponsor'>
      </field><field name='agency'>Medical University of South Carolina</field><field name='agency'>National Institute on Drug Abuse (NIDA)</field><field name='agency_class'>Other</field><field name='agency_class'>NIH</field><field name='source'>Medical University of South Carolina</field><field name='brief_summary'>
    </field><field name='textblock'>
      The purpose of this study is to compare the efficacy of carbamazepine in treatment of
      cocaine-dependence in patients with affective disorders.
    </field><field name='textblock'>
        Please contact site for information.
      </field><field name='overall_status'>Completed</field><field name='start_date'>October 1, 1992</field><field name='completion_date'>January 25, 1997</field><field name='primary_completion_date'>January 25, 1997</field><field name='phase'>Phase 2</field><field name='study_type'>Interventional</field><field name='has_expanded_access'>No</field><field name='study_design_info'>
    </field><field name='primary_purpose'>Treatment</field><field name='primary_outcome'>
    </field><field name='primary_outcome'>
    </field><field name='primary_outcome'>
    </field><field name='primary_outcome'>
    </field><field name='measure'>Severity addiction</field><field name='measure'>Amount of drug use</field><field name='measure'>Affective stability</field><field name='measure'>Medication compliance</field><field name='enrollment'>0</field><field name='condition'>Cocaine-Related Disorders</field><field name='condition'>Substance-Related Disorders</field><field name='intervention'>
    </field><field name='intervention_type'>Drug</field><field name='intervention_name'>Carbamazepine</field><field name='eligibility'>
    </field><field name='criteria'>
      </field><field name='gender'>All</field><field name='minimum_age'>18 Years</field><field name='maximum_age'>65 Years</field></doc></add>