<add><doc><field name='clinical_study'>
  
  </field><field name='required_header'>
    </field><field name='download_date'>ClinicalTrials.gov processed this data on September 16, 2022</field><field name='link_text'>Link to the current ClinicalTrials.gov record.</field><field name='url'>https://clinicaltrials.gov/show/NCT00000229</field><field name='id_info'>
    </field><field name='org_study_id'>NIDA-06969-11</field><field name='nct_id'>NCT00000229</field><field name='brief_title'>Buprenorphine Detox With Two Types of Treatment. BBD II - 11</field><field name='official_title'>Buprenorphine Detox With Two Types of Treatment. BBD II</field><field name='sponsors'>
    </field><field name='lead_sponsor'>
      </field><field name='agency'>University of Vermont</field><field name='agency'>National Institute on Drug Abuse (NIDA)</field><field name='agency_class'>Other</field><field name='agency_class'>NIH</field><field name='source'>University of Vermont</field><field name='brief_summary'>
    </field><field name='textblock'>
      The purpose of this study is to compare overall treatment outcome between behavioral versus
      enhanced behavioral treatment types.
    </field><field name='textblock'>
        Please contact site for information.
      </field><field name='overall_status'>Completed</field><field name='start_date'>October 1995</field><field name='phase'>Phase 2</field><field name='study_type'>Interventional</field><field name='has_expanded_access'>No</field><field name='study_design_info'>
    </field><field name='primary_purpose'>Treatment</field><field name='primary_outcome'>
    </field><field name='primary_outcome'>
    </field><field name='primary_outcome'>
    </field><field name='primary_outcome'>
    </field><field name='primary_outcome'>
    </field><field name='measure'>Drug use</field><field name='measure'>Retention</field><field name='measure'>Weeks abstinent</field><field name='measure'>Weeks continuous abstinence</field><field name='measure'>Overall treatment outcome</field><field name='enrollment'>0</field><field name='condition'>Opioid-Related Disorders</field><field name='intervention'>
    </field><field name='intervention_type'>Drug</field><field name='intervention_name'>Buprenorphine</field><field name='eligibility'>
    </field><field name='criteria'>
      </field><field name='gender'>All</field><field name='minimum_age'>18 Years</field><field name='maximum_age'>N/A</field></doc></add>