<add><doc><field name='clinical_study'>
  
  </field><field name='required_header'>
    </field><field name='download_date'>ClinicalTrials.gov processed this data on September 16, 2022</field><field name='link_text'>Link to the current ClinicalTrials.gov record.</field><field name='url'>https://clinicaltrials.gov/show/NCT00000494</field><field name='id_info'>
    </field><field name='org_study_id'>13</field><field name='nct_id'>NCT00000494</field><field name='brief_title'>Management of Patent Ductus in Premature Infants</field><field name='sponsors'>
    </field><field name='lead_sponsor'>
      </field><field name='agency'>National Heart, Lung, and Blood Institute (NHLBI)</field><field name='agency_class'>NIH</field><field name='source'>National Heart, Lung, and Blood Institute (NHLBI)</field><field name='brief_summary'>
    </field><field name='textblock'>
      To evaluate the effects (up to one year of age) of indomethacin on the clinical course of
      patent ductus arteriosus (PDA) in premature infants (24 hours old or less) and to assess the
      relative merits of indomethacin and surgery in infants with persistent respiratory distress
      who were not treated early with indomethacin. Two concurrent trials were performed.
    </field><field name='textblock'>
      BACKGROUND:

      The incidence of patent ductus arteriosus is higher in premature infants than in full-term
      infants and is highest in premature infants who have respiratory distress syndrome. It is
      generally agreed that intervention in an asymptomatic infant with a small left-to-right shunt
      is unnecessary, since the patent ductus almost invariably closes spontaneously and thus does
      not require surgery. A few infants will demonstrate signs of a large shunt during the course
      of respiratory distress syndrome. Many of these infants will improve with medical management
      of congestive heart failure, but others require surgical closure. A third group of babies
      with respiratory distress have severe progressive pulmonary disease requiring ventilatory
      support. There was disagreement as to whether elimination of the patent ductus in these
      infants resulted in decreased mortality. A variety of therapeutic approaches was being used,
      and there was no convincing evidence of the superiority of one treatment over another.

      DESIGN NARRATIVE:

      Trial A was a randomized, double-blind trial in which indomethacin plus usual medical therapy
      was compared with a placebo plus medical therapy. Where this regimen was unsuccessful, the
      code was broken, and infants who received indomethacin were treated surgically. Infants who
      had received placebo in Trial A were entered, if there were no contraindications to
      indomethacin, into Trial B. In Trial B, infants were randomized to surgery or indomethacin
      therapy. Those in whom indomethacin treatment was unsuccessful were treated surgically. The
      Recruitment and Intervention Phase began in April 1979. All patients were enrolled by March
      31, 1981, and followed for one year after enrollment.
    </field><field name='textblock'>
        Boy and girl premature infants with patent ductus arteriosus. Birth weight of 1,750 grams
        or less. Admitted to participating institution within first 24 hours of life.
      </field><field name='overall_status'>Completed</field><field name='start_date'>September 1978</field><field name='completion_date'>March 1982</field><field name='phase'>Phase 3</field><field name='study_type'>Interventional</field><field name='has_expanded_access'>No</field><field name='study_design_info'>
    </field><field name='allocation'>Randomized</field><field name='primary_purpose'>Treatment</field><field name='masking'>Double</field><field name='condition'>Cardiovascular Diseases</field><field name='condition'>Defect, Congenital Heart</field><field name='condition'>Ductus Arteriosus, Patent</field><field name='condition'>Heart Diseases</field><field name='intervention'>
    </field><field name='intervention'>
    </field><field name='intervention_type'>Drug</field><field name='intervention_type'>Procedure</field><field name='intervention_name'>indomethacin</field><field name='intervention_name'>surgery, cardiovascular</field><field name='eligibility'>
    </field><field name='criteria'>
      </field><field name='gender'>All</field><field name='minimum_age'>N/A</field><field name='maximum_age'>1 Year</field></doc></add>