<add><doc><field name='clinical_study'>
  
  </field><field name='required_header'>
    </field><field name='download_date'>ClinicalTrials.gov processed this data on September 16, 2022</field><field name='link_text'>Link to the current ClinicalTrials.gov record.</field><field name='url'>https://clinicaltrials.gov/show/NCT00000244</field><field name='id_info'>
    </field><field name='org_study_id'>NIDA-08067-1</field><field name='nct_id'>NCT00000244</field><field name='brief_title'>Effects of Dynorphin 1-13 on Heroin Addiction - 1</field><field name='official_title'>Effects of Dynorphin 1-13 on Heroin Addiction</field><field name='sponsors'>
    </field><field name='lead_sponsor'>
      </field><field name='agency'>University of Minnesota</field><field name='agency'>National Institute on Drug Abuse (NIDA)</field><field name='agency_class'>Other</field><field name='agency_class'>NIH</field><field name='source'>University of Minnesota</field><field name='oversight_info'>
    </field><field name='brief_summary'>
    </field><field name='textblock'>
      The purpose of this study is to evaluate the effects of IV dynorphin in humans during acute
      heroin abstinence, in order to determine that dynorphin suppresses acute opiate withdrawal,
      reduces opiate craving, and is safe at doses required to produce the above effects.
    </field><field name='textblock'>
      Randomized double blinded study of the effects of a single IV dose of dynorphin A 1-13 on
      heroin withdrawal in human opiate addicts
    </field><field name='textblock'>
        Inclusion Criteria:

        opiate addict between the ages of 18-55

        Exclusion Criteria:

        Regular abuse of other drugs, unstable medical conditions
      </field><field name='overall_status'>Completed</field><field name='start_date'>August 1994</field><field name='completion_date'>March 1997</field><field name='primary_completion_date'>March 1997</field><field name='phase'>Phase 2</field><field name='study_type'>Interventional</field><field name='has_expanded_access'>No</field><field name='study_design_info'>
    </field><field name='primary_purpose'>Treatment</field><field name='masking'>Double</field><field name='primary_outcome'>
    </field><field name='measure'>Craving scale</field><field name='enrollment'>0</field><field name='condition'>Opioid-Related Disorders</field><field name='condition'>Substance Withdrawal Syndrome</field><field name='intervention'>
    </field><field name='intervention_type'>Drug</field><field name='intervention_name'>Dynorphin 1 - 13</field><field name='eligibility'>
    </field><field name='criteria'>
      </field><field name='gender'>All</field><field name='minimum_age'>18 Years</field><field name='maximum_age'>55 Years</field></doc></add>