<add><doc><field name='clinical_study'>
  
  </field><field name='required_header'>
    </field><field name='download_date'>ClinicalTrials.gov processed this data on September 16, 2022</field><field name='link_text'>Link to the current ClinicalTrials.gov record.</field><field name='url'>https://clinicaltrials.gov/show/NCT00000362</field><field name='id_info'>
    </field><field name='org_study_id'>NIDCD-1159</field><field name='nct_id'>NCT00000362</field><field name='brief_title'>Randomized Study of Two Interventions for Liquid Aspiration: Short-Term and Long-Term Effects</field><field name='sponsors'>
    </field><field name='lead_sponsor'>
      </field><field name='agency'>National Institute on Deafness and Other Communication Disorders (NIDCD)</field><field name='agency_class'>NIH</field><field name='source'>National Institute on Deafness and Other Communication Disorders (NIDCD)</field><field name='brief_summary'>
    </field><field name='textblock'>
      The purpose of this study is to determine whether chin-down posture or use of a thickened
      liquid diet is more effective in the prevention of aspiration and aspiration pneumonia in
      patients with Parkinson's disease and/or dementia. Liquid aspiration is the most common type
      of aspiration in older populations, especially those suffering from debilitation, dementia,
      and depression. Pneumonia may develop as a consequence of aspiration and is the fifth leading
      cause of death in the US among persons age 65 years and over. Current treatment involves
      either use of chin-down position with swallowing or use of thickened liquids in the diet,
      without any clear evidence supporting the use of one treatment over the other. This is a
      Phase III inpatient and/or outpatient study in which all participants will be randomly
      assigned to either the chin-down position or the thickened liquid treatment group based on
      swallowing function during a modified barium swallow. This study is scheduled to recruit
      patients for a three-year period; participation by each individual patient spans no more than
      three months after entry.
    </field><field name='textblock'>
        Inclusion Criteria:

          -  Have dementia or Parkinson's disease and are found to aspirate on thin liquid during a
             set of qualifying swallows.

        Exclusion Criteria:

          -  Have smoked more than a pack of cigarettes per day in the last year.

          -  Drink more than 3 alcoholic beverages per day on a regular basis.

          -  Have had any head and neck cancer treatment.

          -  Have any head and neck anatomic deformities.

          -  Have a history of 20 years or longer of insulin-dependent diabetes.

          -  Have other exclusionary neurologic diagnoses.

          -  Have had pneumonia within 6 weeks of screening.

          -  Currently have a nasogastric tube.

          -  Currently have a tracheotomy.

          -  Are a resident in non-participating nursing home or assisted living environment.

          -  Live alone.

          -  Have no regular care provider present at meals.

          -  Have no Speech-Language Pathologist to provide a 3-month follow-up.
      </field><field name='overall_status'>Terminated</field><field name='completion_date'>January 2006</field><field name='phase'>Phase 3</field><field name='study_type'>Interventional</field><field name='has_expanded_access'>No</field><field name='study_design_info'>
    </field><field name='allocation'>Randomized</field><field name='intervention_model'>Parallel Assignment</field><field name='primary_purpose'>Prevention</field><field name='masking'>None (Open Label)</field><field name='enrollment'>600</field><field name='condition'>Pneumonia, Aspiration</field><field name='intervention'>
    </field><field name='intervention'>
    </field><field name='intervention_type'>Behavioral</field><field name='intervention_type'>Behavioral</field><field name='intervention_name'>Chin-down position</field><field name='intervention_name'>Thickened liquid administration</field><field name='eligibility'>
    </field><field name='criteria'>
      </field><field name='gender'>All</field><field name='minimum_age'>50 Years</field><field name='maximum_age'>95 Years</field></doc></add>