<add><doc><field name='clinical_study'>
  
  </field><field name='required_header'>
    </field><field name='download_date'>ClinicalTrials.gov processed this data on September 16, 2022</field><field name='link_text'>Link to the current ClinicalTrials.gov record.</field><field name='url'>https://clinicaltrials.gov/show/NCT00000587</field><field name='id_info'>
    </field><field name='org_study_id'>307</field><field name='nct_id'>NCT00000587</field><field name='brief_title'>Erythropoietin for Anemia Due to Zidovudine in Human Immunodeficiency Virus Infection</field><field name='sponsors'>
    </field><field name='lead_sponsor'>
      </field><field name='agency'>Thomas Jefferson University</field><field name='agency_class'>Other</field><field name='source'>Thomas Jefferson University</field><field name='brief_summary'>
    </field><field name='textblock'>
      To determine whether administration of human recombinant erythropoietin (REPO) improved or
      eliminated the anemia seen in human immunodeficiency virus (HIV) infected patients after
      therapy with zidovudine (ZDV).
    </field><field name='textblock'>
      BACKGROUND:

      Reports had shown that between 24 and 78 percent of patients with Acquired Immune Deficiency
      Syndrome treated with zidovudine for four to six months developed significant bone marrow
      toxicity, requiring zidovudine dosage alterations, blood transfusions, or cessation of
      therapy. While zidovudine efficacy had been demonstrated in patients with AIDS or ARC, it was
      also evaluated in patients with AIDS-related illness, as well as in asymptomatic HIV-infected
      individuals. The clinically significant zidovudine-induced anemia developing in a substantial
      number of these patient groups and requiring blood transfusions could cause a significant
      drain on the blood supply in the United States.

      The project was part of an Institute-initiated study on the Pathobiology of Bone Marrow
      Suppression in AIDS or AIDS-Related Complex. The concept was approved at the May 1987
      National Heart, Lung, and Blood Advisory Council. The Request for Applications was released
      in December 1987.

      DESIGN NARRATIVE:

      Double-blind, placebo-controlled. Patients received intravenous REPO (1000 IU/kg) or placebo
      twice per week. The five patients in Group A had no transfusion history. The five patients in
      Group B had a history of transfusions. Prior to the study, the authors determined that
      treatment would continue for twelve weeks or until the hemoglobin reached 12.5 g/dl. After
      the twelve week study period, patients were eligible to receive open label erythropoietin
      (500 IU/kg, twice a week). For numerous reasons, recruitment of patients was a major problem
      in this trial. The study originally estimated a total of 64 patients.
    </field><field name='textblock'>
        No eligibility criteria
      </field><field name='overall_status'>Completed</field><field name='start_date'>September 1988</field><field name='completion_date'>January 2005</field><field name='primary_completion_date'>January 2005</field><field name='phase'>Phase 2</field><field name='study_type'>Interventional</field><field name='has_expanded_access'>No</field><field name='study_design_info'>
    </field><field name='allocation'>Randomized</field><field name='primary_purpose'>Treatment</field><field name='masking'>Double</field><field name='condition'>Acquired Immunodeficiency Syndrome</field><field name='condition'>Anemia</field><field name='condition'>Hematologic Diseases</field><field name='condition'>HIV Infections</field><field name='condition'>Blood Disease</field><field name='intervention'>
    </field><field name='intervention_type'>Procedure</field><field name='intervention_name'>erythropoietin, recombinant</field><field name='eligibility'>
    </field><field name='criteria'>
      </field><field name='gender'>All</field><field name='minimum_age'>18 Years</field><field name='maximum_age'>75 Years</field></doc></add>