<add><doc><field name='clinical_study'>
  
  </field><field name='required_header'>
    </field><field name='download_date'>ClinicalTrials.gov processed this data on September 16, 2022</field><field name='link_text'>Link to the current ClinicalTrials.gov record.</field><field name='url'>https://clinicaltrials.gov/show/NCT00000478</field><field name='id_info'>
    </field><field name='org_study_id'>67</field><field name='nct_id'>NCT00000478</field><field name='brief_title'>Asymptomatic Cardiac Ischemia Pilot (ACIP) Study</field><field name='sponsors'>
    </field><field name='lead_sponsor'>
      </field><field name='agency'>National Heart, Lung, and Blood Institute (NHLBI)</field><field name='agency_class'>NIH</field><field name='source'>National Heart, Lung, and Blood Institute (NHLBI)</field><field name='brief_summary'>
    </field><field name='textblock'>
      To assess the feasibility of and test the methodology for a full-scale clinical trial of
      therapies for asymptomatic cardiac ischemia.
    </field><field name='textblock'>
      BACKGROUND:

      Asymptomatic cardiac ischemia, frequently designated as silent myocardial ischemia, refers to
      episodes of objectively demonstrable transient ischemia in the absence of symptoms. Annually,
      more than one million patients suffer acute myocardial infarction. Of the approximately
      700,000 who are discharged alive from the hospital, as many as 180,000 will be asymptomatic
      but have evidence of myocardial ischemia on a pre-discharge exercise test. Asymptomatic
      ischemia has been linked with sudden death or myocardial infarction. It is estimated that in
      the United States over six million patients have chronic, symptomatic coronary heart disease
      and up to three million of these may exhibit transient asymptomatic myocardial ischemia.
      Asymptomatic ischemia is thought to be present in the majority of coronary heart disease
      patients with stable angina pectoris, over 70 percent of all ischemic episodes being
      asymptomatic. Asymptomatic ischemia following myocardial infarction or in the presence of
      chronic stable angina may be associated with substantially increased morbidity and mortality

      Traditionally, treatment of patients with coronary heart disease has been given for and
      guided by patients' symptoms. There was a growing trend toward recognizing asymptomatic
      cardiac ischemia and according it importance equal to that of symptomatic ischemia. Many
      physicians believed that suppression of asymptomatic ischemia in patients with coronary heart
      disease would reduce morbidity and mortality. This was leading to rapidly increasing and
      widespread applications of both medical and revascularization therapies.

      In 1989, there was a lack of knowledge as to the relative efficacy of different treatment
      strategies to control asymptomatic cardiac ischemia. Given the estimated high prevalence of
      asymptomatic cardiac ischemia in patients with coronary heart disease and evidence of
      increased risk of untoward outcome, the public health problem was of sufficient magnitude to
      warrant a pilot study to determine to what extent asymptomatic ischemia could be controlled.
      If the pilot study demonstrated feasibility, a full-scale clinical trial would then be
      considered to evaluate the impact of effective treatment of asymptomatic ischemia on survival
      and cardiovascular morbidity in patients with coronary heart disease.

      DESIGN NARRATIVE:

      A total of 1,959 patients were screened by AECG monitoring; 49 percent had asymptomatic
      ischemia, and 65 percent were enrolled in the study. The 618 patients were randomized to one
      of the three treatment strategies: 202 to angina-guided medical strategy with titration of
      anti-ischemic medication to relieve angina; 202 to angina-guided plus AECG ischemia-guided
      medical strategy with titration of anti-ischemic medication to eliminate both angina and AECG
      ischemia; and 212 to revascularization by angioplasty or bypass surgery. Patients able to
      take either beta-adrenergic blocking agents or calcium antagonists were also randomized to
      receive one of two medical combination regimens: atenolol plus nifedipine or diltiazem plus
      isosorbide dinitrate. Those who could be treated with only one regimen, such as asthmatic
      patients, were assigned to the appropriate regimen. The primary outcome was the absence of
      ischemia at twelve weeks. Recruitment ended in January 1993. Clinical based follow-up was
      completed for 18 months and survival status free of MI was completed for 24 months
    </field><field name='textblock'>
        Men aand women with angiographically documented coronary artery disease, ischemia on both
        stress (exercise) testing and 48-hour ambulatory electrocardiogram monitoring, and who were
        amenable to revascularization.
      </field><field name='overall_status'>Completed</field><field name='start_date'>November 1990</field><field name='completion_date'>June 1997</field><field name='phase'>Phase 3</field><field name='study_type'>Interventional</field><field name='has_expanded_access'>No</field><field name='study_design_info'>
    </field><field name='allocation'>Randomized</field><field name='primary_purpose'>Treatment</field><field name='condition'>Cardiovascular Diseases</field><field name='condition'>Coronary Disease</field><field name='condition'>Heart Diseases</field><field name='condition'>Myocardial Ischemia</field><field name='intervention'>
    </field><field name='intervention'>
    </field><field name='intervention'>
    </field><field name='intervention'>
    </field><field name='intervention'>
    </field><field name='intervention'>
    </field><field name='intervention_type'>Drug</field><field name='intervention_type'>Drug</field><field name='intervention_type'>Drug</field><field name='intervention_type'>Drug</field><field name='intervention_type'>Procedure</field><field name='intervention_type'>Procedure</field><field name='intervention_name'>atenolol</field><field name='intervention_name'>nifedipine</field><field name='intervention_name'>diltiazem</field><field name='intervention_name'>isosorbide dinitrate</field><field name='intervention_name'>coronary artery bypass coronary artery bypass</field><field name='intervention_name'>angioplasty, transluminal, percutaneous coronary</field><field name='eligibility'>
    </field><field name='criteria'>
      </field><field name='gender'>All</field><field name='minimum_age'>18 Years</field><field name='maximum_age'>75 Years</field></doc></add>