<add><doc><field name='clinical_study'>
  
  </field><field name='required_header'>
    </field><field name='download_date'>ClinicalTrials.gov processed this data on September 16, 2022</field><field name='link_text'>Link to the current ClinicalTrials.gov record.</field><field name='url'>https://clinicaltrials.gov/show/NCT00000197</field><field name='id_info'>
    </field><field name='org_study_id'>NIDA-00238-2</field><field name='nct_id'>NCT00000197</field><field name='brief_title'>Propranolol for Treatment of Cocaine Addiction - 2</field><field name='official_title'>Propranolol for Treatment of Cocaine Addiction</field><field name='sponsors'>
    </field><field name='lead_sponsor'>
      </field><field name='agency'>National Institute on Drug Abuse (NIDA)</field><field name='agency'>University of Pennsylvania</field><field name='agency_class'>NIH</field><field name='agency_class'>Other</field><field name='source'>National Institute on Drug Abuse (NIDA)</field><field name='oversight_info'>
    </field><field name='brief_summary'>
    </field><field name='textblock'>
      The purpose of this study is to evaluate the safety and efficacy of propanolol in the early
      treatment of cocaine dependence.
    </field><field name='textblock'>
        Please contact site for information.
      </field><field name='overall_status'>Completed</field><field name='start_date'>January 1987</field><field name='completion_date'>January 2002</field><field name='primary_completion_date'>January 2002</field><field name='phase'>Phase 2</field><field name='study_type'>Interventional</field><field name='has_expanded_access'>No</field><field name='study_design_info'>
    </field><field name='primary_purpose'>Treatment</field><field name='primary_outcome'>
    </field><field name='primary_outcome'>
    </field><field name='primary_outcome'>
    </field><field name='primary_outcome'>
    </field><field name='primary_outcome'>
    </field><field name='primary_outcome'>
    </field><field name='measure'>Side effects</field><field name='measure'>Cocaine use</field><field name='measure'>Cocaine withdrawal</field><field name='measure'>Cocaine craving</field><field name='measure'>Mood and anxiety</field><field name='measure'>Clinical improvement</field><field name='enrollment'>0</field><field name='condition'>Cocaine-Related Disorders</field><field name='intervention'>
    </field><field name='intervention_type'>Drug</field><field name='intervention_name'>Propranolol</field><field name='eligibility'>
    </field><field name='criteria'>
      </field><field name='gender'>All</field><field name='minimum_age'>25 Years</field><field name='maximum_age'>49 Years</field></doc></add>