<add><doc><field name='clinical_study'>
  
  </field><field name='required_header'>
    </field><field name='download_date'>ClinicalTrials.gov processed this data on September 16, 2022</field><field name='link_text'>Link to the current ClinicalTrials.gov record.</field><field name='url'>https://clinicaltrials.gov/show/NCT00000135</field><field name='id_info'>
    </field><field name='org_study_id'>NEI-34</field><field name='nct_id'>NCT00000135</field><field name='brief_title'>Studies of the Ocular Complications of AIDS (SOCA)--Monoclonal Antibody CMV Retinitis Trial (MACRT)</field><field name='official_title'>Monoclonal Antibody CMV Retinitis Trial (MACRT)</field><field name='sponsors'>
    </field><field name='lead_sponsor'>
      </field><field name='agency'>Johns Hopkins Bloomberg School of Public Health</field><field name='agency_class'>Other</field><field name='source'>Johns Hopkins Bloomberg School of Public Health</field><field name='oversight_info'>
    </field><field name='brief_summary'>
    </field><field name='textblock'>
      To evaluate the efficacy and safety of a human anti-CMV monoclonal antibody, MSL-109, as
      adjunct therapy for controlling CMV retinitis.
    </field><field name='textblock'>
      CMV retinitis is the most common intraocular infection in patients with AIDS and is estimated
      to affect 35 to 40 percent of patients with AIDS. Untreated CMV retinitis is a progressive
      disorder, the end result of which is total retinal destruction and blindness. As of September
      1996, drugs approved by the United States Food and Drug Administration (FDA) for the
      treatment of CMV retinitis were ganciclovir (Cytovene), foscarnet (Foscavir), and cidofovir
      (Vistide). All systemically administered anti-CMV drugs are given in a similar fashion
      consisting of initial 2-week high-dose treatment (induction) to control the infection
      followed by long-term lower dose treatment (maintenance) to prevent relapse. Ganciclovir is
      available in both intravenous and oral formulations, foscarnet only in an intravenous
      formulation, and cidofovir is given by intermittent intravenous administration. A surgically
      implanted intraocular sustained-release ganciclovir device (Vitrasert) is also approved by
      the FDA for the treatment of CMV retinitis.

      Despite the use of continuous maintenance therapy, given enough time, all patients with CMV
      retinitis on systemically administered drugs relapse. Preliminary studies suggested that the
      anti-CMV monoclonal antibody, MSL-109, when administered in conjunction with ganciclovir,
      markedly prolonged the time to relapse. Therefore, a randomized controlled clinical trial
      evaluating MSL-109 as adjunct therapy was conducted.

      The MACRT was a randomized, placebo-controlled, multicenter clinical trial evaluating the
      efficacy and safety of MSL-109 as adjunct therapy for the treatment of CMV retinitis.
      Patients with CMV retinitis, both those newly diagnosed and those suffering a relapse with
      active retinitis, were eligible. Primary therapy (e.g., ganciclovir, foscarnet, etc.) was
      determined by the treating local physician. The patients enrolled in the trial were
      randomized to either MSL-109 or placebo, administered as a rapid intravenous infusion every 2
      weeks. Outcomes included survival, retinitis progression, change in amount of retinal area
      involved by CMV, loss of visual function (acuity and field), and morbidity.
    </field><field name='textblock'>
        Inclusion criteria:

          -  13 years or older at entry

          -  Diagnosis of AIDS according to the Centers for Disease Control and Prevention (CDC)
             definition

          -  Diagnosis of active CMV retinitis as determined by a SOCA-certified ophthalmologist at
             time of enrollment

          -  At least one lesion whose size is one-quarter or more optic disc area

          -  Currently receiving (for relapsed patients) or scheduled to receive (for newly
             diagnosed patients) drugs for primary treatment of CMV retinitis that are not
             contraindicated for use with MSL-109

          -  Visual acuity, in at least one eye that meets other eligibility criteria, of 3 or more
             letters on ETDRS chart at 1 meter distance (Snellen equivalent 5/200). Patients with
             poorer visual acuity may be enrolled if the visual acuity impairment is possibly
             reversible (eg, due to optic disc edema) and vision is at least light perception in
             that eye

          -  Karnofsky score of 60 or more

          -  Willingness and ability, with the assistance of a caregiver if necessary, to comply
             with treatment and follow up procedures

          -  signed consent statement

        Exclusion criteria:

          -  Current treatment with intravenous immune globulin (IVIG), CMV immune globulin
             (CMVIG), alpha-interferon (alpha-IFN), gamma-interferon (gamma-IFN) or interleukin-2
             (IL-2)

          -  Media opacity that precludes visualization of the fundus in all eyes meeting
             eligibility criteria

          -  Active medical problems, including drug or alcohol abuse, that are considered
             sufficient to hinder compliance with treatment or follow up procedures

          -  Retinal detachment, not scheduled for surgical repair, in all eyes meeting other
             eligibility criteria
      </field><field name='overall_status'>Completed</field><field name='start_date'>September 1995</field><field name='completion_date'>August 1996</field><field name='primary_completion_date'>August 1996</field><field name='phase'>Phase 2/Phase 3</field><field name='study_type'>Interventional</field><field name='has_expanded_access'>No</field><field name='study_design_info'>
    </field><field name='allocation'>Randomized</field><field name='intervention_model'>Parallel Assignment</field><field name='primary_purpose'>Treatment</field><field name='masking'>Double (Participant, Care Provider)</field><field name='primary_outcome'>
    </field><field name='measure'>Mortality Rate</field><field name='measure'>
          </field><field name='measure'>
          </field><field name='measure'>
          </field><field name='measure'>
          </field><field name='time_frame'>All patients enrolled were followed for a 17 month period or until a common study closing date</field><field name='time_frame'>All patients enrolled were followed for a 17 month period or until a common study closing date</field><field name='time_frame'>11 months</field><field name='description'>to evaluate the efficacy of an intravenous human monoclonal antibody to cytomegalovirus (CMV), MSL-109, as adjuvant treatment for CMV retinitis. .</field><field name='description'>The dose MSL-109 administered by intravenous infusion every 2 weeks 60 mg.</field><field name='description'>Placebo administered intravenous infusion every 2 weeks 60 mg.</field><field name='description'>60 mg, IV (in vein) every two weeks, treatment continued until death or common closeout.</field><field name='description'>60 mg, IV (in vein) every two weeks, treatment continued until death or common closeout.</field><field name='description'>The dose MSL-109 administered by intravenous infusion every 2 weeks 60 mg.
MSL-109: 60 mg, IV (in vein) every two weeks, treatment continued until death or common closeout.</field><field name='description'>Placebo administered intravenous infusion every 2 weeks 60 mg.
MSL-109: 60 mg, IV (in vein) every two weeks, treatment continued until death or common closeout.</field><field name='description'>The dose MSL-109 administered by intravenous infusion every 2 weeks 60 mg.
MSL-109: 60 mg, IV (in vein) every two weeks, treatment continued until death or common closeout.</field><field name='description'>Placebo administered intravenous infusion every 2 weeks 60 mg.
MSL-109: 60 mg, IV (in vein) every two weeks, treatment continued until death or common closeout.</field><field name='description'>Total of all reporting groups</field><field name='description'>to evaluate the efficacy of an intravenous human monoclonal antibody to cytomegalovirus (CMV), MSL-109, as adjuvant treatment for CMV retinitis. .</field><field name='description'>The dose MSL-109 administered by intravenous infusion every 2 weeks 60 mg.
MSL-109: 60 mg, IV (in vein) every two weeks, treatment continued until death or common closeout.</field><field name='description'>Placebo administered intravenous infusion every 2 weeks 60 mg.
MSL-109: 60 mg, IV (in vein) every two weeks, treatment continued until death or common closeout.</field><field name='description'>to evaluate the efficacy of an intravenous human monoclonal antibody to cytomegalovirus (CMV), MSL-109, as adjuvant treatment for CMV retinitis. .</field><field name='description'>The dose MSL-109 administered by intravenous infusion every 2 weeks 60 mg.
MSL-109: 60 mg, IV (in vein) every two weeks, treatment continued until death or common closeout.</field><field name='description'>Placebo administered intravenous infusion every 2 weeks 60 mg.
MSL-109: 60 mg, IV (in vein) every two weeks, treatment continued until death or common closeout.</field><field name='number_of_arms'>2</field><field name='enrollment'>209</field><field name='condition'>HIV Infections</field><field name='condition'>Cytomegalovirus Retinitis</field><field name='arm_group'>
    </field><field name='arm_group'>
    </field><field name='arm_group_label'>MSL-109</field><field name='arm_group_label'>Placebo</field><field name='arm_group_label'>MSL-109</field><field name='arm_group_label'>Placebo</field><field name='arm_group_type'>Experimental</field><field name='arm_group_type'>Placebo Comparator</field><field name='intervention'>
    </field><field name='intervention'>
    </field><field name='intervention_type'>Drug</field><field name='intervention_type'>Other</field><field name='intervention_name'>MSL-109</field><field name='intervention_name'>Placebo</field><field name='description'>to evaluate the efficacy of an intravenous human monoclonal antibody to cytomegalovirus (CMV), MSL-109, as adjuvant treatment for CMV retinitis. .</field><field name='description'>The dose MSL-109 administered by intravenous infusion every 2 weeks 60 mg.</field><field name='description'>Placebo administered intravenous infusion every 2 weeks 60 mg.</field><field name='description'>60 mg, IV (in vein) every two weeks, treatment continued until death or common closeout.</field><field name='description'>60 mg, IV (in vein) every two weeks, treatment continued until death or common closeout.</field><field name='description'>The dose MSL-109 administered by intravenous infusion every 2 weeks 60 mg.
MSL-109: 60 mg, IV (in vein) every two weeks, treatment continued until death or common closeout.</field><field name='description'>Placebo administered intravenous infusion every 2 weeks 60 mg.
MSL-109: 60 mg, IV (in vein) every two weeks, treatment continued until death or common closeout.</field><field name='description'>The dose MSL-109 administered by intravenous infusion every 2 weeks 60 mg.
MSL-109: 60 mg, IV (in vein) every two weeks, treatment continued until death or common closeout.</field><field name='description'>Placebo administered intravenous infusion every 2 weeks 60 mg.
MSL-109: 60 mg, IV (in vein) every two weeks, treatment continued until death or common closeout.</field><field name='description'>Total of all reporting groups</field><field name='description'>to evaluate the efficacy of an intravenous human monoclonal antibody to cytomegalovirus (CMV), MSL-109, as adjuvant treatment for CMV retinitis. .</field><field name='description'>The dose MSL-109 administered by intravenous infusion every 2 weeks 60 mg.
MSL-109: 60 mg, IV (in vein) every two weeks, treatment continued until death or common closeout.</field><field name='description'>Placebo administered intravenous infusion every 2 weeks 60 mg.
MSL-109: 60 mg, IV (in vein) every two weeks, treatment continued until death or common closeout.</field><field name='description'>to evaluate the efficacy of an intravenous human monoclonal antibody to cytomegalovirus (CMV), MSL-109, as adjuvant treatment for CMV retinitis. .</field><field name='description'>The dose MSL-109 administered by intravenous infusion every 2 weeks 60 mg.
MSL-109: 60 mg, IV (in vein) every two weeks, treatment continued until death or common closeout.</field><field name='description'>Placebo administered intravenous infusion every 2 weeks 60 mg.
MSL-109: 60 mg, IV (in vein) every two weeks, treatment continued until death or common closeout.</field><field name='arm_group_label'>MSL-109</field><field name='arm_group_label'>Placebo</field><field name='arm_group_label'>MSL-109</field><field name='arm_group_label'>Placebo</field><field name='eligibility'>
    </field><field name='criteria'>
      </field><field name='gender'>All</field><field name='minimum_age'>13 Years</field><field name='maximum_age'>N/A</field></doc></add>