<add><doc><field name='clinical_study'>
  
  </field><field name='required_header'>
    </field><field name='download_date'>ClinicalTrials.gov processed this data on September 16, 2022</field><field name='link_text'>Link to the current ClinicalTrials.gov record.</field><field name='url'>https://clinicaltrials.gov/show/NCT00000322</field><field name='id_info'>
    </field><field name='org_study_id'>NIDA-10739-1</field><field name='nct_id'>NCT00000322</field><field name='brief_title'>Tyrosine for Methamphetamine Dependence - 1</field><field name='official_title'>Tyrosine for Methamphetamine Dependence</field><field name='sponsors'>
    </field><field name='lead_sponsor'>
      </field><field name='agency'>National Institute on Drug Abuse (NIDA)</field><field name='agency_class'>NIH</field><field name='source'>National Institute on Drug Abuse (NIDA)</field><field name='brief_summary'>
    </field><field name='textblock'>
      The purpose of this study is to evaluate efficacy of tyrosine as a treatment for
      methamphetamine dependence in an outpatient treatment setting providing group psychosocial
      interventions. Examine effect of tyrosine on abstinence, retention in treatment, and
      craving."
    </field><field name='textblock'>
      Evaluate efficacy of tyrosine as a treatment for methamphetamine dependence in an outpatient
      treatment setting providing group psychosocial interventions. Examine effect of tyrosine on
      abstinence, retention in treatment and craving.
    </field><field name='textblock'>
        Inclusion Criteria:

        18-65 years of age. Able to provide informed consent. Desire to reduce/eliminate
        methamphetamine use. Used within the past two weeks. Meet DSM criteria for methamphetamine
        dependence.

        Exclusion Criteria:

        No dependence (within the past 12 months) for other durgs except nicotine. No history or
        family history of tyrosine intolerance.
      </field><field name='overall_status'>Completed</field><field name='start_date'>April 1997</field><field name='completion_date'>December 2001</field><field name='phase'>Phase 2</field><field name='study_type'>Interventional</field><field name='has_expanded_access'>No</field><field name='study_design_info'>
    </field><field name='allocation'>Randomized</field><field name='primary_purpose'>Treatment</field><field name='masking'>Double</field><field name='primary_outcome'>
    </field><field name='primary_outcome'>
    </field><field name='primary_outcome'>
    </field><field name='primary_outcome'>
    </field><field name='measure'>Craving</field><field name='measure'>Drug use</field><field name='measure'>Retention</field><field name='measure'>Functioning</field><field name='enrollment'>89</field><field name='condition'>Amphetamine-Related Disorders</field><field name='intervention'>
    </field><field name='intervention_type'>Behavioral</field><field name='intervention_name'>Tyrosine</field><field name='eligibility'>
    </field><field name='criteria'>
      </field><field name='gender'>All</field><field name='minimum_age'>18 Years</field><field name='maximum_age'>65 Years</field></doc></add>