<add><doc><field name='clinical_study'>
  
  </field><field name='required_header'>
    </field><field name='download_date'>ClinicalTrials.gov processed this data on September 16, 2022</field><field name='link_text'>Link to the current ClinicalTrials.gov record.</field><field name='url'>https://clinicaltrials.gov/show/NCT00000124</field><field name='url'>http://www.nei.nih.gov/news/pressreleases/071201.asp</field><field name='url'>http://www.nei.nih.gov/news/pressreleases/coms.asp</field><field name='id_info'>
    </field><field name='org_study_id'>NEI-23</field><field name='nct_id'>NCT00000124</field><field name='brief_title'>Collaborative Ocular Melanoma Study (COMS)</field><field name='sponsors'>
    </field><field name='lead_sponsor'>
      </field><field name='agency'>National Eye Institute (NEI)</field><field name='agency_class'>NIH</field><field name='source'>National Eye Institute (NEI)</field><field name='brief_summary'>
    </field><field name='textblock'>
      To evaluate therapeutic interventions for patients who have choroidal melanoma, the most
      common primary eye cancer affecting adults, and to assess the potential life-preserving as
      well as sight-preserving role of radiation therapy.

      To determine which of two standard treatments, removal of the eye or brachytherapy, is more
      likely to prolong survival of eligible patients with medium-sized choroidal melanoma.

      To determine whether preoperative radiation prolongs life for patients whose eyes with large
      choroidal melanoma are enucleated.
    </field><field name='textblock'>
      For more than 100 years, removal of the eye (enucleation) has been the standard treatment for
      choroidal melanoma. Before the COMS was initiated in 1986, interest in radiation therapy had
      increased because of the potential for saving the eye and perhaps some vision. However, the
      merits of radiation with respect to prolonging patient survival were unknown. The best data
      from nonrandomized studies suggested that there was no difference in length of remaining life
      between patients treated with radiation and those whose eyes were enucleated. Thus, it was
      appropriate and necessary to conduct a randomized, controlled clinical trial in which a large
      number of patients would be followed for many years in order to compare enucleation and
      radiation with respect to relative success in prolonging survival of choroidal melanoma
      patients.

      The Collaborative Ocular Melanoma Study (COMS) is a set of long-term, multicenter, randomized
      controlled trials. In the trial for patients with tumors of medium size, enucleation and
      irradiation with an iodine-125 episcleral plaque are compared on the basis of length of
      remaining life. All randomized patients will be followed for 5 to 15 years or until death.
      For patients randomly assigned to enucleation, the eye was removed following a standard
      procedure. For patients assigned to plaque irradiation, the margins of the tumor were located
      and the dimensions of the tumor were measured by the ophthalmic surgeon. A gold plaque with a
      plastic seed carrier that contained the proper dosage and configuration of radioactive iodine
      seeds was sutured to the outside (sclera) of the eye over the base of the tumor. This
      procedure made possible the delivery of a high dose of radiation to a very localized area (85
      Gy [TG-43] to the tumor apex). The plaque typically was removed from the eye after three to
      seven days. Enrollment was completed in this trial in July 1998 with 1,317 patients enrolled.
      Clinical follow-up of patients will end in July 2003.

      In the COMS trial of preoperative radiation, patients with large tumors were randomized to
      enucleation alone or to enucleation preceded by 20 Gy of external beam radiation. The two
      randomly assigned groups of patients were followed for at least five years or until death and
      have been compared on the basis of length of remaining life and other outcomes. Enrollment in
      this trial was completed in December 1994, with 1,003 patients enrolled. Clinical follow-up
      of all patients in this trial ended in July 2000.

      Accrual to a nonrandomized pilot study to assess the feasibility of a randomized trial for
      small tumors was halted in 1989. Additional followup of those 204 patients was carried out
      from 1994 to 1996.

      The COMS is conducted in 43 clinical centers located in major population areas of the United
      States and Canada. Six resource centers participate and have major roles in quality assurance
      for the study. Information gathered and analyzed includes time to death from all causes, time
      to death from cancer (whether metastatic choroidal melanoma or not), diagnosis of other
      tumors, complications of radiation, and changes in visual acuity. A parallel study of quality
      of life for patients enrolled in the trial of radioactive plaque was initiated in January
      1995. From November 1986 through July 1998, 8,712 patients with choroidal melanoma of all
      sizes were screened for eligibility for a COMS clinical trial.
    </field><field name='textblock'>
        Men and women eligible for the study must be age 21 or older, have primary choroidal
        melanoma in only one eye, and have no evidence of metastatic disease. Accurate estimation
        of tumor thickness by echography must also be possible.
      </field><field name='overall_status'>Unknown status</field><field name='start_date'>November 1986</field><field name='phase'>Phase 3</field><field name='study_type'>Interventional</field><field name='has_expanded_access'>No</field><field name='study_design_info'>
    </field><field name='allocation'>Randomized</field><field name='primary_purpose'>Treatment</field><field name='description'>COMS Press Release July 12, 2001</field><field name='description'>COMS Press Release June 15, 1998</field><field name='condition'>Choroid Neoplasms</field><field name='condition'>Uveitis</field><field name='intervention'>
    </field><field name='intervention'>
    </field><field name='intervention_type'>Procedure</field><field name='intervention_type'>Procedure</field><field name='intervention_name'>Brachytherapy</field><field name='intervention_name'>Eye Removal</field><field name='description'>COMS Press Release July 12, 2001</field><field name='description'>COMS Press Release June 15, 1998</field><field name='eligibility'>
    </field><field name='criteria'>
      </field><field name='gender'>All</field><field name='minimum_age'>21 Years</field><field name='maximum_age'>N/A</field></doc></add>