<add><doc><field name='clinical_study'>
  
  </field><field name='required_header'>
    </field><field name='download_date'>ClinicalTrials.gov processed this data on September 16, 2022</field><field name='link_text'>Link to the current ClinicalTrials.gov record.</field><field name='url'>https://clinicaltrials.gov/show/NCT00000343</field><field name='id_info'>
    </field><field name='org_study_id'>NIDA-3-0010-8</field><field name='nct_id'>NCT00000343</field><field name='brief_title'>Brain Changes in Stimulant Dependent Subjects - 8</field><field name='official_title'>Brain Changes in Stimulant Dependent Subjects</field><field name='sponsors'>
    </field><field name='lead_sponsor'>
      </field><field name='agency'>National Institute on Drug Abuse (NIDA)</field><field name='agency_class'>NIH</field><field name='source'>National Institute on Drug Abuse (NIDA)</field><field name='brief_summary'>
    </field><field name='textblock'>
      The purpose of this study is to identify the neurophysiologic indicators of cocaine or
      methamphetamine use and withdrawal, to examine the relationship between subjects' reports of
      depression, craving, and stimulant use, and neurophysiologic measures, and to identify
      neurophysiologic measures which can be used to identify new treatments for stimulant
      dependence.
    </field><field name='textblock'>
      By Incorporating QEEG into clinical trails, the plan is to develop physiologic markers of
      treatment efficacy, and to aid in the identification of effective treatments.
    </field><field name='textblock'>
        Inclusion Criteria:

        M/F ages 21-50. Meet DSM-IV criteria for cocaine dependence. Agree to conditions of the
        study and sign informed consent.

        Exclusion Criteria:

        Psychiatric disorder that requires medication therapy. History of seizures. Pregnant and/or
        nursing women. Dependence on ETOH or benzodiazepines or other sedative/hypnotics. Acute
        hepatitis. Other medical conditions that deem participation to be unsafe.
      </field><field name='overall_status'>Completed</field><field name='start_date'>April 1996</field><field name='phase'>Phase 4</field><field name='study_type'>Interventional</field><field name='has_expanded_access'>No</field><field name='study_design_info'>
    </field><field name='primary_purpose'>Treatment</field><field name='enrollment'>90</field><field name='condition'>Substance-Related Disorders</field><field name='intervention'>
    </field><field name='intervention_type'>Behavioral</field><field name='intervention_name'>counseling</field><field name='eligibility'>
    </field><field name='criteria'>
      </field><field name='gender'>All</field><field name='minimum_age'>21 Years</field><field name='maximum_age'>50 Years</field></doc></add>