<add><doc><field name='clinical_study'>
  
  </field><field name='required_header'>
    </field><field name='download_date'>ClinicalTrials.gov processed this data on September 16, 2022</field><field name='link_text'>Link to the current ClinicalTrials.gov record.</field><field name='url'>https://clinicaltrials.gov/show/NCT00000218</field><field name='id_info'>
    </field><field name='org_study_id'>NIDA-06954-2</field><field name='nct_id'>NCT00000218</field><field name='brief_title'>Pharmacotherapy and Intensive Treatment - 2</field><field name='official_title'>Pharmacotherapy and Intensive Treatment</field><field name='sponsors'>
    </field><field name='lead_sponsor'>
      </field><field name='agency'>National Institute on Drug Abuse (NIDA)</field><field name='agency'>VA Office of Research and Development</field><field name='agency_class'>NIH</field><field name='agency_class'>U.S. Fed</field><field name='source'>National Institute on Drug Abuse (NIDA)</field><field name='brief_summary'>
    </field><field name='textblock'>
      The purpose of this study is to evaluate desipramine and carbamazepine in reducing cocaine
      craving; increase outpatient treatment capacity and evaluate their incidence of psychiatric
      disorders.
    </field><field name='textblock'>
        Please contact site for information.
      </field><field name='overall_status'>Completed</field><field name='completion_date'>June 2005</field><field name='phase'>Phase 4</field><field name='study_type'>Interventional</field><field name='has_expanded_access'>No</field><field name='study_design_info'>
    </field><field name='primary_purpose'>Treatment</field><field name='primary_outcome'>
    </field><field name='primary_outcome'>
    </field><field name='primary_outcome'>
    </field><field name='measure'>Severity addiction</field><field name='measure'>Depression</field><field name='measure'>Depression, anxiety</field><field name='enrollment'>353</field><field name='condition'>Cocaine-Related Disorders</field><field name='condition'>Substance-Related Disorders</field><field name='intervention'>
    </field><field name='intervention_type'>Drug</field><field name='intervention_name'>Carbamazepine</field><field name='eligibility'>
    </field><field name='criteria'>
      </field><field name='gender'>Female</field><field name='minimum_age'>18 Years</field><field name='maximum_age'>60 Years</field></doc></add>