<add><doc><field name='clinical_study'>
  
  </field><field name='required_header'>
    </field><field name='download_date'>ClinicalTrials.gov processed this data on September 16, 2022</field><field name='link_text'>Link to the current ClinicalTrials.gov record.</field><field name='url'>https://clinicaltrials.gov/show/NCT00000180</field><field name='id_info'>
    </field><field name='org_study_id'>IA0008</field><field name='nct_id'>NCT00000180</field><field name='brief_title'>AIT-082 Phase 1B Study</field><field name='sponsors'>
    </field><field name='lead_sponsor'>
      </field><field name='agency'>National Institute on Aging (NIA)</field><field name='agency_class'>NIH</field><field name='source'>National Institute on Aging (NIA)</field><field name='brief_summary'>
    </field><field name='textblock'>
      AIT-082 is a novel small molecule that crosses the blood-brain barrier to enhance nerve
      function by increasing levels of neurotrophic growth factors and encouraging nerve sprouting
      in the brain. Preclinical studies in animals have shown that AIT-082 improves memory in aged
      animals and in animals with neurological deficits.

      This study was a double-blind placebo-controlled safety study that was designed to study
      whether AIT-082 may delay age-related mental decline. Eight healthy older volunteers at two
      clinical sites were given single, weekly, rising doses of AIT-082 or placebo for 5 weeks;
      were tested for side effects and absorption; and underwent a battery of neuropsychological
      memory tests, including word and number recall tests.
    </field><field name='overall_status'>Completed</field><field name='completion_date'>June 2005</field><field name='primary_completion_date'>June 2005</field><field name='phase'>Phase 1</field><field name='study_type'>Interventional</field><field name='has_expanded_access'>No</field><field name='study_design_info'>
    </field><field name='allocation'>Randomized</field><field name='primary_purpose'>Treatment</field><field name='masking'>Double</field><field name='condition'>Memory Disorders</field><field name='intervention'>
    </field><field name='intervention_type'>Drug</field><field name='intervention_name'>AIT-082</field><field name='eligibility'>
    </field><field name='gender'>All</field><field name='minimum_age'>N/A</field><field name='maximum_age'>N/A</field></doc></add>