<add><doc><field name='clinical_study'>
  
  </field><field name='required_header'>
    </field><field name='download_date'>ClinicalTrials.gov processed this data on September 16, 2022</field><field name='link_text'>Link to the current ClinicalTrials.gov record.</field><field name='url'>https://clinicaltrials.gov/show/NCT00000550</field><field name='id_info'>
    </field><field name='org_study_id'>94</field><field name='nct_id'>NCT00000550</field><field name='brief_title'>Rapid Early Action for Coronary Treatment (REACT)</field><field name='sponsors'>
    </field><field name='lead_sponsor'>
      </field><field name='agency'>HealthCore-NERI</field><field name='agency'>National Heart, Lung, and Blood Institute (NHLBI)</field><field name='agency_class'>Other</field><field name='agency_class'>NIH</field><field name='source'>HealthCore-NERI</field><field name='brief_summary'>
    </field><field name='textblock'>
      To evaluate the impact of community educational interventions on patient delay time from
      onset of symptoms and signs of an acute myocardial infarction (AMI) to arrival at a hospital
      Emergency Department (ED). Also, to study the impact of community educational interventions
      on use of Emergency Medical Services (EMS) and EDs, on thrombolytic therapy, and on AMI case
      fatality.
    </field><field name='textblock'>
      BACKGROUND:

      Since the advent of thrombolytic therapy, early treatment holds particular promise for
      decreasing mortality from coronary heart disease. Thrombolytic therapy can reduce mortality
      by 25 percent for patients treated within the first few hours of AMI symptoms, with greater
      benefit the earlier the treatment. Not everyone who could benefit from receiving thrombolytic
      therapy receives such therapy. One contributing factor is that many people with symptoms do
      not seek emergency care in a timely manner. Studies show substantial delay times from AMI
      symptoms to hospital arrival, with means ranging from 4.6 to 24 hours and medians from 2 to
      6.4 hours. EMS transport time is estimated to average 7 to 22 minutes, so a large portion of
      pre-hospital delay is attributable to patient recognition and action. Several factors have
      been associated with delay time. Sudden onset pain is associated with shorter delay times,
      and older age, female gender, African-American race, consultation with others about symptoms,
      and self-treatment programs are associated with longer delay times. There is a need for
      educational programs that are effective in decreasing delay times, particularly by focusing
      on people who are at increased risk of having an AMI and groups more likely to delay seeking
      treatment.

      Community interventions to reduce delay time between AMI symptoms and contact with the
      medical system have been conducted in Britain, Canada, Sweden, Australia, Germany, King
      County in Washington, and Jacksonville, Illinois. The interventions have been promising, but
      the studies suffer from problems that make the reported results difficult to interpret.
      Almost all the published studies assessed delay time pre-to-post intervention and had no
      control or comparison group, making the magnitude and significance of impact from the
      intervention difficult to determine. Most were conducted in countries other than the United
      States, so applicability to the health-care system in the United States is questionable.
      Although some examined the effect of a public education program on ambulance and ED
      utilization, the effects of public education campaigns on use of the EMS or ED remains
      unanswered.

      DESIGN NARRATIVE:

      The study was a multicenter, controlled community trial where the community was the unit of
      assignment and of analysis. Twenty study communities were pair-matched on demographics and
      one of each pair was randomly assigned to intervention and one to control. The intervention
      communities received an 18-month community-based intervention to reduce delay time for
      symptoms and signs of AMI, focusing on decreasing the delay time associated with patient
      recognition and action. Several methods were used including: educational interventions based
      on behavior change theory; patient and provider education; public education and community
      organization. The primary outcome was time from symptom onset to arrival at the emergency
      department. Data collection and intervention continued until competion of 18 months of
      intervention.
    </field><field name='textblock'>
        Men and women with acute MI or unstable angina.
      </field><field name='overall_status'>Completed</field><field name='start_date'>August 1994</field><field name='completion_date'>May 2000</field><field name='primary_completion_date'>May 2000</field><field name='phase'>Phase 3</field><field name='study_type'>Interventional</field><field name='has_expanded_access'>No</field><field name='study_design_info'>
    </field><field name='primary_purpose'>Treatment</field><field name='condition'>Cardiovascular Diseases</field><field name='condition'>Coronary Disease</field><field name='condition'>Heart Diseases</field><field name='condition'>Myocardial Infarction</field><field name='condition'>Myocardial Ischemia</field><field name='intervention'>
    </field><field name='intervention_type'>Behavioral</field><field name='intervention_name'>health education</field><field name='eligibility'>
    </field><field name='criteria'>
      </field><field name='gender'>All</field><field name='minimum_age'>18 Years</field><field name='maximum_age'>75 Years</field></doc></add>