<add><doc><field name='clinical_study'>
  
  </field><field name='required_header'>
    </field><field name='download_date'>ClinicalTrials.gov processed this data on September 16, 2022</field><field name='link_text'>Link to the current ClinicalTrials.gov record.</field><field name='url'>https://clinicaltrials.gov/show/NCT00000371</field><field name='id_info'>
    </field><field name='org_study_id'>R01MH054245-01A2</field><field name='nct_id'>NCT00000371</field><field name='brief_title'>Trial of D-Cycloserine in Schizophrenia</field><field name='official_title'>A Six Month, Placebo-Controlled Trial of D-Cycloserine Co-Administered With Conventional Antipsychotics in Schizophrenia Patients</field><field name='sponsors'>
    </field><field name='lead_sponsor'>
      </field><field name='agency'>Massachusetts General Hospital</field><field name='agency_class'>Other</field><field name='source'>Massachusetts General Hospital</field><field name='brief_summary'>
    </field><field name='textblock'>
      To characterize further the effects of D-cycloserine augmentation of antipsychotic treatment
      on negative symptoms, performance on neurocognitive tasks, and on markers for glutamatergic,
      dopaminergic and serotonergic function in serum and cerebrospinal fluid. To determine if
      negative symptoms and cognitive function improve over time, if these improvements
      meaningfully impact quality of life factors, if they correlate with markers of neuronal
      function, and if subpopulations can be identified according to response.

      Dysfunction of glutamatergic neuronal systems has recently been implicated in the
      pathophysiology of schizophrenia based on the finding that non-competitive inhibitors of the
      NMDA receptor can reproduce in normals the positive symptoms, negative symptoms, and
      cognitive deficits of schizophrenia. Furthermore, glutamatergic dysfunction may alter
      forebrain dopaminergic neuronal activity, a system central to the antipsychotic action of
      typical neuroleptics. It is believed that enhancing NMDA receptor function by systemic
      treatment with D-cycloserine, a partial agonist at the glycine modulatory site of the NMDA
      receptor, will reduce symptoms in schizophrenia.

      Sixty schizophrenic outpatients with prominent, primary negative symptoms are treated with
      antipsychotic medication and are randomly assigned to D-cycloserine or placebo for a 6-month,
      fixed-dose trial. The primary outcome measure is the total score on the Scale for Assessment
      of Negative Symptoms (SANS). A neuropsychological battery, which emphasizes tests sensitive
      to prefrontal cortical function, is administered. Blood is obtained at several time points
      and CSF is obtained at Week 8 for assay of concentrations of D-cycloserine, glutamate, HVA,
      and 5HIAA.
    </field><field name='textblock'>
      To characterize further the effects of D-cycloserine augmentation of antipsychotic treatment
      on negative symptoms, performance on neurocognitive tasks, and on markers for glutamatergic,
      dopaminergic, and serotonergic function in serum and cerebrospinal fluid. To determine if
      negative symptoms and cognitive function improve over time, if these improvements
      meaningfully impact quality of life factors, if they correlate with markers of neuronal
      function, and if subpopulations can be identified according to response.

      Dysfunction of glutamatergic neuronal systems has recently been implicated in the
      pathophysiology of schizophrenia based on the finding that non-competitive inhibitors of the
      NMDA receptor can reproduce in normals the positive symptoms, negative symptoms and cognitive
      deficits of schizophrenia. Furthermore, glutamatergic dysfunction may alter forebrain
      dopaminergic neuronal activity, a system central to the antipsychotic action of typical
      neuroleptics. It is believed that enhancing NMDA receptor function by systemic treatment with
      D-cycloserine, a partial agonist at the glycine modulatory site of the NMDA receptor, will
      reduce symptoms in schizophrenia.

      Sixty schizophrenic outpatients with prominent, primary negative symptoms are treated with
      antipsychotic medication and are randomly assigned to D-cycloserine or placebo for a 6-month,
      fixed-dose trial. The primary outcome measure is the total score on the Scale for Assessment
      of Negative Symptoms (SANS). A neuropsychological battery, which emphasizes tests sensitive
      to prefrontal cortical function, is administered. Blood is obtained at several time points
      and CSF is obtained at Week 8 for assay of concentrations of D-cycloserine, glutamate, HVA,
      and 5HIAA.
    </field><field name='textblock'>
        Inclusion Criteria:

          -  Diagnosis of Schizophrenia as per DSM IV criteria

          -  Have been treated for at least 6 months with any conventional neuroleptic

          -  Have prominent negative symptoms as defined by a total score of 40 or greater on the
             scale for the assessment of negative symptoms (SANS)

        Exclusion Criteria:

          -  Active alcohol or drug abuse

          -  Unstable Medical Illness, seizure disorder, or other serious neurological disorder

          -  Pregnant or Nursing

          -  Unable to complete a cognitive battery
      </field><field name='overall_status'>Completed</field><field name='start_date'>August 1996</field><field name='completion_date'>April 2002</field><field name='primary_completion_date'>April 2002</field><field name='phase'>Phase 3</field><field name='study_type'>Interventional</field><field name='has_expanded_access'>No</field><field name='study_design_info'>
    </field><field name='allocation'>Randomized</field><field name='intervention_model'>Parallel Assignment</field><field name='primary_purpose'>Treatment</field><field name='masking'>Double (Participant, Investigator)</field><field name='primary_outcome'>
    </field><field name='measure'>Scale for the Assessment of Negative Symptoms (SANS)</field><field name='measure'>
          </field><field name='measure'>
          </field><field name='measure'>
          </field><field name='measure'>
          </field><field name='measure'>
          </field><field name='time_frame'>Baseline, Week 4, Week 8</field><field name='time_frame'>Baseline, Week 4, Week 8</field><field name='description'>The slope of SANS total score from baseline to week 8 in the treatment and placebo groups on the scale for the assessment of negative symptoms (SANS) total score. Total SANS scores range from 0-100. The SANS is comprised of 5 subscores: Affective Flattening or Blunting (score range 0-35), Alogia (score range 0-20), Avolition-Apathy (score range 0-15), Anhedonia-Asociality (score range 0-20), and Attention (0-10). For each scale, the higher the score the more prominent the negative symptoms were. The slopes were obtained by plotting the group SANS total score mean for treatment vs. placebo on Baseline, Week 4, and Week 8 and performing a random slopes model.</field><field name='description'>Subjects were given 50 mg/day of D-Cycloserine for 24 weeks</field><field name='description'>Participants were given 50 mg/day of Placebo for 24 weeks.</field><field name='description'>50 mg/daily by mouth</field><field name='description'>50 mg/day of placebo by mouth</field><field name='description'>Patients were given 50 mg of D-Cycloserine daily in addition to their treatment as usual with conventional neuroleptics.</field><field name='description'>Patients were given 50 mg of placebo daily in addition to their treatment as usual with conventional neuroleptics.</field><field name='description'>Patients were given 50 mg of D-Cycloserine daily in addition to their treatment as usual with conventional neuroleptics.</field><field name='description'>Patients were given 50 mg of placebo daily in addition to their treatment as usual with conventional neuroleptics.</field><field name='description'>Total of all reporting groups</field><field name='description'>The slope of SANS total score from baseline to week 8 in the treatment and placebo groups on the scale for the assessment of negative symptoms (SANS) total score. Total SANS scores range from 0-100. The SANS is comprised of 5 subscores: Affective Flattening or Blunting (score range 0-35), Alogia (score range 0-20), Avolition-Apathy (score range 0-15), Anhedonia-Asociality (score range 0-20), and Attention (0-10). For each scale, the higher the score the more prominent the negative symptoms were. The slopes were obtained by plotting the group SANS total score mean for treatment vs. placebo on Baseline, Week 4, and Week 8 and performing a random slopes model.</field><field name='description'>Patients were given 50 mg of D-Cycloserine daily in addition to their treatment as usual with conventional neuroleptics.</field><field name='description'>Patients were given 50 mg of placebo daily in addition to their treatment as usual with conventional neuroleptics.</field><field name='description'>The slope of SANS total score from baseline to week 8 in the treatment and placebo groups on the scale for the assessment of negative symptoms (SANS) total score. Total SANS scores range from 0-100. The SANS is comprised of 5 subscores: Affective Flattening or Blunting (score range 0-35), Alogia (score range 0-20), Avolition-Apathy (score range 0-15), Anhedonia-Asociality (score range 0-20), and Attention (0-10). For each scale, the higher the score the more prominent the negative symptoms were. The slopes were obtained by plotting the group SANS total score mean for treatment vs. placebo on Baseline, Week 4, and Week 8 and performing a random slopes model.</field><field name='description'>Patients were given 50 mg of D-Cycloserine daily in addition to their treatment as usual with conventional neuroleptics.</field><field name='description'>Patients were given 50 mg of placebo daily in addition to their treatment as usual with conventional neuroleptics.</field><field name='number_of_arms'>2</field><field name='enrollment'>60</field><field name='condition'>Schizophrenia</field><field name='arm_group'>
    </field><field name='arm_group'>
    </field><field name='arm_group_label'>D-Cycloserine</field><field name='arm_group_label'>Placebo</field><field name='arm_group_label'>D-Cycloserine</field><field name='arm_group_label'>Placebo</field><field name='arm_group_type'>Experimental</field><field name='arm_group_type'>Placebo Comparator</field><field name='intervention'>
    </field><field name='intervention'>
    </field><field name='intervention_type'>Drug</field><field name='intervention_type'>Drug</field><field name='intervention_name'>D-cycloserine</field><field name='intervention_name'>Placebo</field><field name='description'>The slope of SANS total score from baseline to week 8 in the treatment and placebo groups on the scale for the assessment of negative symptoms (SANS) total score. Total SANS scores range from 0-100. The SANS is comprised of 5 subscores: Affective Flattening or Blunting (score range 0-35), Alogia (score range 0-20), Avolition-Apathy (score range 0-15), Anhedonia-Asociality (score range 0-20), and Attention (0-10). For each scale, the higher the score the more prominent the negative symptoms were. The slopes were obtained by plotting the group SANS total score mean for treatment vs. placebo on Baseline, Week 4, and Week 8 and performing a random slopes model.</field><field name='description'>Subjects were given 50 mg/day of D-Cycloserine for 24 weeks</field><field name='description'>Participants were given 50 mg/day of Placebo for 24 weeks.</field><field name='description'>50 mg/daily by mouth</field><field name='description'>50 mg/day of placebo by mouth</field><field name='description'>Patients were given 50 mg of D-Cycloserine daily in addition to their treatment as usual with conventional neuroleptics.</field><field name='description'>Patients were given 50 mg of placebo daily in addition to their treatment as usual with conventional neuroleptics.</field><field name='description'>Patients were given 50 mg of D-Cycloserine daily in addition to their treatment as usual with conventional neuroleptics.</field><field name='description'>Patients were given 50 mg of placebo daily in addition to their treatment as usual with conventional neuroleptics.</field><field name='description'>Total of all reporting groups</field><field name='description'>The slope of SANS total score from baseline to week 8 in the treatment and placebo groups on the scale for the assessment of negative symptoms (SANS) total score. Total SANS scores range from 0-100. The SANS is comprised of 5 subscores: Affective Flattening or Blunting (score range 0-35), Alogia (score range 0-20), Avolition-Apathy (score range 0-15), Anhedonia-Asociality (score range 0-20), and Attention (0-10). For each scale, the higher the score the more prominent the negative symptoms were. The slopes were obtained by plotting the group SANS total score mean for treatment vs. placebo on Baseline, Week 4, and Week 8 and performing a random slopes model.</field><field name='description'>Patients were given 50 mg of D-Cycloserine daily in addition to their treatment as usual with conventional neuroleptics.</field><field name='description'>Patients were given 50 mg of placebo daily in addition to their treatment as usual with conventional neuroleptics.</field><field name='description'>The slope of SANS total score from baseline to week 8 in the treatment and placebo groups on the scale for the assessment of negative symptoms (SANS) total score. Total SANS scores range from 0-100. The SANS is comprised of 5 subscores: Affective Flattening or Blunting (score range 0-35), Alogia (score range 0-20), Avolition-Apathy (score range 0-15), Anhedonia-Asociality (score range 0-20), and Attention (0-10). For each scale, the higher the score the more prominent the negative symptoms were. The slopes were obtained by plotting the group SANS total score mean for treatment vs. placebo on Baseline, Week 4, and Week 8 and performing a random slopes model.</field><field name='description'>Patients were given 50 mg of D-Cycloserine daily in addition to their treatment as usual with conventional neuroleptics.</field><field name='description'>Patients were given 50 mg of placebo daily in addition to their treatment as usual with conventional neuroleptics.</field><field name='arm_group_label'>D-Cycloserine</field><field name='arm_group_label'>Placebo</field><field name='arm_group_label'>D-Cycloserine</field><field name='arm_group_label'>Placebo</field><field name='eligibility'>
    </field><field name='criteria'>
      </field><field name='gender'>All</field><field name='minimum_age'>18 Years</field><field name='maximum_age'>65 Years</field></doc></add>