<add><doc><field name='clinical_study'>
  
  </field><field name='required_header'>
    </field><field name='download_date'>ClinicalTrials.gov processed this data on September 16, 2022</field><field name='link_text'>Link to the current ClinicalTrials.gov record.</field><field name='url'>https://clinicaltrials.gov/show/NCT00000174</field><field name='url'>http://www.alzheimers.org</field><field name='id_info'>
    </field><field name='org_study_id'>IA0012</field><field name='nct_id'>NCT00000174</field><field name='brief_title'>Investigation Into Delay to Diagnosis of Alzheimer's Disease With Exelon (InDDEx)</field><field name='sponsors'>
    </field><field name='lead_sponsor'>
      </field><field name='agency'>Novartis</field><field name='agency_class'>Industry</field><field name='source'>National Institute on Aging (NIA)</field><field name='brief_summary'>
    </field><field name='textblock'>
      This phase IIIb trial is a prospective, randomized, double-blind, placebo-controlled,
      36-month study comparing the length of time of progression from mild cognitive impairment
      (MCI) to a clinical diagnosis of Alzheimer's disease (AD) in subjects taking Exelon vs.
      placebo. Exelon is currently under review with the U.S. Food and Drug Administration as a
      treatment for Alzheimer's disease. The drug has been cleared for marketing in more than 40
      countries for Alzheimer's disease to date, including all 15 member states of the European
      Union, New Zealand, Argentina, Brazil and Mexico.

      Each subject with MCI will be randomly assigned to treatment with either Exelon or placebo.
      Subjects assigned to Exelon will receive 1.5 to 6.0 mg bid (twice daily) (3.0 to 12 mg/day)
      for the majority of the study. At every regular visit scheduled every three months, patients
      will be given basic efficacy and safety assessments. These assessments will include
      evaluation of adverse events, vital signs, activities of daily living, and clinical staging
      scales to determine if the subject may have converted to dementia.
    </field><field name='textblock'>
        Inclusion Criteria:

          -  Are aged 55-85 years, inclusive. Subjects older than 85 years may be eligible to
             participate, with approval of the designated study medical monitor.

          -  Are male or female without child-bearing potential (i.e., surgically sterilized [via
             bilateral tubal ligation,bilateral oophorectomy, or hysterectomy], at least one year
             postmenopausal, or using adequate birth control).

          -  Are cooperative, able to ingest oral medication, and willing to complete all aspects
             of the study.

          -  Will provide written informed consent prior to their participation in the study.

          -  Show evidence of mild cognitive impairment (MCI) by meeting all of the following
             criteria: Global CDR score = 0.5, NYU Delayed Paragraph Recall less than 9, 17-item
             HAM-D score less than 13, and HAM-D Item 1 (depressed mood) score =1.

          -  Have a friend or family member who is willing to participate in the study as an
             informant. The informant must see the subject at least once a week for several hours
             and be available to accompany the subject to the screening and baseline visits, and at
             a minimum, be accessible by telephone for other scheduled visits.

        Exclusion Criteria:

          -  Advanced, severe, and unstable disease of any type that may interfere with primary and
             secondary variable evaluations including any medical condition that could be expected
             to progress, recur, or change to such an extent that it may bias the assessment of the
             clinical or mental status of the subject to a significant degree or put the subject at
             special risk.

          -  Cognitive impairment sufficient to warrant a diagnosis of dementia.

          -  Met the DSM-IV and NINCDS-ADRDA criteria for AD.

          -  A clinical diagnosis of AD.

          -  A DSM-IV Axis 1 diagnosis. However, subjects with current depression are eligible
             after appropriate treatment of the depressive episode. A minimum of four weeks washout
             of antidepressant medication should occur prior to screening. Subjects with a prior
             history of depression (but not currently depressed) are allowed in the study.

          -  Fewer than four years of formal education.

          -  A documented history of transient ischemic attacks.

          -  Baseline MRI findings or CT-scan findings within a year of screening that are
             consistent with a process other than AD, e.g., stroke, tumor, brain trauma or
             hydrocephalus, that may contribute to the subject's MCI. Lacunae infarcts present in
             areas affecting cognition (entorhinal cortex, hippocampus, medial temporal lobe) will
             also exclude the subject from the study.

          -  A score of greater than 4 on the Modified Hachinski Ischemic Scale.

          -  A current diagnosis of any primary neurodegenerative disorder, e.g., Parkinson's
             disease.

          -  A current diagnosis of uncontrolled seizure disorder.

          -  A current diagnosis of active peptic ulceration.

          -  A current diagnosis of severe and unstable cardiovascular disease.

          -  A current diagnosis of sick-sinus syndrome or conduction deficits (sino-atrial block,
             second or third degree atrio-ventricular block).

          -  A current diagnosis of acute, severe, or unstable asthmatic conditions.

          -  A known exaggerated pharmacological sensitivity or hypersensitivity to drugs similar
             to Exelon or to other cholinergic compounds (e.g., pilocarpine, bethanechol, tacrine,
             velnacrine, donepezil, metrifonate, or physostigmine). Subjects who have experienced
             elevations in liver function test parameters on other cholinesterase inhibitors are
             still eligible.

          -  Taken any of the following substances: An investigational drug during the past four
             weeks; Metrifonate during the past three months; a drug or treatment known to cause
             major organ system toxicity during the past four weeks; other cholinergic drugs (e.g.,
             donepezil, tacrine, succinylcholine-type muscle relaxants) during the past two weeks
             (topical pilocarpine will be permitted); antidepressant medication during the past
             four weeks.

          -  Participated in a previous clinical trial of Exelon.

          -  Clinically important laboratory abnormalities in serum B12, folate, or T3/T4 at
             screening. The subject should be excluded if peripheral neuropathy, macrocytic anemia,
             or myxedema is present.

          -  If screen values do not meet the absolutely exclusionary values given below but are
             still outside the normal reference range, treatment for folic acid/B12 deficiency or
             thyroid disorder, as appropriate, may be initiated or adjusted with re-evaluation of
             the subject within three months. Within these three months of treatment, the subject's
             cognitive condition must be clinically unchanged or worse for the subject to be
             acceptable. Once accepted, the subject must remain on the appropriate treatment
             throughout the study.

          -  Exclude if T3 uptake is less than 19%; T4 less than 2.9 ((g/dL); free T4 index is less
             than 0.8

          -  Exclude if folate less than 1.7 ng/ml (normal range greater than 1.9)

          -  Exclude if B12 less than 100 pg/ml (normal range greater than 200)

          -  A positive rapid plasmin reagin test followed up by a positive serological test for
             syphilis.

          -  A disability that may prevent the subject from completing all study requirements
             (e.g., blindness, deafness, severe language difficulty).
      </field><field name='overall_status'>Completed</field><field name='phase'>Phase 3</field><field name='study_type'>Interventional</field><field name='has_expanded_access'>No</field><field name='study_design_info'>
    </field><field name='allocation'>Randomized</field><field name='primary_purpose'>Treatment</field><field name='masking'>Double</field><field name='description'>The Alzheimer's Disease Education and Referral (ADEAR) Center is a service of the National Institute on Aging (NIA).</field><field name='condition'>Alzheimer Disease</field><field name='condition'>Cognition Disorders</field><field name='intervention'>
    </field><field name='intervention_type'>Drug</field><field name='intervention_name'>Rivastigmine</field><field name='description'>The Alzheimer's Disease Education and Referral (ADEAR) Center is a service of the National Institute on Aging (NIA).</field><field name='eligibility'>
    </field><field name='criteria'>
      </field><field name='gender'>All</field><field name='minimum_age'>55 Years</field><field name='maximum_age'>85 Years</field></doc></add>