<add><doc><field name='clinical_study'>
  
  </field><field name='required_header'>
    </field><field name='download_date'>ClinicalTrials.gov processed this data on September 16, 2022</field><field name='link_text'>Link to the current ClinicalTrials.gov record.</field><field name='url'>https://clinicaltrials.gov/show/NCT00000335</field><field name='id_info'>
    </field><field name='org_study_id'>NIDA-3-0009-4</field><field name='nct_id'>NCT00000335</field><field name='brief_title'>Activity Monitoring Assessment of Opiate Withdrawal - 4</field><field name='official_title'>Activity Monitoring Assessment of Opiate Withdrawal</field><field name='sponsors'>
    </field><field name='lead_sponsor'>
      </field><field name='agency'>National Institute on Drug Abuse (NIDA)</field><field name='agency'>Washington D.C. Veterans Affairs Medical Center</field><field name='agency_class'>NIH</field><field name='agency_class'>U.S. Fed</field><field name='source'>National Institute on Drug Abuse (NIDA)</field><field name='brief_summary'>
    </field><field name='textblock'>
      The purpose of this study is to determine if hyperactivity accompanies abrupt opiate
      withdrawal in heroin addicts, to determine if computerized solid state activity monitors are
      capable of quantifying hyperactivity, and to quantify the physical and affective symptoms
      occurring during abrupt withdrawal in heroin addicts and morphine's capacity to alleviate
      these symptoms.
    </field><field name='textblock'>
        Please contact site for information.
      </field><field name='overall_status'>Completed</field><field name='start_date'>September 30, 1995</field><field name='completion_date'>May 20, 1996</field><field name='primary_completion_date'>March 20, 1996</field><field name='phase'>Phase 2</field><field name='study_type'>Interventional</field><field name='has_expanded_access'>No</field><field name='study_design_info'>
    </field><field name='primary_purpose'>Treatment</field><field name='primary_outcome'>
    </field><field name='primary_outcome'>
    </field><field name='primary_outcome'>
    </field><field name='primary_outcome'>
    </field><field name='primary_outcome'>
    </field><field name='measure'>Depression</field><field name='measure'>Anxiety</field><field name='measure'>Withdrawal severity</field><field name='measure'>Activity</field><field name='measure'>Opiate secondary withdrawal</field><field name='enrollment'>0</field><field name='condition'>Opioid-Related Disorders</field><field name='intervention'>
    </field><field name='intervention_type'>Drug</field><field name='intervention_name'>Morphine</field><field name='eligibility'>
    </field><field name='criteria'>
      </field><field name='gender'>Male</field><field name='minimum_age'>21 Years</field><field name='maximum_age'>55 Years</field></doc></add>