<add><doc><field name='clinical_study'>
  
  </field><field name='required_header'>
    </field><field name='download_date'>ClinicalTrials.gov processed this data on September 16, 2022</field><field name='link_text'>Link to the current ClinicalTrials.gov record.</field><field name='url'>https://clinicaltrials.gov/show/NCT00000397</field><field name='id_info'>
    </field><field name='org_study_id'>Pro00008633</field><field name='nct_id'>NCT00000397</field><field name='brief_title'>Behavioral Insomnia Therapy for Fibromyalgia</field><field name='official_title'>Behavioral Insomnia Therapy for Fibromyalgia Patients</field><field name='sponsors'>
    </field><field name='lead_sponsor'>
      </field><field name='agency'>Duke University</field><field name='agency'>National Institute of Arthritis and Musculoskeletal and Skin Diseases (NIAMS)</field><field name='agency_class'>Other</field><field name='agency_class'>NIH</field><field name='source'>Duke University</field><field name='brief_summary'>
    </field><field name='textblock'>
      This study tests the effectiveness of a nondrug treatment for the insomnia that often occurs
      in people with fibromyalgia. The treatment is a type of psychotherapy called
      cognitive-behavioral therapy. Cognitive-behavioral therapy combines cognitive therapy, which
      can modify or eliminate thought patterns contributing to the person's symptoms, and
      behavioral therapy, which aims to help the person change his or her behavior.
    </field><field name='textblock'>
      Fibromyalgia (FM) is a prevalent and debilitating condition that contributes to impaired
      occupational and social functioning and increased disability among affected individuals. The
      vast majority of people with FM experience persistent sleep disturbances (e.g., onset
      difficulty, repeated or extended awakenings, nonrestorative sleep) that worsen other
      FM-related symptoms (e.g., chronic pain, fatigue) and sustain their general dysfunction.
      Pharmacologic treatments (e.g., antidepressants, hypnotics) may reduce symptoms for some
      people with FM, but many FM patients display little enduring improvement in their sleep and
      other FM-related symptoms in response to such agents.

      Our clinical observations and initial pilot work suggest that factors common among other
      insomnia subtypes such as conditioned bedtime arousal, erratic sleep/wake scheduling, and
      spending too much time in bed likely perpetuate the sleep problems of these
      medication-refractory FM patients. Over the past decade, we have developed, refined, and
      repeatedly tested a cognitive-behavioral therapy (CBT) that has proven effective for reducing
      sleep disturbances perpetuated by such underlying cognitive/behavioral mechanisms. The major
      objectives of this project are to conduct a prospective randomized clinical trial to confirm
      these preliminary findings and to determine the efficacy of CBT insomnia treatment for
      interrupting the disturbed nocturnal sleep and daytime pain, fatigue, and distress symptom
      complex that defines FM.

      One arm of this study's three-by-four factorial design will compare CBT with both a contact
      control treatment and standard care. The other arm in the design is a repeated-measures
      factor consisting of four time points (i.e., baseline, mid-treatment, post-treatment, and
      6-month follow-up periods) at which we will assess outcome. We will assess participants at
      all four time points with objective (wrist actigraphy) and subjective (sleep logs, Insomnia
      Symptom Questionnaire) measures of sleep improvements, measures of subjective pain, and
      questionnaires that assess mood (State-Trait Anxiety and Beck Depression Scales) and general
      quality of life (SF-36). We will conduct multivariate statistical analyses and tests of
      clinical significance with these various measures. We will also conduct exploratory analyses
      to determine if polysomnographically-derived sleep measures obtained prior to treatment
      correlate with initial levels of pain and distress or eventual treatment outcome.

      Results should provide information about the usefulness of CBT for treating FM-related sleep
      difficulties. Results should also improve understanding of the FM syndrome in general and
      provide new information about the potential role of behavioral therapy in the overall
      management of this disorder.

      Individuals interested in participating in this study should live within reasonable commuting
      distance from the Duke University Medical Center (Durham, NC), because this research requires
      multiple outpatient visits for screening and treatment.
    </field><field name='textblock'>
        Inclusion Criteria:

          -  Insomnia for more than 1 month

          -  Fibromyalgia diagnosis

          -  Participants must live within easy commuting distance of Duke Medical Center, Durham,
             North Carolina

        Exclusion Criteria:

          -  Terminal illness

          -  Major psychiatric disorder

          -  Substance abuse

          -  Dependence on hypnotic drugs

          -  Other sleep disorders (sleep apnea, restless legs, etc.)

          -  Other sleep-disturbing medical disorders (painful arthritis, thyroid condition, etc.)
      </field><field name='overall_status'>Completed</field><field name='start_date'>July 1999</field><field name='completion_date'>September 2004</field><field name='phase'>N/A</field><field name='study_type'>Interventional</field><field name='has_expanded_access'>No</field><field name='study_design_info'>
    </field><field name='allocation'>Randomized</field><field name='intervention_model'>Parallel Assignment</field><field name='primary_purpose'>Treatment</field><field name='masking'>Single</field><field name='enrollment'>106</field><field name='condition'>Fibromyalgia</field><field name='condition'>Insomnia</field><field name='intervention'>
    </field><field name='intervention_type'>Behavioral</field><field name='intervention_name'>Behavioral insomnia therapy</field><field name='eligibility'>
    </field><field name='criteria'>
      </field><field name='gender'>All</field><field name='minimum_age'>21 Years</field><field name='maximum_age'>65 Years</field></doc></add>