<add><doc><field name='clinical_study'>
  
  </field><field name='required_header'>
    </field><field name='download_date'>ClinicalTrials.gov processed this data on September 16, 2022</field><field name='link_text'>Link to the current ClinicalTrials.gov record.</field><field name='url'>https://clinicaltrials.gov/show/NCT00000271</field><field name='id_info'>
    </field><field name='org_study_id'>3881</field><field name='nct_id'>NCT00000271</field><field name='brief_title'>New Approaches to Cocaine Abuse Medications (A) - 6</field><field name='official_title'>New Approaches to Cocaine Abuse Medications (A)</field><field name='sponsors'>
    </field><field name='lead_sponsor'>
      </field><field name='agency'>New York State Psychiatric Institute</field><field name='agency'>National Institute on Drug Abuse (NIDA)</field><field name='agency_class'>Other</field><field name='agency_class'>NIH</field><field name='source'>New York State Psychiatric Institute</field><field name='oversight_info'>
    </field><field name='is_fda_regulated_drug'>Yes</field><field name='is_fda_regulated_device'>No</field><field name='brief_summary'>
    </field><field name='textblock'>
      The purpose of this study is to measure the effect of desipramine in cocaine abusers selected
      for major depression or dysthymia.
    </field><field name='textblock'>
      This is a randomized, 12-week, double-blind, 'placebo-controlled trial of outpatients meeting
      DSM-III-R criteria for cocaine dependence and major depression or dysthymia (by SCID
      interview). Participants were treated with desipramine, up to 300 mg per day, or matching
      placebo. All patients received weekly individual manual-guided relapse prevention therapy.
      Weekly outcome measures included the Clinical Global Impression Scale, self-reported cocaine
      use and craving, urine toxicology, and the Hamilton Depression Scale.
    </field><field name='textblock'>
        Inclusion:

          1. Meets DSM-IV criteria for current cocaine dependence.

          2. Used cocaine at least one day in the past month.

          3. Currently meets DSM-IV criteria for Major Depression or Dysthymia.

          4. Depressive disorder is either:

               1. primary (antedates earliest lifetime substance abuse or

               2. persistent during 6 months of abstinence in the past or

               3. at least 3 months duration in the current episode

          5. Age 18-60.

          6. Able to give informed consent and comply with study procedures.

        Exclusion:

          1. Meets DSM-IV criteria for past mania (i.e. bipolar disorder), schizophrenia or any
             psychotic disorder other than transient psychosis due to drug abuse.

          2. History of seizures.

          3. History of allergic reaction to desipramine or imipramine.

          4. Chronic organic mental disorder.

          5. Significant current suicidal risk.

          6. Pregnancy, lactation or failure in sexually active female patients to use adequate
             contraceptive methods.

          7. Unstable physical disorders which might make participation hazardous such as
             hypertension, hepatitis or diabetes.

          8. Coronary vascular disease as indicated by history or suspected by abnormal ECG or
             history or cardiac symptoms.

          9. Cardiac conduction system disease as indicated by QRS duration >0.11.

         10. Current use of other prescribed psychotropic medications within the last 2 weeks.

         11. History of failure to respond to a previous adequate trial of desipramine or another
             tricyclic antidepressant.

         12. Currently meets criteria for another substance dependence disorder (DSM-IV) other than
             nicotine, marijuana or alcohol.
      </field><field name='overall_status'>Completed</field><field name='start_date'>January 1995</field><field name='completion_date'>October 2002</field><field name='primary_completion_date'>October 2002</field><field name='phase'>Phase 2</field><field name='study_type'>Interventional</field><field name='has_expanded_access'>No</field><field name='study_design_info'>
    </field><field name='allocation'>Randomized</field><field name='intervention_model'>Parallel Assignment</field><field name='primary_purpose'>Treatment</field><field name='masking'>None (Open Label)</field><field name='primary_outcome'>
    </field><field name='primary_outcome'>
    </field><field name='measure'>Cocaine Use</field><field name='measure'>Depression</field><field name='time_frame'>Weekly over a 12 week period.</field><field name='time_frame'>Bi-weekly over a 12 week period.</field><field name='description'>Clinical Global Impression Scale, self-reported cocaine use and craving, urine toxicology.</field><field name='description'>Hamilton Depression Scale</field><field name='description'>Participants were treated with desipramine, up to 300 mg per day. All patients received weekly individual manual-guided relapse prevention therapy.</field><field name='description'>Participants were treated with matching placebo. All patients received weekly individual manual-guided relapse prevention therapy.</field><field name='description'>Participants were treated with desipramine, up to 300 mg per day, or matching placebo. All participants received weekly individual manual-guided relapse prevention therapy.</field><field name='description'>Participants were treated with matching placebo. All participants received weekly individual manual-guided relapse prevention therapy.</field><field name='number_of_arms'>2</field><field name='enrollment'>111</field><field name='condition'>Cocaine-Related Disorders</field><field name='condition'>Substance-Related Disorders</field><field name='arm_group'>
    </field><field name='arm_group'>
    </field><field name='arm_group_label'>Desipramine</field><field name='arm_group_label'>Placebo</field><field name='arm_group_label'>Desipramine</field><field name='arm_group_label'>Placebo</field><field name='arm_group_type'>Experimental</field><field name='arm_group_type'>Placebo Comparator</field><field name='intervention'>
    </field><field name='intervention'>
    </field><field name='intervention_type'>Drug</field><field name='intervention_type'>Drug</field><field name='intervention_name'>Desipramine</field><field name='intervention_name'>Placebo</field><field name='description'>Clinical Global Impression Scale, self-reported cocaine use and craving, urine toxicology.</field><field name='description'>Hamilton Depression Scale</field><field name='description'>Participants were treated with desipramine, up to 300 mg per day. All patients received weekly individual manual-guided relapse prevention therapy.</field><field name='description'>Participants were treated with matching placebo. All patients received weekly individual manual-guided relapse prevention therapy.</field><field name='description'>Participants were treated with desipramine, up to 300 mg per day, or matching placebo. All participants received weekly individual manual-guided relapse prevention therapy.</field><field name='description'>Participants were treated with matching placebo. All participants received weekly individual manual-guided relapse prevention therapy.</field><field name='arm_group_label'>Desipramine</field><field name='arm_group_label'>Placebo</field><field name='arm_group_label'>Desipramine</field><field name='arm_group_label'>Placebo</field><field name='eligibility'>
    </field><field name='criteria'>
      </field><field name='gender'>All</field><field name='minimum_age'>18 Years</field><field name='maximum_age'>60 Years</field></doc></add>