<add><doc><field name='clinical_study'>
  
  </field><field name='required_header'>
    </field><field name='download_date'>ClinicalTrials.gov processed this data on September 16, 2022</field><field name='link_text'>Link to the current ClinicalTrials.gov record.</field><field name='url'>https://clinicaltrials.gov/show/NCT00000520</field><field name='id_info'>
    </field><field name='org_study_id'>39</field><field name='nct_id'>NCT00000520</field><field name='brief_title'>Prevention of Coronary Aneurysms in Kawasaki Syndrome</field><field name='sponsors'>
    </field><field name='lead_sponsor'>
      </field><field name='agency'>National Heart, Lung, and Blood Institute (NHLBI)</field><field name='agency_class'>NIH</field><field name='source'>National Heart, Lung, and Blood Institute (NHLBI)</field><field name='brief_summary'>
    </field><field name='textblock'>
      To test the efficacy of intravenous gamma globulin (IVGG) in preventing coronary artery
      aneurysms in children with Kawasaki Syndrome.
    </field><field name='textblock'>
      BACKGROUND:

      Kawasaki Syndrome is an acute febrile illness that occurs predominantly in previously healthy
      young children. It is of unknown etiology and was first described in Japan in 1967. The
      illness carries an acute mortality rate of approximately 3 percent. The Centers for Disease
      Control defines Kawasaki Syndrome as a fever lasting five or more days for which no
      explanation can be found. Patients also must have at least four of the following symptoms:
      bilateral conjunctival infection; infected or fissured lips, pharynx, or a 'strawberry
      tongue'; erythema of the palms or soles, or edema of the hands or feet, or generalized or
      periungual desquamation; rash; and cervical lymphadenopathy.

      Coronary artery aneurysms occur in 15-20 percent of children with the illness. In the past,
      no treatment had been shown to be effective in preventing this complication. Investigators in
      Japan began to use IVGG to reduce the aneurysm formation. Preliminary results showing the
      usefulness of this therapy led to a multicenter trial in Japan in which 400 mg/kg/day of IVGG
      were given for five days to children also receiving aspirin for the condition. Results of the
      Japanese trial showed that within 29 days of the onset of the disease, coronary artery
      dilatation had developed in 42 percent of the aspirin-treated children and in 15 percent of
      the IVGG and aspirin-treated children.

      DESIGN NARRATIVE:

      Phase I was randomized, unblinded and stratified by age, sex, and center. Subjects were
      randomized to receive either 80 to 120 mg/kg/day of aspirin through day 14 of illness,
      subsequently reduced to 3 to 5 mg/kg/day as a single daily dose or to 400 mg/kg/day of
      intravenous gamma globulin for four consecutive days plus aspirin as above. Primary endpoint
      was formation of aneurysms as demonstrated by echocardiograms. Follow-up was for 7 weeks.

      Phase II of the trial began enrollment of 549 patients in May 1986 and ended enrollment in
      November 1989. Two hundred and seventy six children were randomized to receive 400 mg/kg of
      intravenous gamma globulin over four consecutive days. Two hundred and seventy-three received
      a single infusion of 2 g/kg of body weight over 10 hours. Both treatment groups received 100
      mg/kg of aspirin per day through day 14 and then 3 to 5 mg/kg per day. The primary outcome
      variables were the presence or absence of coronary artery abnormalities evident at the two
      week and seven week follow-up examinations. Echocardiograms were obtained for 523 children at
      the two week visit and for 520 children at the seven week visit.
    </field><field name='textblock'>
        Boys and girls who met the CDC criteria for Kawasaki Syndrome. Subjects were excluded if
        they presented themselves to the participating centers after the tenth day of illness.
      </field><field name='overall_status'>Completed</field><field name='start_date'>July 1985</field><field name='completion_date'>November 1989</field><field name='phase'>Phase 2</field><field name='study_type'>Interventional</field><field name='has_expanded_access'>No</field><field name='study_design_info'>
    </field><field name='allocation'>Randomized</field><field name='intervention_model'>Parallel Assignment</field><field name='primary_purpose'>Prevention</field><field name='condition'>Cardiovascular Diseases</field><field name='condition'>Coronary Aneurysm</field><field name='condition'>Heart Diseases</field><field name='condition'>Mucocutaneous Lymph Node Syndrome</field><field name='intervention'>
    </field><field name='intervention'>
    </field><field name='intervention_type'>Drug</field><field name='intervention_type'>Drug</field><field name='intervention_name'>immunoglobulins, intravenous</field><field name='intervention_name'>aspirin</field><field name='eligibility'>
    </field><field name='criteria'>
      </field><field name='gender'>All</field><field name='minimum_age'>1 Year</field><field name='maximum_age'>17 Years</field></doc></add>