<add><doc><field name='clinical_study'>
  
  </field><field name='required_header'>
    </field><field name='download_date'>ClinicalTrials.gov processed this data on September 16, 2022</field><field name='link_text'>Link to the current ClinicalTrials.gov record.</field><field name='url'>https://clinicaltrials.gov/show/NCT00000444</field><field name='id_info'>
    </field><field name='org_study_id'>NIAAAJOS11124</field><field name='nct_id'>NCT00000444</field><field name='brief_title'>Timing of Smoking Intervention in Alcohol Treatment (Nicotine Patch)</field><field name='official_title'>Timing of Smoking Intervention in Alcohol Treatment</field><field name='sponsors'>
    </field><field name='lead_sponsor'>
      </field><field name='agency'>Minneapolis Veterans Affairs Medical Center</field><field name='agency'>National Institute on Alcohol Abuse and Alcoholism (NIAAA)</field><field name='agency_class'>U.S. Fed</field><field name='agency_class'>NIH</field><field name='source'>Minneapolis Veterans Affairs Medical Center</field><field name='brief_summary'>
    </field><field name='textblock'>
      This study will attempt to determine the best time to begin a smoking cessation program in
      individuals who undergo intensive treatment for alcohol dependence. The goal of this trial is
      to determine whether a smoking cessation program is more effective if it occurs at the same
      time as or after treatment for alcohol dependence. The study also will attempt to determine
      the effect of smoking cessation programs on the outcome of treatment for alcohol dependence.
    </field><field name='textblock'>
        Inclusion Criteria:

          -  Meets criteria for alcohol use disorder and other drug dependence.

          -  Complete first week of alcohol treatment program.

          -  Current cigarette smoker (more than 5 cigarettes/day, smoking more than 1 year).

        Exclusion Criteria:

          -  Lifetime diagnosis of an excluding psychiatric disorder: bipolar disorder,
             schizophrenia or other psychotic disorder, panic disorder with or without agoraphobia,
             obsessive-compulsive disorder, generalized anxiety disorder, eating disorder, post-
             traumatic stress disorder, antisocial personality disorder, or borderline personality
             disorder.

          -  Unable to participate in protocol due to functional deficits or severe depression.

          -  Suicidal or homicidal ideation.

          -  Current use of disulfiram (Antabuse) or naltrexone (Revia).

          -  Current use of pipes, cigars, or smokeless tobacco and unwillingness to stop.

          -  Lives more than 100 miles from alcohol treatment facility.

          -  No telephone.
      </field><field name='overall_status'>Completed</field><field name='start_date'>September 1997</field><field name='completion_date'>January 2004</field><field name='primary_completion_date'>January 2004</field><field name='phase'>Phase 4</field><field name='study_type'>Interventional</field><field name='has_expanded_access'>No</field><field name='study_design_info'>
    </field><field name='allocation'>Randomized</field><field name='primary_purpose'>Treatment</field><field name='masking'>None (Open Label)</field><field name='enrollment'>500</field><field name='condition'>Alcoholism</field><field name='condition'>Smoking</field><field name='intervention'>
    </field><field name='intervention_type'>Drug</field><field name='intervention_name'>nicotine replacement patch</field><field name='eligibility'>
    </field><field name='criteria'>
      </field><field name='gender'>All</field><field name='minimum_age'>21 Years</field><field name='maximum_age'>75 Years</field></doc></add>