<add><doc><field name='clinical_study'>
  
  </field><field name='required_header'>
    </field><field name='download_date'>ClinicalTrials.gov processed this data on September 16, 2022</field><field name='link_text'>Link to the current ClinicalTrials.gov record.</field><field name='url'>https://clinicaltrials.gov/show/NCT00000104</field><field name='id_info'>
    </field><field name='org_study_id'>NCRR-M01RR00400-0587</field><field name='nct_id'>NCT00000104</field><field name='brief_title'>Does Lead Burden Alter Neuropsychological Development?</field><field name='sponsors'>
    </field><field name='lead_sponsor'>
      </field><field name='agency'>National Center for Research Resources (NCRR)</field><field name='agency'>HRSA/Maternal and Child Health Bureau</field><field name='agency_class'>NIH</field><field name='agency_class'>U.S. Fed</field><field name='source'>National Center for Research Resources (NCRR)</field><field name='brief_summary'>
    </field><field name='textblock'>
      Inner city children are at an increased risk for lead overburden. This in turn affects
      cognitive functioning. However, the underlying neuropsychological effects of lead overburden
      and its age-specific effects have not been well delineated. This study is part of a larger
      study on the effects of lead overburden on the development of attention and memory. The
      larger study is using a multi-model approach to study the effects of lead overburden on these
      effects including the event-related potential (ERP), electrophysiologic measures of attention
      and memory are studied. Every eight months, for a total of three sessions the subjects will
      complete ERP measures of attention and memory which require them to watch various computer
      images while wearing scalp electrodes recording from 11 sites. It is this test that we are
      going to be doing on CRC. There will be 30 lead overburdened children recruited from the
      larger study for participation in the ERP studies on CRC. These 30 children will be matched
      with 30 children without lead overburden. This portion of the study is important in providing
      an index of physiological functioning to be used along with behaviorally based measures of
      attention and memory, and for providing information about the different measures.
    </field><field name='textblock'>
        Inclusion Criteria:

          -  Pregnant mothers of the Phillips neighborhood in Minneapolis, Minnesota. Subject
             recruitment will take place in local clinics which serve pregnant women and offspring
      </field><field name='overall_status'>Completed</field><field name='study_type'>Observational</field><field name='has_expanded_access'>No</field><field name='study_design_info'>
    </field><field name='condition'>Lead Poisoning</field><field name='intervention'>
    </field><field name='intervention_type'>Procedure</field><field name='intervention_name'>ERP measures of attention and memory</field><field name='eligibility'>
    </field><field name='criteria'>
      </field><field name='gender'>Female</field><field name='minimum_age'>0 Years</field><field name='maximum_age'>N/A</field></doc></add>