<add><doc><field name='clinical_study'>
  
  </field><field name='required_header'>
    </field><field name='download_date'>ClinicalTrials.gov processed this data on September 16, 2022</field><field name='link_text'>Link to the current ClinicalTrials.gov record.</field><field name='url'>https://clinicaltrials.gov/show/NCT00000470</field><field name='id_info'>
    </field><field name='org_study_id'>59</field><field name='nct_id'>NCT00000470</field><field name='brief_title'>Infant Heart Surgery: Central Nervous System Sequelae of Circulatory Arrest</field><field name='official_title'>Infant Heart Surgery: Central Nervous System Sequelae of Circulatory Arrest</field><field name='sponsors'>
    </field><field name='lead_sponsor'>
      </field><field name='agency'>Boston Children's Hospital</field><field name='agency'>National Heart, Lung, and Blood Institute (NHLBI)</field><field name='agency_class'>Other</field><field name='agency_class'>NIH</field><field name='source'>Boston Children's Hospital</field><field name='oversight_info'>
    </field><field name='brief_summary'>
    </field><field name='textblock'>
      To compare the influence of two surgical anesthetic techniques, hypothermia with circulatory
      arrest or hypothermia with low-flow bypass perfusion, on neurologic functioning in infants
      undergoing heart surgery.
    </field><field name='textblock'>
      BACKGROUND:

      The pediatric medical community has long been concerned about the increased incidence of
      cerebral dysfunction among newborns with severe cyanotic congenital heart disease. There has
      been concern about a great number of potential predisposing factors including the effects of
      hypoxemia and acidosis, trauma during cardiac catheterization, and the duration of prolonged
      decreased arterial oxygen saturation. Many infants undoubtedly undergo significant brain
      damage prior to surgery, but may be subject to further insult in the peri-operative period.
      The proposed trial studied circulatory arrest versus low-flow bypass methods of surgical
      support in a homogeneous group of patients who were managed in identical fashion in all other
      aspects of their treatment. Major factors, such as the influence of cardiac catheterization
      and presurgical status were specifically incorporated into the primary statistical analysis.
      This was important in order to identify significant predisposing causes of brain injury
      beyond the surgical techniques being compared, and to increase the power of the comparison.

      DESIGN NARRATIVE:

      Randomized, partially blinded. Infants were assigned to deep hypothermia and either
      circulatory arrest or low-flow bypass support during arterial switch surgical repair of
      transposition of the great arteries. Randomization was stratified by diagnosis (with or
      without septal defect) and by specific surgeon of three, thus yielding six strata within each
      treatment group. Randomization was also blocked to minimize imbalances in treatment
      assignment between strata. The study was partially blinded, in that outcome data were
      obtained by investigators who were unaware of management, surgical care, and intensive care
      were standardized. Hemodynamic assessment was made early in the post-operative period. The
      outcomes of primary interest (magnetic resonance imaging, neurologic examination, and
      psychometric testing) were reviewed at the one-year evaluation, to maximize relevance to the
      long-term prognosis. Pre-operative and seven-to-ten day post-operative neurologic examination
      was also carried out. Developmental status at one year was measured by the Bayley
      developmental scales and the Fagan test of infant intelligence. Brain function was assessed
      by neurologic examination at one year. The recruitment period extended from April 1988 to
      February 1992.

      The trial was extended through December 1997 to allow four years of follow-up. The follow-up
      allowed the assessment of a primary outcome variable in the neurologic domain and a primary
      outcome variable in the developmental domain. The primary outcome variable of the neurologic
      examination resulted in an ordered classification of three categories of normal, minor, and
      major dysfunction, such as apraxia or cerebral palsy. Development was assessed using
      standardized measures of cognition, behavior, language, attention, and motor skills. The
      primary outome variable for the developmental evaluation was the intelligence quotient on the
      Wechsler Preschool and Primary Scale of Intelligence (WPPSI-R). Secondary outcome variables
      included measurements of behavior and performance in specific domains of speech and language,
      visual motor integration, attention, motor function, and temperament.

      Beginning in January 1998, the study was extended for an additional four years through
      December 2001 to compare the effects of the two intraoperative methods with respect to
      developmental and neurologic status at eight years of age. Developmental status was assessed
      by the Wechsler Individual Achievement Test (primary outcome) and by the presence of learning
      disabilities and performance in specific neuropsychologic domains (secondary outcomes).
      Neurologic status was determined by neurologic exam (primary outcome) and by specific types
      of dysfunction such as motor problems. The study also compared the academic and intellectual
      performance of the cohort at age eight years to population norms and used the data to
      identify correlates of the children's eight year outcomes, as well as their development
      between ages one and eight.
    </field><field name='textblock'>
        Boy and girl infants, up to three months of age, with transposition of the great arteries
        with or without septal defect.
      </field><field name='overall_status'>Completed</field><field name='start_date'>December 1988</field><field name='completion_date'>October 1993</field><field name='primary_completion_date'>February 1992</field><field name='phase'>Phase 3</field><field name='study_type'>Interventional</field><field name='has_expanded_access'>No</field><field name='study_design_info'>
    </field><field name='allocation'>Randomized</field><field name='intervention_model'>Parallel Assignment</field><field name='primary_purpose'>Treatment</field><field name='enrollment'>171</field><field name='condition'>Cardiovascular Diseases</field><field name='condition'>Cerebral Anoxia</field><field name='condition'>Cerebrovascular Disorders</field><field name='condition'>Defect, Congenital Heart</field><field name='condition'>Heart Diseases</field><field name='condition'>Transposition of Great Vessels</field><field name='condition'>Heart Septal Defects, Ventricular</field><field name='intervention'>
    </field><field name='intervention'>
    </field><field name='intervention_type'>Procedure</field><field name='intervention_type'>Procedure</field><field name='intervention_name'>cardiac surgical procedures</field><field name='intervention_name'>cardiopulmonary bypass</field><field name='eligibility'>
    </field><field name='criteria'>
      </field><field name='gender'>All</field><field name='minimum_age'>N/A</field><field name='maximum_age'>1 Year</field></doc></add>