<add><doc><field name='clinical_study'>
  
  </field><field name='required_header'>
    </field><field name='download_date'>ClinicalTrials.gov processed this data on September 16, 2022</field><field name='link_text'>Link to the current ClinicalTrials.gov record.</field><field name='url'>https://clinicaltrials.gov/show/NCT00000113</field><field name='url'>http://www.nei.nih.gov/health/clinicalstudies/</field><field name='id_info'>
    </field><field name='org_study_id'>NEI-9</field><field name='nct_id'>NCT00000113</field><field name='brief_title'>Correction of Myopia Evaluation Trial (COMET)</field><field name='official_title'>Correction of Myopia Evaluation Trial (COMET)</field><field name='sponsors'>
    </field><field name='lead_sponsor'>
      </field><field name='agency'>Stony Brook University</field><field name='agency'>National Eye Institute (NEI)</field><field name='agency_class'>Other</field><field name='agency_class'>NIH</field><field name='source'>Stony Brook University</field><field name='oversight_info'>
    </field><field name='brief_summary'>
    </field><field name='textblock'>
      To evaluate whether progressive addition lenses (PALs) slow the rate of progression of
      juvenile-onset myopia (nearsightedness) when compared with single vision lenses, as measured
      by cycloplegic autorefraction. An additional outcome measure is axial length, as measured by
      A-scan ultrasonography.

      To describe the natural history of juvenile-onset myopia in a group of children receiving
      conventional treatment (single vision lenses).
    </field><field name='textblock'>
      Myopia (nearsightedness) is an important public health problem, which entails substantial
      societal and personal costs. It is highly prevalent in our society and even more frequent in
      Asian countries; furthermore, its prevalence may be increasing over time. High myopia
      contributes to significant loss of vision and blindness. At present, the mechanisms involved
      in the etiology of myopia are unclear, and there is no way to prevent the condition. Current
      methods of correction require lifelong use of lenses or surgical treatment, which is
      expensive and may lead to complications. The rationale for this trial, the Correction of
      Myopia Evaluation Trial (COMET), arises from the convergence of research involving (1) the
      link between accommodation and myopia in children and (2) animal models of myopia showing the
      important role of the visual environment in eye growth. A contribution of this research is
      that blur is a critical component in the development of myopia. The primary aim of COMET, to
      evaluate the efficacy of progressive addition lenses, a noninvasive intervention, in slowing
      the progression of myopia, follows from this line of reasoning. These lenses should provide
      clear visual input over a range of viewing distances without focusing effort by the child.
      The comparison of myopia progression in children treated with PALs versus single vision
      lenses will allow the quantification of the effect of PALs on myopia progression during the
      followup period.

      The COMET is a multicenter, randomized, double-masked clinical trial to evaluate whether PALs
      slow the progression of juvenile-onset myopia as compared with single vision lenses. The
      study is a collaborative effort that involves a Study Chair at the New England College of
      Optometry; four clinical centers at colleges of optometry in Boston, Birmingham,
      Philadelphia, and Houston; and a Coordinating Center at the State University of New York at
      Stony Brook.

      The sample size goal, 450 children with myopia in both eyes who met specific inclusion and
      exclusion criteria, was attained with the enrollment of 469 children in one year. Children
      were identified from school screenings, clinic records, and referrals from local
      practitioners. Eligible children were randomly assigned to receive progressive addition or
      single vision lenses. Participating children are being examined at 6-month intervals
      following baseline, for at least 3 years, to measure changes in refractive error and to
      update prescriptions, according to a specified protocol. A dilated examination to evaluate
      the study outcome measures is performed at the annual study visits. A standardized, common
      protocol is used at all centers.

      The primary outcome of the study is progression of myopia, defined as the magnitude of the
      change relative to baseline in spherical equivalent refraction, determined by cycloplegic
      autorefraction. The secondary outcome of the study is axial length measured by A-scan
      ultrasonography.
    </field><field name='textblock'>
        Children between the ages of 6 and 12 years with myopia in both eyes (defined as spherical
        equivalent between -1.25 D and -4.50 D in each eye as measured by cycloplegic
        autorefraction), astigmatism less than or equal to 1.50 D, and no anisometropia (defined as
        a difference in spherical equivalent between the two eyes greater than 1.0 D) are eligible
        for inclusion. Exclusion criteria include visual acuity greater than 20/25, strabismus, use
        of contact lenses, birth weight less than 1,250 grams, use of bifocal or progressive
        addition lenses, or any conditions precluding adherence to the protocol.
      </field><field name='overall_status'>Completed</field><field name='start_date'>September 1997</field><field name='completion_date'>September 2013</field><field name='primary_completion_date'>October 2001</field><field name='phase'>Phase 3</field><field name='study_type'>Interventional</field><field name='has_expanded_access'>No</field><field name='study_design_info'>
    </field><field name='allocation'>Randomized</field><field name='intervention_model'>Parallel Assignment</field><field name='primary_purpose'>Treatment</field><field name='masking'>Triple (Participant, Investigator, Outcomes Assessor)</field><field name='primary_outcome'>
    </field><field name='measure'>Progression of myopia, determined by cycloplegic autorefraction</field><field name='measure'>Axial length measured by A-scan ultrasonography</field><field name='description'>Varilux comfort with +2.00 addition</field><field name='description'>NEI Clinical Studies Database</field><field name='number_of_arms'>2</field><field name='enrollment'>469</field><field name='condition'>Myopia</field><field name='arm_group'>
    </field><field name='arm_group'>
    </field><field name='arm_group_label'>Progressive Addition Lenses (PALs)</field><field name='arm_group_label'>Single Vision Lenses</field><field name='arm_group_label'>Progressive Addition Lenses (PALs)</field><field name='arm_group_label'>Single Vision Lenses</field><field name='arm_group_type'>Experimental</field><field name='arm_group_type'>Active Comparator</field><field name='intervention'>
    </field><field name='intervention'>
    </field><field name='intervention_type'>Other</field><field name='intervention_type'>Other</field><field name='intervention_name'>Progressive Addition Lenses</field><field name='intervention_name'>single vision lenses</field><field name='description'>Varilux comfort with +2.00 addition</field><field name='description'>NEI Clinical Studies Database</field><field name='arm_group_label'>Progressive Addition Lenses (PALs)</field><field name='arm_group_label'>Single Vision Lenses</field><field name='arm_group_label'>Progressive Addition Lenses (PALs)</field><field name='arm_group_label'>Single Vision Lenses</field><field name='eligibility'>
    </field><field name='criteria'>
      </field><field name='gender'>All</field><field name='minimum_age'>6 Years</field><field name='maximum_age'>12 Years</field></doc></add>