<add><doc><field name='clinical_study'>
  
  </field><field name='required_header'>
    </field><field name='download_date'>ClinicalTrials.gov processed this data on September 16, 2022</field><field name='link_text'>Link to the current ClinicalTrials.gov record.</field><field name='url'>https://clinicaltrials.gov/show/NCT00000190</field><field name='id_info'>
    </field><field name='org_study_id'>NIDA-00144-4</field><field name='nct_id'>NCT00000190</field><field name='brief_title'>Cocaine in Parotid Saliva, Blood and Urine - 4</field><field name='official_title'>Cocaine in Parotid Saliva, Blood and Urine</field><field name='sponsors'>
    </field><field name='lead_sponsor'>
      </field><field name='agency'>University of Pennsylvania</field><field name='agency'>National Institute on Drug Abuse (NIDA)</field><field name='agency_class'>Other</field><field name='agency_class'>NIH</field><field name='source'>University of Pennsylvania</field><field name='brief_summary'>
    </field><field name='textblock'>
      The purpose of this study is to establish the use of parotid saliva as a means of detecting
      and quantifying cocaine and its metabolites.
    </field><field name='textblock'>
        Please contact site for information.
      </field><field name='overall_status'>Completed</field><field name='start_date'>January 1991</field><field name='completion_date'>February 1992</field><field name='primary_completion_date'>February 1992</field><field name='phase'>Phase 1</field><field name='study_type'>Interventional</field><field name='has_expanded_access'>No</field><field name='study_design_info'>
    </field><field name='primary_purpose'>Diagnostic</field><field name='primary_outcome'>
    </field><field name='measure'>Cocaine & benzoylecgonine content in saliva, plasma, & urine</field><field name='enrollment'>0</field><field name='condition'>Cocaine-Related Disorders</field><field name='intervention'>
    </field><field name='intervention_type'>Procedure</field><field name='intervention_name'>Parotid Gland</field><field name='eligibility'>
    </field><field name='criteria'>
      </field><field name='gender'>Male</field><field name='minimum_age'>N/A</field><field name='maximum_age'>N/A</field></doc></add>