<add><doc><field name='clinical_study'>
  
  </field><field name='required_header'>
    </field><field name='download_date'>ClinicalTrials.gov processed this data on September 16, 2022</field><field name='link_text'>Link to the current ClinicalTrials.gov record.</field><field name='url'>https://clinicaltrials.gov/show/NCT00000206</field><field name='id_info'>
    </field><field name='org_study_id'>NIDA-06082-2</field><field name='nct_id'>NCT00000206</field><field name='brief_title'>Clinical Rescue Protocol - 2</field><field name='official_title'>Clinical Rescue Protocol</field><field name='sponsors'>
    </field><field name='lead_sponsor'>
      </field><field name='agency'>University of California, Los Angeles</field><field name='agency'>National Institute on Drug Abuse (NIDA)</field><field name='agency_class'>Other</field><field name='agency_class'>NIH</field><field name='source'>University of California, Los Angeles</field><field name='brief_summary'>
    </field><field name='textblock'>
      The purpose of this study is to detect increasing medication dose results in heroin cessation
      for patients still using, to determine if decreasing medication dose in patients unable to
      tolerate medication dose increases retention, and to determine if blood levels of methadone
      or buprenorphine correlate with clinical response.
    </field><field name='textblock'>
        Inclusion Criteria:

        M/F ages 21-50. Opiate dependence according to DSM-IV criteria. Self-reported use within
        the last 30 days. Agreeable to conditions of study and signed informed consent.

        Exclusion Criteria:

        Psychiatric disorder that requires medication therapy. History of seizures. Pregnant and/or
        nursing women. Dependence on ETOH or benzodiazepines or other sedative-hynotics. Acute
        hepatitis. Other medical conditions that deem participation to be unsafe.
      </field><field name='overall_status'>Completed</field><field name='start_date'>April 1991</field><field name='primary_completion_date'>August 2005</field><field name='phase'>Phase 2</field><field name='study_type'>Interventional</field><field name='has_expanded_access'>No</field><field name='study_design_info'>
    </field><field name='primary_purpose'>Treatment</field><field name='masking'>Double</field><field name='primary_outcome'>
    </field><field name='primary_outcome'>
    </field><field name='primary_outcome'>
    </field><field name='primary_outcome'>
    </field><field name='measure'>Retention</field><field name='measure'>Opiate use</field><field name='measure'>Opiate craving</field><field name='measure'>Adverse events</field><field name='enrollment'>0</field><field name='condition'>Opioid-Related Disorders</field><field name='intervention'>
    </field><field name='intervention_type'>Drug</field><field name='intervention_name'>Buprenorphine</field><field name='eligibility'>
    </field><field name='criteria'>
      </field><field name='gender'>All</field><field name='minimum_age'>21 Years</field><field name='maximum_age'>50 Years</field></doc></add>