<add><doc><field name='clinical_study'>
  
  </field><field name='required_header'>
    </field><field name='download_date'>ClinicalTrials.gov processed this data on September 16, 2022</field><field name='link_text'>Link to the current ClinicalTrials.gov record.</field><field name='url'>https://clinicaltrials.gov/show/NCT00000431</field><field name='id_info'>
    </field><field name='org_study_id'>N01 AR92238</field><field name='nct_id'>NCT00000431</field><field name='brief_title'>Preliminary Testing of New Treatment for Chronic Leg Wounds</field><field name='official_title'>Phase I Trial to Evaluate the Safety of Platelet Derived Growth Factor B (PDGF-B) and a Limb Compression Bandage in Venous Leg Ulcers</field><field name='sponsors'>
    </field><field name='lead_sponsor'>
      </field><field name='agency'>University of Pennsylvania</field><field name='agency'>National Institute of Arthritis and Musculoskeletal and Skin Diseases (NIAMS)</field><field name='agency'>National Gene Vector Laboratory</field><field name='agency_class'>Other</field><field name='agency_class'>NIH</field><field name='agency_class'>Other</field><field name='source'>University of Pennsylvania</field><field name='oversight_info'>
    </field><field name='brief_summary'>
    </field><field name='textblock'>
      Most chronic (long-lasting) wounds of the leg (also known as venous ulcers) fail to heal in a
      reasonable period of time. Although researchers have made great progress in understanding how
      the body repairs wounds, attempts to develop new treatments have been disappointing. In
      general, treatments based on recent findings about the details of wound repair have not
      greatly reduced the number of people who have chronic wounds. The long-term goal of this
      study is to evaluate a new approach for healing a chronic wound. Current methods of directly
      applying substances that are involved in wound healing to a chronic wound do not cause enough
      healing. PDGF-B (platelet-derived growth factor B), a factor associated with wound healing,
      might dramatically enhance healing if a genetically engineered virus is injected into the
      wound that causes cells in the wound to produce PDGF-B in large quantities.
    </field><field name='textblock'>
      Most chronic wounds of the leg fail to heal in a reasonable period of time. In fact, despite
      considerable advances in elucidating the molecular basis of wound repair, attempts to develop
      new therapies have been disappointing. In general, therapies based on recently elucidated
      mechanisms of wound repair have had minimal effect on the overall number of individuals with
      a treated healed chronic wound. The long-term goal of this study is to evaluate a new
      approach for healing a chronic wound. Current methods of applying cytokines as a topical
      protein to treat chronic wounds result in an inadequate response. PDGF-B, a growth factor
      associated with wound healing, might dramatically enhance wound healing when produced in
      large quantities in the wound bed via adenovirus-mediated gene overexpression by the cells of
      the wound bed.

      This study consists of two trials. The goal of Trial A, a dose-escalation trial, is to
      determine the maximum tolerated dose (MTD) of PDGF-B/Ad5, an adenovirus vector designed to
      overexpress PDGF-B, with respect to local and systemic toxicity and biologic feasibility. The
      primary objective is to evaluate the acute safety, both local and systemic, of an intra-ulcer
      injection of PDGF-B/Ad5, thereby determining the recommended dose. Upon evaluating patients,
      they will be treated with a single intra-ulcer injection of PDGF-B/Ad5 in the wound. Patients
      will receive only one dose, which will be administered during a 72-hour inpatient stay in a
      research unit at the Hospital of the University of Pennsylvania.

      This study will use a standard three-six dose-escalation scheme. The MTD is defined as the
      highest dose for which fewer than two of six subjects experience a severe adverse reaction.
      Each patient will be closely monitored for clinical adverse reactions resulting from
      treatment with PDGF-B/Ad5. Toxicity will be graded according to the National Cancer
      Institute's Common Toxicity Criteria Scale.

      The primary objective of Trial B is to evaluate the safety and biologic feasibility of the
      MTD of PDGF-B/Ad5 reported in Trial A in a standard 24-week trial for treatment of a venous
      leg ulcer. For this study, 15 consecutive patients will be treated using the MTD. All
      patients will receive a single intra-ulcer injection of PDGF-B/Ad5 and a limb compression
      bandage to be changed weekly.Study participants will be followed for 24 weeks, which is the
      length of most FDA-approved venous leg ulcer trials.
    </field><field name='textblock'>
        Inclusion Criteria:

          -  Patient must have a venous leg ulcer.

          -  Patient must have failed at least 6 weeks of limb compression.

          -  Wound must be free of necrotic debris.

          -  Wound must be greater than 5 cm2 and less than 20 cm2.

          -  Wound must be more than 6 months old.

          -  Affected limb must have an ankle-brachial index (ABI) > 0.85.

          -  Patient must be more than 18 years old.

        Exclusion Criteria:

          -  Any active cancer or cancer in remission for less than 10 years.

          -  Patients with life expectancy of less than 6 months.

          -  Liver function tests (Alanine Transaminase(ALT) Aspartate Amino Transfer (AST)
             Alkaline Phosphatase (ALK PHOS) and bilirubin) greater than 1.5x upper limit of normal
             for the reference lab.

          -  Patients with intercurrent organ damage or medical problems.

          -  Pregnant or lactating females.

          -  Any requirement for systemic corticosteroids or immunosuppressives, or history of
             corticosteroid or immunosuppressive use in the 4 weeks previous to study entry.

          -  Seropositive for hepatitis B surface antigen or hepatitis C antibody.

          -  Any concurrent medical illness that may be exacerbated by PDGF-B/Ad5 administration.
      </field><field name='overall_status'>Completed</field><field name='start_date'>January 2005</field><field name='completion_date'>March 2011</field><field name='primary_completion_date'>July 2008</field><field name='phase'>Phase 1</field><field name='study_type'>Interventional</field><field name='has_expanded_access'>No</field><field name='study_design_info'>
    </field><field name='allocation'>Non-Randomized</field><field name='intervention_model'>Single Group Assignment</field><field name='primary_purpose'>Treatment</field><field name='masking'>None (Open Label)</field><field name='primary_outcome'>
    </field><field name='measure'>Safety of treatment</field><field name='measure'>Proof of concept</field><field name='time_frame'>Wtihin 28 days of administration</field><field name='time_frame'>Within 28 days of administration</field><field name='description'>Upon evaluation, participant will be treated with a single intra-ulcer injection of PDGF-B/Ad5 in the wound. Patients will receive only one dose, which will be administered during a 72-hour inpatient stay in a research unit at the Hospital of the University of Pennsylvania. This study will use a standard three-six dose-escalation scheme.</field><field name='description'>This is a dose finding study to evaluate the safety of a single injection of PDGF dna in an adenoviral vector.</field><field name='number_of_arms'>1</field><field name='enrollment'>24</field><field name='condition'>Varicose Ulcer</field><field name='arm_group'>
    </field><field name='arm_group_label'>1</field><field name='arm_group_label'>1</field><field name='arm_group_type'>Experimental</field><field name='intervention'>
    </field><field name='intervention_type'>Drug</field><field name='intervention_name'>PDGF-B/Ad5</field><field name='description'>Upon evaluation, participant will be treated with a single intra-ulcer injection of PDGF-B/Ad5 in the wound. Patients will receive only one dose, which will be administered during a 72-hour inpatient stay in a research unit at the Hospital of the University of Pennsylvania. This study will use a standard three-six dose-escalation scheme.</field><field name='description'>This is a dose finding study to evaluate the safety of a single injection of PDGF dna in an adenoviral vector.</field><field name='arm_group_label'>1</field><field name='arm_group_label'>1</field><field name='eligibility'>
    </field><field name='criteria'>
      </field><field name='gender'>All</field><field name='minimum_age'>18 Years</field><field name='maximum_age'>90 Years</field></doc></add>