<add><doc><field name='clinical_study'>
  
  </field><field name='required_header'>
    </field><field name='download_date'>ClinicalTrials.gov processed this data on September 16, 2022</field><field name='link_text'>Link to the current ClinicalTrials.gov record.</field><field name='url'>https://clinicaltrials.gov/show/NCT00000315</field><field name='id_info'>
    </field><field name='org_study_id'>NIDA-09482-1</field><field name='nct_id'>NCT00000315</field><field name='brief_title'>Human Dopamine Transported Imaging in Cocaine Abuse: 1 - 1</field><field name='official_title'>Human Dopamine Transported Imaging in Cocaine Abuse: 1</field><field name='sponsors'>
    </field><field name='lead_sponsor'>
      </field><field name='agency'>National Institute on Drug Abuse (NIDA)</field><field name='agency'>Johns Hopkins University</field><field name='agency_class'>NIH</field><field name='agency_class'>Other</field><field name='source'>National Institute on Drug Abuse (NIDA)</field><field name='brief_summary'>
    </field><field name='textblock'>
      The purpose of this study is to determine the density of DA transporters during prolonged
      cocaine abuse and during withdrawal from cocaine use. This aim will test the hypothesis that
      DA transporters are altered by cocaine abuse and reestablished during withdrawal.
    </field><field name='textblock'>
        Please contact site for information.
      </field><field name='overall_status'>Completed</field><field name='start_date'>November 1996</field><field name='completion_date'>December 2001</field><field name='phase'>Phase 1</field><field name='study_type'>Interventional</field><field name='has_expanded_access'>No</field><field name='study_design_info'>
    </field><field name='primary_purpose'>Treatment</field><field name='primary_outcome'>
    </field><field name='primary_outcome'>
    </field><field name='primary_outcome'>
    </field><field name='primary_outcome'>
    </field><field name='measure'>Physiological changes in: heart rate and blood pressure</field><field name='measure'>Subjective effects of cocaine inducements and withdrawal</field><field name='measure'>Psychological effects</field><field name='measure'>Effects of investigational drug</field><field name='enrollment'>0</field><field name='condition'>Cocaine-Related Disorders</field><field name='intervention'>
    </field><field name='intervention_type'>Drug</field><field name='intervention_name'>Cocaine</field><field name='eligibility'>
    </field><field name='criteria'>
      </field><field name='gender'>Male</field><field name='minimum_age'>21 Years</field><field name='maximum_age'>45 Years</field></doc></add>