<add><doc><field name='clinical_study'>
  
  </field><field name='required_header'>
    </field><field name='download_date'>ClinicalTrials.gov processed this data on September 16, 2022</field><field name='link_text'>Link to the current ClinicalTrials.gov record.</field><field name='url'>https://clinicaltrials.gov/show/NCT00000537</field><field name='id_info'>
    </field><field name='org_study_id'>80</field><field name='nct_id'>NCT00000537</field><field name='brief_title'>Stress Reduction & CVD Morbidity and Mortality in Blacks</field><field name='sponsors'>
    </field><field name='lead_sponsor'>
      </field><field name='agency'>National Heart, Lung, and Blood Institute (NHLBI)</field><field name='agency_class'>NIH</field><field name='source'>National Heart, Lung, and Blood Institute (NHLBI)</field><field name='brief_summary'>
    </field><field name='textblock'>
      To compare the effects of two stress reduction techniques, Transcendental Meditation (TM) and
      Progressive Muscle Relaxation (PMR), on the control of mild hypertension in elderly Blacks
      with hypertension.
    </field><field name='textblock'>
      BACKGROUND:

      Life expectancy for Black Americans is about 10 percent less than for whites. The leading
      cause of excessive mortality in older Blacks is cardiovascular disease which may be largely
      due to disproportionately high rates of hypertension in older Blacks. Conventional
      antihypertensive drug therapies are frequently associated with adverse effects on
      quality-of-life (QL) and low compliance rates, especially in elderly minority populations.

      The present study is an extension of a pilot study on a comparable sample of 80 Black
      elderly. The previous study, which was the first of its kind, yielded results which indicated
      that both TM and PMR produced moderate reductions in systolic and diastolic blood pressure,
      with TM producing the most significant improvements in blood pressure and in quality-of-life.
      Dr. Schneider hypothesized from this and related evidence that TM should prove to be an
      effective therapeutic adjunct to regular pharmacotherapy for mild hypertension in elderly
      Blacks, and should prove even more effective in fostering compliance and in improving overall
      quality-of-life without any of the unpleasant side effects of anti-hypertensive medications.

      DESIGN NARRATIVE:

      Randomized. Over an 18-month period, 213 people were screened for inclusion in the study. Of
      these, 127 with initial diastolic blood pressure of 90 to 109 mm Hg, systolic blood pressure
      of 189 mm Hg or less, and final baseline blood pressure of 179/104 or less mm Hg were
      randomized to treatment. Of the 127 participants, 16 did not complete follow-up blood
      pressure measurements. Thus, 111 subjects completed the study. All subjects were pretested
      over a four session baseline period on clinic blood pressure, ambulatory blood pressure,
      cardiovascular and emotional reactivity, and quality-of-life measures. Subjects were then
      randomly assigned, 36 to TM, 37 to PMR, and 38 to lifestyle modification education control
      and followed monthly with major post-tests at three months and eighteen months on these
      variables. The primary outcome variables were changes in clinic systolic and diastolic blood
      pressure values measured blindly. The secondary outcomes were changes in self-monitored home
      blood pressure and compliance.

      The study was extended through July, 2007 for an additional 5 years of followup of the
      cohort.
    </field><field name='textblock'>
        Inner-city Blacks with mild hypertension
      </field><field name='overall_status'>Completed</field><field name='start_date'>July 1992</field><field name='completion_date'>July 2008</field><field name='primary_completion_date'>July 2008</field><field name='phase'>Phase 2</field><field name='study_type'>Interventional</field><field name='has_expanded_access'>No</field><field name='study_design_info'>
    </field><field name='allocation'>Randomized</field><field name='primary_purpose'>Prevention</field><field name='condition'>Cardiovascular Diseases</field><field name='condition'>Heart Diseases</field><field name='condition'>Hypertension</field><field name='condition'>Vascular Diseases</field><field name='intervention'>
    </field><field name='intervention'>
    </field><field name='intervention_type'>Behavioral</field><field name='intervention_type'>Behavioral</field><field name='intervention_name'>meditation</field><field name='intervention_name'>relaxation</field><field name='eligibility'>
    </field><field name='criteria'>
      </field><field name='gender'>All</field><field name='minimum_age'>55 Years</field><field name='maximum_age'>80 Years</field></doc></add>