<add><doc><field name='clinical_study'>
  
  </field><field name='required_header'>
    </field><field name='download_date'>ClinicalTrials.gov processed this data on September 16, 2022</field><field name='link_text'>Link to the current ClinicalTrials.gov record.</field><field name='url'>https://clinicaltrials.gov/show/NCT00000482</field><field name='id_info'>
    </field><field name='org_study_id'>1</field><field name='nct_id'>NCT00000482</field><field name='brief_title'>Coronary Drug Project</field><field name='sponsors'>
    </field><field name='lead_sponsor'>
      </field><field name='agency'>National Heart, Lung, and Blood Institute (NHLBI)</field><field name='agency_class'>NIH</field><field name='source'>National Heart, Lung, and Blood Institute (NHLBI)</field><field name='brief_summary'>
    </field><field name='textblock'>
      To determine whether regular administration of lipid modifying drugs (clofibrate, nicotinic
      acid, estrogen, dextrothyroxine) to men with a documented myocardial infarction would result
      in significant reduction in total mortality over a five year period. Secondarily, to
      determine whether the degree to which these drugs changed serum lipids was correlated with
      any effect on mortality and morbidity rates; to gain further information on the long-term
      prognosis of myocardial infarction (by studying the control group as intensively as the
      treatment group); to acquire further experience and knowledge concerning the techniques and
      methodology of long-term clinical trials; to determine, in a substudy, the effectiveness of
      aspirin, a platelet inhibitor, in reducing recurrences of myocardial infarction.
    </field><field name='textblock'>
      BACKGROUND:

      Correlation of high levels of serum cholesterol with an increased incidence and prevalence of
      coronary heart disease (CHD) was demonstrated--prior to the inception of the Coronary Drug
      Project--repeatedly in prospective and cross-sectional epidemiological surveys (e.g., the
      Tecumseh Study, the Framingham Heart Disease Study). These findings led to the question of
      whether long-term lowering of serum lipids in individuals both with and without CHD would
      have a beneficial effect on morbidity and mortality.

      The Coronary Drug Project was designed to answer the question of secondary prevention. In
      1961, Dr. Robert Wilkins (Boston University School of Medicine) chaired an ad hoc committee
      which determined the desirability and feasibility of the conduct of this study. Following
      National Heart Advisory Council (NHAC) support, a study Policy Board, Steering Committee, and
      Coordinating Center were established and a detailed protocol was written.

      In 1964, NHAC approved the project and the NHI recommendation for implementation; the study
      was begun in 1965. Supported by the grant mechanism, the trial involved 53 participating
      clinics, a coordinating center, central laboratory, ECG center, drug procurement and
      distribution center, and NHI medical liaison office, and a policy board, steering committee,
      and 12 other committees (e.g., a data and safety monitoring committee).

      The first patient was randomly allocated to treatment in March 1966 and the last in October
      1969. Each patient reported to the clinic every 4 months for a follow-up visit.

      DESIGN NARRATIVE:

      Randomized, double-blind, fixed sample. A total of 8,341 patients were randomly assigned to
      six treatment groups consisting of 2.5 mg/day of conjugated estrogens, 5.0 mg/day of
      conjugated estrogens, 1.8 gm/day of clofibrate, 6.0 mg/day of dextrothyroxine sodium, 3.0
      gm/day of niacin, or 3.8 gm/day of lactose placebo.

      The study completion date listed in this record was obtained from the Query/View/Report (QVR)
      System.
    </field><field name='textblock'>
        Men, ages 30-64. Three months beyond most recent myocardial infarction.
      </field><field name='overall_status'>Completed</field><field name='start_date'>April 1965</field><field name='completion_date'>March 1985</field><field name='phase'>Phase 3</field><field name='study_type'>Interventional</field><field name='has_expanded_access'>No</field><field name='study_design_info'>
    </field><field name='allocation'>Randomized</field><field name='primary_purpose'>Prevention</field><field name='masking'>Double</field><field name='condition'>Cardiovascular Diseases</field><field name='condition'>Coronary Disease</field><field name='condition'>Heart Diseases</field><field name='condition'>Myocardial Infarction</field><field name='condition'>Myocardial Ischemia</field><field name='intervention'>
    </field><field name='intervention'>
    </field><field name='intervention'>
    </field><field name='intervention'>
    </field><field name='intervention_type'>Drug</field><field name='intervention_type'>Drug</field><field name='intervention_type'>Drug</field><field name='intervention_type'>Drug</field><field name='intervention_name'>estrogen</field><field name='intervention_name'>clofibrate clofibrate</field><field name='intervention_name'>dextrothyroxine sodium</field><field name='intervention_name'>niacin</field><field name='eligibility'>
    </field><field name='criteria'>
      </field><field name='gender'>Male</field><field name='minimum_age'>30 Years</field><field name='maximum_age'>64 Years</field></doc></add>