<add><doc><field name='clinical_study'>
  
  </field><field name='required_header'>
    </field><field name='download_date'>ClinicalTrials.gov processed this data on September 16, 2022</field><field name='link_text'>Link to the current ClinicalTrials.gov record.</field><field name='url'>https://clinicaltrials.gov/show/NCT00000454</field><field name='id_info'>
    </field><field name='org_study_id'>NIAAACOO11197</field><field name='nct_id'>NCT00000454</field><field name='brief_title'>Smoking Cessation in Alcoholism Treatment</field><field name='official_title'>Field Study of Smoking Cessation in Alcoholism Treatment</field><field name='sponsors'>
    </field><field name='lead_sponsor'>
      </field><field name='agency'>Yale University</field><field name='agency'>National Institute on Alcohol Abuse and Alcoholism (NIAAA)</field><field name='agency_class'>Other</field><field name='agency_class'>NIH</field><field name='source'>Yale University</field><field name='oversight_info'>
    </field><field name='brief_summary'>
    </field><field name='textblock'>
      This study is designed to increase understanding of the processes that affect the treatment
      outcome of individuals with both alcohol and nicotine dependence. Treatment outcome
      methodology will be combined with a computerized self-monitoring methodology to examine the
      extent to which smoking serves as a cue for alcohol craving and/or as a response to alcohol
      craving in treated alcoholics. Subjects will be veterans participating in the Substance Abuse
      Day Programs at the Newington and West Haven campuses of the VA Connecticut Healthcare
      System. Nonveteran women will be recruited from the community and enrolled in the day
      program. Subjects will be randomly assigned to one of the following two conditions: (1)
      intensive smoking cessation therapy (counseling plus nicotine replacement using nicotine
      patches) concurrent with alcohol treatment, or (2) brief smoking cessation advice concurrent
      with alcohol treatment.
    </field><field name='textblock'>
        Inclusion Criteria:

          -  Meets criteria for alcohol dependence within the past three months, and criteria for
             nicotine dependence.

          -  Smoking at least 10 or more cigarettes per day for the past year.

          -  Seeking treatment for both alcohol and nicotine dependence.

          -  Minimum 1 week of alcohol abstinence and substance abuse day treatment attendance.

          -  Willing to provide names of two individuals who can help locate the subject at
             follow-up.

          -  Willing to provide name of one individual who can provide collateral information about
             alcohol and tobacco use.

        Exclusion Criteria:

          -  Other substance use disorder meeting criteria for dependence.

          -  Acute medical or psychiatric disorder requiring inpatient treatment.

          -  Taking medications known to influence alcohol urges (naltrexone, disulfiram).

          -  Medical problems that would contraindicate nicotine patch use.

          -  Allergy or hypersensitivity to nicotine or to adhesives used in transdermal delivery
             systems.

          -  Use of other nicotine products such as cigars, pipes, or smokeless tobacco.

          -  Severe generalized skin disorder.

          -  Myocardial infarction within 3 months prior to study entry.

          -  Unstable angina.

          -  Pregnant or lactating females, or females who are not practicing a medically accepted
             form of contraception.

          -  Impaired vision or hearing which would interfere with using a hand-held computer.

          -  Reading ability below fifth grade level.

          -  Lack of reliable transportation to the treatment site, or living more than 1 hour from
             treatment site.

          -  Homeless or unstable residence.

          -  Plan for future admission to residential treatment.
      </field><field name='overall_status'>Completed</field><field name='completion_date'>August 2002</field><field name='phase'>Phase 4</field><field name='study_type'>Interventional</field><field name='has_expanded_access'>No</field><field name='study_design_info'>
    </field><field name='allocation'>Randomized</field><field name='primary_purpose'>Treatment</field><field name='masking'>None (Open Label)</field><field name='enrollment'>112</field><field name='condition'>Alcoholism</field><field name='condition'>Smoking</field><field name='intervention'>
    </field><field name='intervention_type'>Drug</field><field name='intervention_name'>nicotine replacement patch</field><field name='eligibility'>
    </field><field name='criteria'>
      </field><field name='gender'>All</field><field name='minimum_age'>21 Years</field><field name='maximum_age'>N/A</field></doc></add>