<add><doc><field name='clinical_study'>
  
  </field><field name='required_header'>
    </field><field name='download_date'>ClinicalTrials.gov processed this data on September 16, 2022</field><field name='link_text'>Link to the current ClinicalTrials.gov record.</field><field name='url'>https://clinicaltrials.gov/show/NCT00000434</field><field name='id_info'>
    </field><field name='org_study_id'>P60AR030692</field><field name='nct_id'>NCT00000434</field><field name='brief_title'>Impact of Exercise on Older Persons With Osteoarthritis</field><field name='official_title'>Impact of Exercise on Older Persons With Osteoarthritis (OA)</field><field name='sponsors'>
    </field><field name='lead_sponsor'>
      </field><field name='agency'>National Institute of Arthritis and Musculoskeletal and Skin Diseases (NIAMS)</field><field name='agency'>National Institute on Aging (NIA)</field><field name='agency_class'>NIH</field><field name='agency_class'>NIH</field><field name='source'>National Institute of Arthritis and Musculoskeletal and Skin Diseases (NIAMS)</field><field name='oversight_info'>
    </field><field name='brief_summary'>
    </field><field name='textblock'>
      Previous studies have found that exercise can reduce pain, improve endurance for physical
      activities, and improve cardiovascular fitness over time. However, these studies have not
      looked at the impact of exercise programs for older adults with osteoarthritis or at how long
      older adults continue exercising after a program is finished. This study will look at the
      long-term effects of a structured exercise program for people aged 60 or older who have
      osteoarthritis of the hip or knee. One goal of the exercise program is to encourage older
      people with osteoarthritis to continue exercising.

      We will randomly assign study participants to either the exercise program or a control group
      that does not do the exercise program. We will monitor participants at the start of the
      study, at 8 weeks, and every 3 months for 2 years after the program is completed. The
      exercise program lasts for 8 weeks and includes an exercise part and an educational part led
      by trained physical therapists. We believe that participants in the treatment (exercise)
      group will show higher rates of continued exercise and higher functional status over time
      compared to the group of people who do not participate in the exercise program.
    </field><field name='textblock'>
      Recent exercise interventions have demonstrated statistically significant short-term
      improvements in muscle strength, fitness, and physical activity in people under the age of
      70. This study seeks to determine if those same benefits can be achieved in an older
      population (mean age 84) with osteoarthritis of the hip or knee. The study will examine the
      long-term effects of a structured exercise program that seeks to promote adherence to
      continued exercise.

      We will randomly assign people who meet the study criteria to the exercise intervention or
      control group. We will conduct measures at baseline, at 8 weeks, and at 3-month intervals for
      2 years following the intervention. The exercise component of the intervention will include
      lower extremity muscle strengthening, range-of-motion exercises, and fitness walking. An
      educational component will focus on arthritis self-efficacy and perceived self-reported
      exercise efficacy. We hypothesize that treatment group participants will exhibit higher rates
      of adherence to exercise and higher functional status outcomes over time compared to
      controls.
    </field><field name='textblock'>
        Inclusion Criteria:

          -  60 years of age or older

          -  Presence of osteoarthritis of the lower extremities with an American College of
             Rheumatology functional class rating of I, II, or III

          -  No other contraindication from a personal physician for participation in the fitness
             walking

          -  Lack of moderate-to-severe cognitive impairment as assessed by the Short Portable
             Mental Status Questionnaire

        Exclusion Criteria:

          -  Under 60 years of age

          -  Lack of osteoarthritis of the lower extremities

          -  Contraindication from a personal physician for participation in fitness walking

          -  Presence of moderate-to-severe cognitive impairment as assessed by the Short Portable
             Mental Status Questionnaire

          -  Steroid injections in either hip or knee within the previous 6 months

          -  Uncomplicated knee or hip surgery within previous year

          -  Complicated knee or hip surgery within previous year

          -  Plans for total knee or hip replacement within the next year

          -  Rheumatoid arthritis or other systemic inflammatory arthritis

          -  Diabetes that is not under control

          -  Current participation in a structured aerobic exercise program
      </field><field name='overall_status'>Completed</field><field name='start_date'>December 1983</field><field name='completion_date'>September 2003</field><field name='primary_completion_date'>September 2003</field><field name='phase'>Phase 2</field><field name='study_type'>Interventional</field><field name='has_expanded_access'>No</field><field name='study_design_info'>
    </field><field name='allocation'>Randomized</field><field name='intervention_model'>Single Group Assignment</field><field name='primary_purpose'>Prevention</field><field name='masking'>None (Open Label)</field><field name='primary_outcome'>
    </field><field name='measure'>Adherence to exercise</field><field name='measure'>Pain and stiffness</field><field name='time_frame'>12 months</field><field name='time_frame'>12 months</field><field name='description'>Fit and Strong! is a multi-component exercise and health education program that incorporates flexibility, aerobic conditioning, strength training, and group discussion/problem solving for lifestyle change.</field><field name='description'>Fit and Strong! is a multi-component exercise and health education program that includes flexibility, aerobic conditioning, strength training, and group discussion/problem solving for lifestyle change.</field><field name='number_of_arms'>1</field><field name='enrollment'>217</field><field name='condition'>Osteoarthritis</field><field name='arm_group'>
    </field><field name='arm_group_label'>1</field><field name='arm_group_label'>1</field><field name='arm_group_type'>Experimental</field><field name='intervention'>
    </field><field name='intervention_type'>Behavioral</field><field name='intervention_name'>Fit and Strong!</field><field name='description'>Fit and Strong! is a multi-component exercise and health education program that incorporates flexibility, aerobic conditioning, strength training, and group discussion/problem solving for lifestyle change.</field><field name='description'>Fit and Strong! is a multi-component exercise and health education program that includes flexibility, aerobic conditioning, strength training, and group discussion/problem solving for lifestyle change.</field><field name='arm_group_label'>1</field><field name='arm_group_label'>1</field><field name='eligibility'>
    </field><field name='criteria'>
      </field><field name='gender'>All</field><field name='minimum_age'>60 Years</field><field name='maximum_age'>N/A</field></doc></add>