<add><doc><field name='clinical_study'>
  
  </field><field name='required_header'>
    </field><field name='download_date'>ClinicalTrials.gov processed this data on September 16, 2022</field><field name='link_text'>Link to the current ClinicalTrials.gov record.</field><field name='url'>https://clinicaltrials.gov/show/NCT00000377</field><field name='id_info'>
    </field><field name='org_study_id'>R01MH043832</field><field name='nct_id'>NCT00000377</field><field name='brief_title'>Preventing the Return of Depression in Elderly Patients</field><field name='official_title'>Maintenance Therapies in Late-Life Depression</field><field name='sponsors'>
    </field><field name='lead_sponsor'>
      </field><field name='agency'>University of Pittsburgh</field><field name='agency'>National Institute of Mental Health (NIMH)</field><field name='agency_class'>Other</field><field name='agency_class'>NIH</field><field name='source'>University of Pittsburgh</field><field name='brief_summary'>
    </field><field name='textblock'>
      The purpose of this study is to compare the effectiveness of two doses of nortriptyline in
      elderly patients whose depression returned after stopping treatment. Nortriptyline is an
      antidepressant.

      This study enrolls patients who were treated for depression in an earlier research study and
      whose depression has returned since stopping treatment. Patients are treated for 4 months to
      bring the depression under control. Patients are then assigned randomly (like tossing a coin)
      to receive either the full dose of nortriptyline or half the usual dose of nortriptyline.
      Patients continue taking nortriptyline for 2 years or until a major depression returns.
      Throughout the study, patients are monitored for symptoms of depression and other side
      effects.
    </field><field name='textblock'>
      To determine whether elderly (60-80 years old) depressed patients who cannot sustain a
      remission without medication must be maintained at full acute-treatment dose. To compare the
      efficacy of full-dose vs half-dose nortriptyline (NT) in preventing recurrences of major
      depression in the elderly. To determine whether those patients who experience a recurrence
      while in a maintenance placebo condition (Study I) require 100 percent of their
      acute-treatment dose of NT to prevent subsequent recurrences or can be successfully
      maintained on 50 percent of their acute-treatment dose (Study II).

      Investigators expect a pool of 60 patients from Study I to become eligible for Study II (the
      full-dose/half-dose maintenance trial). After treatment of the recurrence and following 16
      weeks of stabilization therapy, patients are randomized to 1 of 2 maintenance therapy cells:
      full-dose NT or half-dose NT. Maintenance lasts 2 years or until recurrence of major
      depression. The following are assessed: differences in recurrence rates and time to
      recurrence under full-dose vs half-dose conditions; differences in symptomatic ratings of
      depression, suicidal ideation, social adjustment, and side effects; and differences in
      compliance rates as determined by variability in level-to-dose (L/D) ratios. Exploratory data
      analyses are used to generate a hypothetical profile of elderly patients who can remain well
      on half-dose maintenance nortriptyline.

      For information on related studies, please follow these links:

      http://clinicaltrials.gov/show/NCT00178100

      http://clinicaltrials.gov/show/NCT00177671
    </field><field name='textblock'>
        Inclusion Criteria:

        -

        Patients must have:

        Recurrence of major depression while in a maintenance placebo condition in the currently
        funded maintenance therapy protocol (Study I).
      </field><field name='overall_status'>Completed</field><field name='start_date'>March 1989</field><field name='completion_date'>April 2000</field><field name='primary_completion_date'>April 2000</field><field name='phase'>N/A</field><field name='study_type'>Interventional</field><field name='has_expanded_access'>No</field><field name='study_design_info'>
    </field><field name='allocation'>Randomized</field><field name='primary_purpose'>Treatment</field><field name='condition'>Depression</field><field name='intervention'>
    </field><field name='intervention_type'>Drug</field><field name='intervention_name'>Nortriptyline</field><field name='eligibility'>
    </field><field name='criteria'>
      </field><field name='gender'>All</field><field name='minimum_age'>60 Years</field><field name='maximum_age'>80 Years</field></doc></add>