<add><doc><field name='clinical_study'>
  
  </field><field name='required_header'>
    </field><field name='download_date'>ClinicalTrials.gov processed this data on September 16, 2022</field><field name='link_text'>Link to the current ClinicalTrials.gov record.</field><field name='url'>https://clinicaltrials.gov/show/NCT00000450</field><field name='id_info'>
    </field><field name='org_study_id'>NIAAAMAS10518</field><field name='nct_id'>NCT00000450</field><field name='brief_title'>Naltrexone Maintenance Treatment of Alcoholism</field><field name='official_title'>Nalmefene Maintenance Treatment of Alcoholism</field><field name='sponsors'>
    </field><field name='lead_sponsor'>
      </field><field name='agency'>The Scripps Research Institute</field><field name='agency'>National Institute on Alcohol Abuse and Alcoholism (NIAAA)</field><field name='agency_class'>Other</field><field name='agency_class'>NIH</field><field name='source'>The Scripps Research Institute</field><field name='oversight_info'>
    </field><field name='is_fda_regulated_drug'>Yes</field><field name='is_fda_regulated_device'>No</field><field name='brief_summary'>
    </field><field name='textblock'>
      The purpose of this study is to determine the long-term effectiveness of naltrexone treatment
      in alcohol-dependent patients who respond to short-term treatment. Those who respond to
      short-term treatment will be randomized to a 1-year, double-blind, placebo-controlled
      maintenance phase with a 6-month posttreatment followup.
    </field><field name='textblock'>
        Inclusion Criteria:

          -  Meets criteria for alcohol dependence.

          -  Expresses a desire to cut down or stop drinking.

        Exclusion Criteria:

          -  Currently meets criteria for dependence on substances other than alcohol.

          -  History of opiate dependence or evidence of current opiate use.

          -  Significant medical disorders that will increase potential risk or interfere with
             study participation.

          -  Liver function tests more than 3 times normal or elevated bilirubin.

          -  Female patients who are pregnant, nursing, or not using a reliable method of birth
             control.

          -  Inability to understand and provide a consent form.

          -  Treatment with an investigational drug during the previous month.

          -  Prior treatment with naltrexone.

          -  Chronic treatment with any narcotic-containing medications during the previous month.

          -  Sensitivity to naltrexone as evidenced by adverse drug experiences especially with
             narcotic containing analgesics or opioid antagonists.

          -  Current treatment with disulfiram.

          -  More than 6 weeks of abstinence.

          -  Meets criteria for a major psychiatric disorder and is in need of, or currently
             undergoing pharmacotherapy.
      </field><field name='overall_status'>Completed</field><field name='start_date'>April 10, 1997</field><field name='completion_date'>February 13, 2002</field><field name='primary_completion_date'>February 13, 2002</field><field name='phase'>Phase 4</field><field name='study_type'>Interventional</field><field name='has_expanded_access'>No</field><field name='study_design_info'>
    </field><field name='allocation'>Randomized</field><field name='intervention_model'>Sequential Assignment</field><field name='primary_purpose'>Treatment</field><field name='masking'>Quadruple (Participant, Care Provider, Investigator, Outcomes Assessor)</field><field name='number_of_arms'>2</field><field name='enrollment'>159</field><field name='condition'>Alcoholism</field><field name='arm_group'>
    </field><field name='arm_group'>
    </field><field name='arm_group_label'>Naltrexone Tablet</field><field name='arm_group_label'>Matched Placebo Tablet</field><field name='arm_group_label'>Naltrexone Tablet</field><field name='arm_group_label'>Matched Placebo Tablet</field><field name='arm_group_type'>Active Comparator</field><field name='arm_group_type'>Placebo Comparator</field><field name='intervention'>
    </field><field name='intervention'>
    </field><field name='intervention_type'>Drug</field><field name='intervention_type'>Drug</field><field name='intervention_name'>Naltrexone Tablet</field><field name='intervention_name'>Matched Placebo Tablet</field><field name='arm_group_label'>Naltrexone Tablet</field><field name='arm_group_label'>Matched Placebo Tablet</field><field name='arm_group_label'>Naltrexone Tablet</field><field name='arm_group_label'>Matched Placebo Tablet</field><field name='eligibility'>
    </field><field name='criteria'>
      </field><field name='gender'>All</field><field name='minimum_age'>18 Years</field><field name='maximum_age'>65 Years</field></doc></add>