<add><doc><field name='clinical_study'>
  
  </field><field name='required_header'>
    </field><field name='download_date'>ClinicalTrials.gov processed this data on September 16, 2022</field><field name='link_text'>Link to the current ClinicalTrials.gov record.</field><field name='url'>https://clinicaltrials.gov/show/NCT00000299</field><field name='id_info'>
    </field><field name='org_study_id'>NIDA-09260-2</field><field name='nct_id'>NCT00000299</field><field name='brief_title'>Rapid Opiate Detoxification and Naltrexone Induction Using Buprenorphine - 2</field><field name='official_title'>Rapid Opiate Detoxification & Naltrexone Induction Using Bup.</field><field name='sponsors'>
    </field><field name='lead_sponsor'>
      </field><field name='agency'>University of California, Los Angeles</field><field name='agency'>National Institute on Drug Abuse (NIDA)</field><field name='agency_class'>Other</field><field name='agency_class'>NIH</field><field name='source'>University of California, Los Angeles</field><field name='brief_summary'>
    </field><field name='textblock'>
      The purpose of this study is to develop a clinical protocol to detoxify patients from opiates
      to naltrexone using buprenorphine and to develop pilot data for a grant application for a
      controlled study of the efficacy of the new clinical protocol for outpatients.
    </field><field name='textblock'>
        Inclusion Criteria:

        Males/Females, ages 21-50. Opiate dependence according to DSM-IV criteria. Self-reported
        use within the last 30 days. Agreeable to conditions of study and signed informed consent.

        Exclusion Criteria:

        psychiatric disorder that requires medication therapy. History of seizures. Pregnant and/or
        nursing women. Dependent on etoh or benzodiazepines or other sedative-hypnotics. Acute
        hepatitis. Other medical conditions that deem participation to be unsafe.
      </field><field name='overall_status'>Completed</field><field name='start_date'>October 2008</field><field name='completion_date'>November 2009</field><field name='primary_completion_date'>November 2009</field><field name='phase'>Phase 2</field><field name='study_type'>Interventional</field><field name='has_expanded_access'>No</field><field name='study_design_info'>
    </field><field name='allocation'>Randomized</field><field name='intervention_model'>Crossover Assignment</field><field name='primary_purpose'>Treatment</field><field name='masking'>Single (Participant)</field><field name='primary_outcome'>
    </field><field name='primary_outcome'>
    </field><field name='measure'>Opiate craving</field><field name='measure'>Opiate withdrawal symptoms</field><field name='time_frame'>10 test days</field><field name='time_frame'>10 test days</field><field name='description'>opiate craving is measured on each test day.</field><field name='description'>opiate withdrawal symptoms are documented for each test day</field><field name='description'>depot buprenorphine</field><field name='description'>depot buprenorphine and naloxone</field><field name='number_of_arms'>2</field><field name='enrollment'>12</field><field name='condition'>Opioid-Related Disorders</field><field name='arm_group'>
    </field><field name='arm_group'>
    </field><field name='arm_group_label'>buprenorphine</field><field name='arm_group_label'>buprenorphine and ultra-low dose naloxone</field><field name='arm_group_label'>buprenorphine</field><field name='arm_group_label'>buprenorphine and ultra-low dose naloxone</field><field name='arm_group_type'>Active Comparator</field><field name='arm_group_type'>Experimental</field><field name='intervention'>
    </field><field name='intervention_type'>Drug</field><field name='intervention_name'>Buprenorphine</field><field name='description'>opiate craving is measured on each test day.</field><field name='description'>opiate withdrawal symptoms are documented for each test day</field><field name='description'>depot buprenorphine</field><field name='description'>depot buprenorphine and naloxone</field><field name='arm_group_label'>buprenorphine</field><field name='arm_group_label'>buprenorphine and ultra-low dose naloxone</field><field name='arm_group_label'>buprenorphine</field><field name='arm_group_label'>buprenorphine and ultra-low dose naloxone</field><field name='eligibility'>
    </field><field name='criteria'>
      </field><field name='gender'>All</field><field name='minimum_age'>21 Years</field><field name='maximum_age'>50 Years</field></doc></add>