<add><doc><field name='clinical_study'>
  
  </field><field name='required_header'>
    </field><field name='download_date'>ClinicalTrials.gov processed this data on September 16, 2022</field><field name='link_text'>Link to the current ClinicalTrials.gov record.</field><field name='url'>https://clinicaltrials.gov/show/NCT00000318</field><field name='id_info'>
    </field><field name='org_study_id'>NIDA-09803-1</field><field name='nct_id'>NCT00000318</field><field name='brief_title'>Buprenorphine Maintenance Dose Schedule and Treatment Setting - 1</field><field name='official_title'>Buprenorphine Maintenance Dose Schedule and Treatment Setting: Pilot</field><field name='sponsors'>
    </field><field name='lead_sponsor'>
      </field><field name='agency'>National Institute on Drug Abuse (NIDA)</field><field name='agency'>Yale University</field><field name='agency_class'>NIH</field><field name='agency_class'>Other</field><field name='source'>National Institute on Drug Abuse (NIDA)</field><field name='oversight_info'>
    </field><field name='brief_summary'>
    </field><field name='textblock'>
      The purpose of this study is to assess optimal dosage of buprenorphine on a thrice weekly
      schedule in a pilot clinical trial.
    </field><field name='textblock'>
        Please contact site for information.
      </field><field name='overall_status'>Completed</field><field name='start_date'>December 1994</field><field name='completion_date'>August 2007</field><field name='primary_completion_date'>March 2004</field><field name='phase'>Phase 2</field><field name='study_type'>Interventional</field><field name='has_expanded_access'>No</field><field name='study_design_info'>
    </field><field name='allocation'>Randomized</field><field name='intervention_model'>Factorial Assignment</field><field name='primary_purpose'>Treatment</field><field name='masking'>None (Open Label)</field><field name='primary_outcome'>
    </field><field name='primary_outcome'>
    </field><field name='primary_outcome'>
    </field><field name='measure'>Opioid and cocaine use</field><field name='measure'>Social and psychological functioning</field><field name='measure'>AIDS risk behavior</field><field name='time_frame'>26 weeks</field><field name='time_frame'>26 weeks</field><field name='time_frame'>26 weeks</field><field name='description'>Maintenance treatment with daily medication</field><field name='description'>Maintenance treatment with thrice-weekly medication</field><field name='description'>Experimental Maintenance treatment with daily medication
Experimental Maintenance treatment with thrice-weekly medication</field><field name='number_of_arms'>2</field><field name='enrollment'>202</field><field name='condition'>Opioid-Related Disorders</field><field name='condition'>Substance-Related Disorders</field><field name='arm_group'>
    </field><field name='arm_group'>
    </field><field name='arm_group_label'>1</field><field name='arm_group_label'>2</field><field name='arm_group_label'>1</field><field name='arm_group_label'>2</field><field name='arm_group_type'>Experimental</field><field name='arm_group_type'>Experimental</field><field name='intervention'>
    </field><field name='intervention_type'>Drug</field><field name='intervention_name'>Buprenorphine</field><field name='description'>Maintenance treatment with daily medication</field><field name='description'>Maintenance treatment with thrice-weekly medication</field><field name='description'>Experimental Maintenance treatment with daily medication
Experimental Maintenance treatment with thrice-weekly medication</field><field name='arm_group_label'>1</field><field name='arm_group_label'>2</field><field name='arm_group_label'>1</field><field name='arm_group_label'>2</field><field name='eligibility'>
    </field><field name='criteria'>
      </field><field name='gender'>All</field><field name='minimum_age'>21 Years</field><field name='maximum_age'>55 Years</field></doc></add>