<add><doc><field name='clinical_study'>
  
  </field><field name='required_header'>
    </field><field name='download_date'>ClinicalTrials.gov processed this data on September 16, 2022</field><field name='link_text'>Link to the current ClinicalTrials.gov record.</field><field name='url'>https://clinicaltrials.gov/show/NCT00000524</field><field name='id_info'>
    </field><field name='org_study_id'>43</field><field name='nct_id'>NCT00000524</field><field name='brief_title'>Myocarditis Treatment Trial</field><field name='sponsors'>
    </field><field name='lead_sponsor'>
      </field><field name='agency'>University of Utah</field><field name='agency'>National Heart, Lung, and Blood Institute (NHLBI)</field><field name='agency_class'>Other</field><field name='agency_class'>NIH</field><field name='source'>University of Utah</field><field name='brief_summary'>
    </field><field name='textblock'>
      To determine whether immunosuppressive treatment improved cardiac function in patients with
      biopsy-proven myocarditis.
    </field><field name='textblock'>
      BACKGROUND:

      Heart failure due to myocarditis can be a devastating illness. At the same time,
      immunosuppressive therapy is associated with considerable risks of untoward side effects.
      Clinicians did not know whether, under what circumstances, or in what form, this hazardous
      treatment should be used in such critically ill patients. In addition, if immunosuppressive
      therapy was of benefit, then endomyocardial biopsy in patients suspected of having
      myocarditis was a justified procedure. The trial also provided information concerning the
      side effects of immuno-suppressive therapy in such patients.

      DESIGN NARRATIVE:

      Patients were randomized into two treatment arms consisting of conventional therapy alone for
      congestive heart failure or combined with a twenty-four week regimen of immunosuppressive
      therapy. Immunosuppressive therapy consisted of prednisone with either cyclosporine or
      azathioprine. The primary outcome measure was a change in the left ventricular ejection
      fraction at twenty-eight weeks. Secondary endpoints included survival, failures of therapy,
      requirements for conventional therapy, assessments of symptoms, myocardial histology, and
      arrhythmias.

      The study completion date listed in this record was obtained from the Query/View/Report (QVR)
      System.
    </field><field name='textblock'>
        Men and women, 18 years of age or older, with left ventricular failure and
        biopsy-documented myocarditis.
      </field><field name='overall_status'>Completed</field><field name='start_date'>July 1986</field><field name='completion_date'>March 1994</field><field name='phase'>Phase 2</field><field name='study_type'>Interventional</field><field name='has_expanded_access'>No</field><field name='study_design_info'>
    </field><field name='allocation'>Randomized</field><field name='intervention_model'>Parallel Assignment</field><field name='primary_purpose'>Treatment</field><field name='condition'>Cardiovascular Diseases</field><field name='condition'>Heart Diseases</field><field name='condition'>Myocarditis</field><field name='intervention'>
    </field><field name='intervention'>
    </field><field name='intervention_type'>Drug</field><field name='intervention_type'>Drug</field><field name='intervention_name'>cyclosporine</field><field name='intervention_name'>prednisone</field><field name='eligibility'>
    </field><field name='criteria'>
      </field><field name='gender'>All</field><field name='minimum_age'>18 Years</field><field name='maximum_age'>75 Years</field></doc></add>