<add><doc><field name='clinical_study'>
  
  </field><field name='required_header'>
    </field><field name='download_date'>ClinicalTrials.gov processed this data on September 16, 2022</field><field name='link_text'>Link to the current ClinicalTrials.gov record.</field><field name='url'>https://clinicaltrials.gov/show/NCT00000385</field><field name='id_info'>
    </field><field name='org_study_id'>R29MH057093</field><field name='nct_id'>NCT00000385</field><field name='brief_title'>Long-Term Lithium Treatment for Aggressive Conduct Disorder</field><field name='official_title'>Long-Term Lithium for Aggressive Conduct Disorder</field><field name='sponsors'>
    </field><field name='lead_sponsor'>
      </field><field name='agency'>Drexel University</field><field name='agency'>National Institute of Mental Health (NIMH)</field><field name='agency_class'>Other</field><field name='agency_class'>NIH</field><field name='source'>Drexel University</field><field name='oversight_info'>
    </field><field name='brief_summary'>
    </field><field name='textblock'>
      This study will examine the long-term effects of lithium used to treat children and
      adolescents with aggressive conduct disorder (severe aggression).
    </field><field name='textblock'>
      Psychotherapeutic agents are often administered without sufficient testing to children and
      adolescents, often on a long-term basis, to reduce aggression. Many pressures, including
      managed care, will increase the utilization of pharmacotherapy in the outpatient setting to
      treat serious problems. Lithium is the most promising agent for the treatment of aggression
      in children and adolescents. However, it has not been shown that lithium is an effective
      treatment for these patients in the outpatient (non-hospital) setting, or on a long-term
      basis. The purpose of this study is to examine the long-term effects of lithium used to treat
      children and adolescents with aggressive conduct disorder (severe aggression).

      The proposed study is a two-phased clinical trial of lithium for the treatment of aggression
      in conduct disorder. Both phases are double-blind and placebo-controlled with randomization
      and employ a parallel groups design. Phase 1 contains a short-term 8-week controlled trial,
      with twice as many subjects randomized to lithium as placebo, increasing the pool of
      potential lithium responders to continue to Phase 2. In Phase 2, lithium responders from
      Phase 1 enter a 6-month long-term controlled trial. Every attempt is made to define
      responders to lithium.
    </field><field name='textblock'>
        Inclusion Criteria:

          1. Males and females

          2. Ages between 9 and 17 years.

          3. Conduct disorder according to DSM-IV (As rated on the DICA-IV).

          4. The aggression criterion at screening

        Exclusion Criteria:

          1. Mental Retardation.

          2. Pervasive Developmental Disorder(s).

          3. Major Depressive Disorder or Dysthymic Disorder.

          4. Bipolar Disorder.

          5. Psychotic Disorder (including Schizophreniform Disorder and Schizophrenia).

          6. Major medical problem such as cardiac, renal, and thyroid diseases, or seizure
             disorder.

          7. History of psychoactive medication in the previous 2 weeks.

          8. Current Pregnancy in females.

          9. History of Substance Dependence in the past month.

         10. Prior to the proposed study, a history of lithium treatment with serum lithium levels
             of 0.4 mEq/L or higher for a cumulative period of greater than 10 days.
      </field><field name='overall_status'>Completed</field><field name='start_date'>September 1997</field><field name='completion_date'>June 2005</field><field name='primary_completion_date'>December 2003</field><field name='phase'>Phase 3</field><field name='study_type'>Interventional</field><field name='has_expanded_access'>No</field><field name='study_design_info'>
    </field><field name='allocation'>Randomized</field><field name='intervention_model'>Parallel Assignment</field><field name='primary_purpose'>Treatment</field><field name='masking'>Quadruple (Participant, Care Provider, Investigator, Outcomes Assessor)</field><field name='primary_outcome'>
    </field><field name='primary_outcome'>
    </field><field name='measure'>Overt Aggression Scale-Modified</field><field name='measure'>Clinical Global Impressions-Improvement Item</field><field name='measure'>Children's Psychiatric Rating Scale-Selected Items</field><field name='measure'>IOWA</field><field name='measure'>DOTES</field><field name='measure'>TESS</field><field name='time_frame'>Weekly in short term phase, Monthly in long-term phase</field><field name='time_frame'>Weekly in short term phase, Monthly in long-term phase</field><field name='time_frame'>Weekly in short term phase, Monthly in long-term phase</field><field name='time_frame'>Weekly in short term phase, Monthly in long-term phase</field><field name='time_frame'>Weekly in short term phase, Monthly in long-term phase</field><field name='time_frame'>Weekly in short term phase, Monthly in long-term phase</field><field name='description'>Lithium 600 mg to 2700 mg per day</field><field name='description'>Matching placebo</field><field name='description'>Lithium 600 mg to 2700 mg per day</field><field name='description'>Matching placebo</field><field name='number_of_arms'>2</field><field name='enrollment'>59</field><field name='condition'>Conduct Disorder</field><field name='condition'>Aggression</field><field name='arm_group'>
    </field><field name='arm_group'>
    </field><field name='arm_group_label'>1</field><field name='arm_group_label'>2</field><field name='arm_group_label'>1</field><field name='arm_group_label'>2</field><field name='arm_group_type'>Experimental</field><field name='arm_group_type'>Placebo Comparator</field><field name='intervention'>
    </field><field name='intervention'>
    </field><field name='intervention_type'>Drug</field><field name='intervention_type'>Drug</field><field name='intervention_name'>Lithium</field><field name='intervention_name'>Placebo</field><field name='description'>Lithium 600 mg to 2700 mg per day</field><field name='description'>Matching placebo</field><field name='description'>Lithium 600 mg to 2700 mg per day</field><field name='description'>Matching placebo</field><field name='arm_group_label'>1</field><field name='arm_group_label'>2</field><field name='arm_group_label'>1</field><field name='arm_group_label'>2</field><field name='eligibility'>
    </field><field name='criteria'>
      </field><field name='gender'>All</field><field name='minimum_age'>9 Years</field><field name='maximum_age'>17 Years</field></doc></add>