<add><doc><field name='clinical_study'>
  
  </field><field name='required_header'>
    </field><field name='download_date'>ClinicalTrials.gov processed this data on September 16, 2022</field><field name='link_text'>Link to the current ClinicalTrials.gov record.</field><field name='url'>https://clinicaltrials.gov/show/NCT00000393</field><field name='id_info'>
    </field><field name='org_study_id'>89 MH-28</field><field name='nct_id'>NCT00000393</field><field name='brief_title'>A Phase I Trial of Peptide T: Efficacy for the Neuropsychiatric Complications of Acquired Immunodeficiency Syndrome (AIDS).</field><field name='sponsors'>
    </field><field name='lead_sponsor'>
      </field><field name='agency'>National Institute of Mental Health (NIMH)</field><field name='agency_class'>NIH</field><field name='source'>National Institute of Mental Health (NIMH)</field><field name='brief_summary'>
    </field><field name='textblock'>
      To study the safety, toxicology, and activity of Peptide T (D-Ala-1-peptide-T-amide) in
      humans and to find out more about the ability of peptide T to prevent, halt, and/or reverse
      AIDS-associated immunologic disturbances.

      Recent information suggests that the central nervous system (CNS) is often impaired in
      HIV-infected individuals. The dysfunction of the CNS may be either a direct or an indirect
      result of HIV infection. One method to prevent HIV infection is to block entry of the virus
      into the cells of the body. Peptide T shows laboratory evidence of blocking the entrance of
      HIV into cells that are susceptible to HIV infection. Studies that have been done indicate
      that peptide T is nontoxic in the doses that are used in this study.

      AIDS patients with minimal (group 1) or moderate (group 2) cognitive dysfunction (mental
      impairment) receive an increasing schedule of three dosage levels of peptide T. All patients
      receive an intravenous (IV) dose of peptide T for 10 days followed by the intermediate dose
      and then the highest dose, each intravenously for 10 days. Following successful completion of
      3 IV doses, four patients participate in an intranasal pharmacokinetic (blood level study)
      dosage trial of 3 doses (different from IV) of peptide T once for each of 3 successive days.
      Follow-up continues for up to 1 year.
    </field><field name='textblock'>
        Inclusion Criteria:

          -  History of either opportunistic infection and/or Kaposi's sarcoma, and/or serologic
             evidence of past infection with HIV. Ability to give informed consent.

          -  Allowed but discouraged: Antiretroviral medication. Immunomodulating medication.
             Psychoactive medication.

          -  Not breast-feeding

          -  Abstinence or agree to use barrier methods of birth control / contraception during the
             study

          -  Not pregnant

          -  Negative pregnancy test

          -  CD4 >= 200 cells/mm3 (200 - 300 - 400 - 500 - 600 - 700 - 800 plus).

          -  Creatinine <= 1.6 mg/dl

          -  Hemoglobin >= 12 g/dl

          -  Platelet Count >= 100000 /mm3

        Exclusion Criteria:

          -  Patients with the following diseases or symptoms are excluded: Space-occupying lesion
             in brain. Life-threatening opportunistic infection at time of entry into trial.
             History of major psychiatric illness prior to 1977 or time of initial exposure to HIV,
             if that is known.

          -  Patients with the following diseases or symptoms are excluded: Space-occupying lesion
             in brain. Life-threatening opportunistic infection at time of entry into trial.
             History of major psychiatric illness prior to 1977 or time of initial exposure to HIV,
             if that is known.

          -  Excluded within 4 weeks of study entry:

        Antiretroviral agents. Anticancer treatments. Psychoactive agents.

        Excluded within 4 months of study entry:

        Suramin.

          -  Avoid: Antiretroviral medication. Immunomodulating medication. Psychoactive
             medication.

          -  Excluded within 4 weeks of study entry:

        Radiation.

          -  Breast-feeding

          -  Positive pregnancy test

          -  Pregnant

          -  No abstinence or no agreement to use barrier methods of birth control / contraception
             during the study
      </field><field name='overall_status'>Completed</field><field name='start_date'>January 1988</field><field name='primary_completion_date'>January 1990</field><field name='phase'>Phase 1</field><field name='study_type'>Interventional</field><field name='has_expanded_access'>No</field><field name='study_design_info'>
    </field><field name='allocation'>Non-Randomized</field><field name='primary_purpose'>Treatment</field><field name='masking'>None (Open Label)</field><field name='primary_outcome'>
    </field><field name='measure'>Patients performance on neuropsychological tests</field><field name='time_frame'>10 days plus 10 days plus 3 days</field><field name='description'>The additional 3 days was for only 4 patients with follow-up for 1 year</field><field name='enrollment'>6</field><field name='condition'>HIV Infections</field><field name='condition'>Cognition Disorders</field><field name='intervention'>
    </field><field name='intervention_type'>Drug</field><field name='intervention_name'>Peptide T</field><field name='description'>The additional 3 days was for only 4 patients with follow-up for 1 year</field><field name='eligibility'>
    </field><field name='criteria'>
      </field><field name='gender'>All</field><field name='minimum_age'>18 Years</field><field name='maximum_age'>N/A</field></doc></add>