<add><doc><field name='clinical_study'>
  
  </field><field name='required_header'>
    </field><field name='download_date'>ClinicalTrials.gov processed this data on September 16, 2022</field><field name='link_text'>Link to the current ClinicalTrials.gov record.</field><field name='url'>https://clinicaltrials.gov/show/NCT00000268</field><field name='id_info'>
    </field><field name='org_study_id'>NIDA-09236-3</field><field name='nct_id'>NCT00000268</field><field name='brief_title'>Cocaine Abuse and Attention Deficit Disorder - 3</field><field name='official_title'>Cocaine Abuse and Attention Deficit Disorder</field><field name='sponsors'>
    </field><field name='lead_sponsor'>
      </field><field name='agency'>National Institute on Drug Abuse (NIDA)</field><field name='agency'>New York State Psychiatric Institute</field><field name='agency_class'>NIH</field><field name='agency_class'>Other</field><field name='source'>National Institute on Drug Abuse (NIDA)</field><field name='brief_summary'>
    </field><field name='textblock'>
      The purpose of this study is to evaluate cocaine abuse and Attention Deficit Disorder
    </field><field name='textblock'>
      To evaluate the safety and efficacy of methylphenidate and bupropion in treating individuals
      with adult Attention Deficit Disorder.
    </field><field name='textblock'>
        Inclusion Criteria:

        current adult ADHD current cocaine dependence

        Exclusion Criteria:

        no current major depression
      </field><field name='overall_status'>Completed</field><field name='start_date'>May 1995</field><field name='completion_date'>November 1998</field><field name='phase'>N/A</field><field name='study_type'>Interventional</field><field name='study_design_info'>
    </field><field name='allocation'>N/A</field><field name='intervention_model'>Single Group Assignment</field><field name='primary_purpose'>Treatment</field><field name='primary_outcome'>
    </field><field name='primary_outcome'>
    </field><field name='primary_outcome'>
    </field><field name='primary_outcome'>
    </field><field name='primary_outcome'>
    </field><field name='primary_outcome'>
    </field><field name='measure'>Side effects</field><field name='measure'>Craving</field><field name='measure'>Drug use</field><field name='measure'>ADHD symptoms</field><field name='measure'>Improvement in functioning</field><field name='measure'>Tolerability</field><field name='enrollment'>32</field><field name='condition'>Cocaine-Related Disorders</field><field name='intervention'>
    </field><field name='intervention_type'>Drug</field><field name='intervention_name'>Bupropion</field><field name='eligibility'>
    </field><field name='criteria'>
      </field><field name='gender'>All</field><field name='minimum_age'>18 Years</field><field name='maximum_age'>55 Years</field></doc></add>