<add><doc><field name='clinical_study'>
  
  </field><field name='required_header'>
    </field><field name='download_date'>ClinicalTrials.gov processed this data on September 16, 2022</field><field name='link_text'>Link to the current ClinicalTrials.gov record.</field><field name='url'>https://clinicaltrials.gov/show/NCT00000123</field><field name='id_info'>
    </field><field name='org_study_id'>NEI-22</field><field name='nct_id'>NCT00000123</field><field name='brief_title'>The Berkeley Orthokeratology Study</field><field name='sponsors'>
    </field><field name='lead_sponsor'>
      </field><field name='agency'>National Eye Institute (NEI)</field><field name='agency_class'>NIH</field><field name='source'>National Eye Institute (NEI)</field><field name='brief_summary'>
    </field><field name='textblock'>
      To evaluate the relative efficacy of orthokeratology, primarily by assessment of changes in
      central corneal thickness, astigmatism, visual acuity, endothelial cell density, and corneal
      curvature.

      To evaluate the relative safety of orthokeratology, primarily by assessment of changes in
      central corneal thickness, astigmatism, visual acuity, endothelial cell density, induced
      corneal edema, and epithelial staining.

      To assess the duration of any orthokeratology treatment effect.

      To study the mechanisms by which refractive error and visual acuity changes occur, in
      particular the contribution that comes from changes in corneal curvature and shape.

      To determine whether there were any predisposing ocular factors that could be used to predict
      which subjects will experience changes or complications.
    </field><field name='textblock'>
      In the early 1960s, a group of clinicians asserted that myopia could be reduced and possibly
      corrected by fitting specially designed contact lenses to induce corneal flattening and
      thereby reduce the refractive power of the eye. This technique, known as orthokeratology,
      required that the lenses be fitted and then changed progressively until vision becomes normal
      or nearly normal. Advocates of orthokeratology claimed that corneal changes could be induced
      in a predictable fashion, were often permanent, and occurred without causing any adverse
      effects to the cornea. Data on orthokeratology were generally limited, poorly documented, and
      did not address the issues of control or failure.

      The Berkeley Orthokeratology Study was a single center randomized, concurrently controlled,
      masked clinical trial. Corneal and visual changes in an orthokeratology treatment group were
      monitored and compared with those observed in a control group whose members wore contact
      lenses fitted in a standard clinical manner. Visual and ocular characteristics were monitored
      for 1.5 years.

      Eighty subjects were studied-40 in an orthokeratology group and 40 in a control group fitted
      with conventional hard contact lenses. The hard lenses chosen for this study were made of
      either polymethyl methacrylate (PMMA) or a PMMA-silicone combination (Polycon). All subjects
      were initially fitted with PMMA lenses.

      The initial treatment and control lenses were selected according to protocol guidelines and
      then adjusted to achieve an "optimal fit" based on lens position, movement, and alignment as
      assessed by fluorescein study. At the outset, the treatment and control lenses differed in
      that the treatment lenses were on the average thicker and flatter and had a larger diameter.

      Following the dispensing visit, subjects progressed through three study phases. In the
      adaption phase (Phase A), subjects were examined weekly until they were adapted to 12 to 14
      hours of daily contact lens wear. The postadaptive phase (Phase B) consisted of monthly
      followup examinations for 1 year. The final phase (Phase C) consisted of a lens withdrawal
      segment and a postwearing segment.
    </field><field name='textblock'>
        Myopic volunteers, ages 20 to 35, who had not worn contact lenses were eligible to
        participate in the study if they were free of ocular disease, were in good physical health,
        and were not taking systemic medications that could have ocular side effects. In addition,
        eligibility was limited to persons with corneal curvature between 40.50 and 47.00 D
        (flatter keratometry reading), corrected visual acuity of 6/6 (20/20) or better in each
        eye, astigmatism less than 0.75 D, anisometropia less than 1 D, and myopia between 1 and 4
        D.
      </field><field name='overall_status'>Completed</field><field name='start_date'>January 1978</field><field name='completion_date'>February 1979</field><field name='phase'>Phase 3</field><field name='study_type'>Interventional</field><field name='has_expanded_access'>No</field><field name='study_design_info'>
    </field><field name='allocation'>Randomized</field><field name='primary_purpose'>Treatment</field><field name='masking'>Double</field><field name='condition'>Astigmatism</field><field name='condition'>Myopia</field><field name='intervention'>
    </field><field name='intervention'>
    </field><field name='intervention_type'>Device</field><field name='intervention_type'>Device</field><field name='intervention_name'>Polymethyl Methacrylate-Silicone Contact Lenses</field><field name='intervention_name'>Polymethyl Methacrylate Contact Lenses</field><field name='eligibility'>
    </field><field name='criteria'>
      </field><field name='gender'>All</field><field name='minimum_age'>20 Years</field><field name='maximum_age'>35 Years</field></doc></add>