<add><doc><field name='clinical_study'>
  
  </field><field name='required_header'>
    </field><field name='download_date'>ClinicalTrials.gov processed this data on September 16, 2022</field><field name='link_text'>Link to the current ClinicalTrials.gov record.</field><field name='url'>https://clinicaltrials.gov/show/NCT00000495</field><field name='id_info'>
    </field><field name='org_study_id'>14</field><field name='nct_id'>NCT00000495</field><field name='brief_title'>Prevention of Hypertension: A Randomized Trial</field><field name='sponsors'>
    </field><field name='lead_sponsor'>
      </field><field name='agency'>Northwestern University</field><field name='agency'>National Heart, Lung, and Blood Institute (NHLBI)</field><field name='agency_class'>Other</field><field name='agency_class'>NIH</field><field name='source'>Northwestern University</field><field name='brief_summary'>
    </field><field name='textblock'>
      To determine whether improved nutrition to correct overweight and high sodium intake, and
      regular frequent moderate rhythmic exercise to improve cardio-pulmonary fitness and to slow
      heart rate could lower blood pressure and prevent development of hypertension in
      hypertension-prone individuals.
    </field><field name='textblock'>
      BACKGROUND:

      Diet modification is one of the strategies in the primary prevention of hypertension. Studies
      of the association between various factors and blood pressure in different populations have
      shown the occurrence of specific dietary factors associated with elevated blood pressures.
      The factors include overweight, alcohol consumption and high sodium intake. Heart rate is
      also an independent predictor of risk of hypertension. Diet and exercise are amenable to
      intervention to influence blood pressure with the aim of reducing the risk of developing
      hypertension.

      DESIGN NARRATIVE:

      In the first phase of the trial participants were randomized to a Monitored (Control) Group
      or to an Intervention Group receiving individualized intervention to achieve changes in diet
      and physical activity. The goals of the Intervention Group were: a reduction of at least 10
      pounds or 5 percent of body weight for those above desirable weight; a reduction in daily
      sodium intake to 1800 mg; a modification of alcohol intake to no more than two drinks per
      day; and an increase in regular, moderate physical activity. The primary endpoint in the
      first phase of the trial was the comparison of mean blood pressure in the Intervention Group
      versus the Monitored Group. In the second phase of the trial, all randomized participants
      were followed for a minimum of five years. The primary endpoints in the second phase were the
      incidence of high blood pressure and/or hypertension.
    </field><field name='textblock'>
        Men and women, ages 30 to 44. Normal high blood pressure of 80-89 mm Hg.
      </field><field name='overall_status'>Completed</field><field name='start_date'>December 1978</field><field name='phase'>Phase 3</field><field name='study_type'>Interventional</field><field name='has_expanded_access'>No</field><field name='study_design_info'>
    </field><field name='allocation'>Randomized</field><field name='intervention_model'>Parallel Assignment</field><field name='primary_purpose'>Prevention</field><field name='condition'>Cardiovascular Diseases</field><field name='condition'>Heart Diseases</field><field name='condition'>Hypertension</field><field name='condition'>Vascular Diseases</field><field name='intervention'>
    </field><field name='intervention'>
    </field><field name='intervention'>
    </field><field name='intervention'>
    </field><field name='intervention_type'>Behavioral</field><field name='intervention_type'>Behavioral</field><field name='intervention_type'>Behavioral</field><field name='intervention_type'>Behavioral</field><field name='intervention_name'>diet, reducing</field><field name='intervention_name'>diet, sodium-restricted</field><field name='intervention_name'>alcohol restriction</field><field name='intervention_name'>exercise</field><field name='eligibility'>
    </field><field name='criteria'>
      </field><field name='gender'>All</field><field name='minimum_age'>30 Years</field><field name='maximum_age'>44 Years</field></doc></add>