<add><doc><field name='clinical_study'>
  
  </field><field name='required_header'>
    </field><field name='download_date'>ClinicalTrials.gov processed this data on September 16, 2022</field><field name='link_text'>Link to the current ClinicalTrials.gov record.</field><field name='url'>https://clinicaltrials.gov/show/NCT00000387</field><field name='id_info'>
    </field><field name='org_study_id'>R01MH056580</field><field name='nct_id'>NCT00000387</field><field name='brief_title'>Self-Management Therapy for Youth With Schizophrenia</field><field name='official_title'>Self-Management Therapy for Youth With Schizophrenia</field><field name='sponsors'>
    </field><field name='lead_sponsor'>
      </field><field name='agency'>National Institute of Mental Health (NIMH)</field><field name='agency_class'>NIH</field><field name='source'>National Institute of Mental Health (NIMH)</field><field name='oversight_info'>
    </field><field name='brief_summary'>
    </field><field name='textblock'>
      The purpose of this study is to test the effectiveness of a family-centered, community-based,
      self-management intervention (Self-Management Therapy) for adolescents with schizophrenia.
      The study will test the intervention's effectiveness in improving the adolescents' behavior,
      thinking, mood, and use of substances such as drugs and alcohol. The study also will look at
      the effects of the patient on the family.

      The intervention involves training in recognizing symptoms of schizophrenia and in stress
      management, problem-solving, and social skills. Parents and siblings are included to gain
      knowledge and skills to support the adolescents.

      The Self-Management Therapy intervention is administered in small multiple-family groups in
      12 sessions over 7-1/2 months. The effects of the intervention on the patient and his/her
      family are assessed prior to treatment, after 6 sessions, after 12 sessions, and in a
      follow-up visit 6 months after completion of sessions.

      A child may be eligible for this study if he/she:

      Is 15 to 19 years old and has been diagnosed with schizophrenia.
    </field><field name='textblock'>
      To test the effectiveness of a family-centered, community-based, self-management intervention
      (Self-Management Therapy) for adolescents with schizophrenia. The primary aim is to test its
      effectiveness in improving the adolescents' level of functioning in role performance,
      thinking/cognitive processing, behavior towards others, mood, and use of substances. The
      second aim is to assess the impact of the intervention on family functioning. The third aim
      is to describe the relationships among the process variables of the intervention.

      Nakagawa-Kogan's self-management nursing model, Kanfer's self-regulation theory, and
      Liberman's theory of stress and vulnerability provide the theoretical basis for the
      self-management intervention developed specifically for a population with deficits in
      cognitive processing. The intervention involves training in symptom awareness, stress
      management skills, problem-solving, and social skills. Parents and siblings are included to
      gain knowledge and skills to support the adolescents.

      The adolescent's level of functioning is assessed using the Child and Adolescent Functional
      Assessment Scale, the Birchwood Early Signs & Symptoms Scale for schizophrenia, and the DISA.
      Family Functioning is assessed by computing a Composite Family Functioning Index using
      weighted scores from the FACES II, Family Apgar, Family Empowerment, and Family Social
      Support scales. One parent is designated by the family to be the family respondent on the
      scales. The adolescents are referred to the study by mental health professionals. The
      intervention is administered in small multiple-family groups in 12 sessions over 7-1/2
      months. Data are collected at 4 points in time: at baseline, after 6 intensive sessions,
      after 6 monthly reinforcement sessions, and 6 months post-intervention. ANCOVA is used to
      test the study hypotheses. Multivariate relationships are examined among the process
      variables of the intervention.
    </field><field name='textblock'>
        Inclusion Criteria:

        -

        Patients must have:

        Schizophrenia as diagnosed according to DSM-IV criteria when screened by a mental health
        professional using the K-SADS and the DISA.
      </field><field name='overall_status'>Completed</field><field name='start_date'>April 1998</field><field name='completion_date'>January 2005</field><field name='primary_completion_date'>January 2005</field><field name='phase'>Phase 3</field><field name='study_type'>Interventional</field><field name='has_expanded_access'>No</field><field name='study_design_info'>
    </field><field name='allocation'>Randomized</field><field name='intervention_model'>Parallel Assignment</field><field name='primary_purpose'>Treatment</field><field name='masking'>None (Open Label)</field><field name='primary_outcome'>
    </field><field name='measure'>Increase in CAFAS level of functioning for all adolescents.</field><field name='measure'>Increase in family functioning for families in the treatment group according to the designated family respondent.</field><field name='time_frame'>Over the course of 14 months</field><field name='time_frame'>Over the course of 14 months</field><field name='description'>Behavioral intervention - Self management therapy</field><field name='description'>Regular treatment</field><field name='description'>Behavioral</field><field name='number_of_arms'>2</field><field name='enrollment'>40</field><field name='condition'>Schizophrenia</field><field name='arm_group'>
    </field><field name='arm_group'>
    </field><field name='arm_group_label'>A,1,III</field><field name='arm_group_label'>A,2,III</field><field name='arm_group_label'>A,1,III</field><field name='arm_group_label'>A,2,III</field><field name='arm_group_label'>A,1,III</field><field name='arm_group_label'>A,2,III</field><field name='arm_group_type'>Experimental</field><field name='arm_group_type'>Active Comparator</field><field name='intervention'>
    </field><field name='intervention'>
    </field><field name='intervention_type'>Behavioral</field><field name='intervention_type'>Behavioral</field><field name='intervention_name'>Self-management therapy</field><field name='intervention_name'>Self-management therapy</field><field name='description'>Behavioral intervention - Self management therapy</field><field name='description'>Regular treatment</field><field name='description'>Behavioral</field><field name='arm_group_label'>A,1,III</field><field name='arm_group_label'>A,2,III</field><field name='arm_group_label'>A,1,III</field><field name='arm_group_label'>A,2,III</field><field name='arm_group_label'>A,1,III</field><field name='arm_group_label'>A,2,III</field><field name='eligibility'>
    </field><field name='criteria'>
      </field><field name='gender'>All</field><field name='minimum_age'>15 Years</field><field name='maximum_age'>19 Years</field></doc></add>