<add><doc><field name='clinical_study'>
  
  </field><field name='required_header'>
    </field><field name='download_date'>ClinicalTrials.gov processed this data on September 16, 2022</field><field name='link_text'>Link to the current ClinicalTrials.gov record.</field><field name='url'>https://clinicaltrials.gov/show/NCT00000617</field><field name='id_info'>
    </field><field name='org_study_id'>120</field><field name='nct_id'>NCT00000617</field><field name='brief_title'>Azithromycin and Coronary Events Study (ACES)</field><field name='sponsors'>
    </field><field name='lead_sponsor'>
      </field><field name='agency'>National Heart, Lung, and Blood Institute (NHLBI)</field><field name='agency_class'>NIH</field><field name='source'>National Heart, Lung, and Blood Institute (NHLBI)</field><field name='brief_summary'>
    </field><field name='textblock'>
      To determine whether treatment with azithromycin decreases the rate of coronary heart disease
      events among patients with stable documented coronary artery disease.
    </field><field name='textblock'>
      BACKGROUND:

      Cumulative evidence from past studies supports but does not prove a causal association
      between Chlamydia pneumoniae infection and development or progression of atherosclerotic
      cardiovascular disease. Evidence supporting an association raises the question of whether a
      causal effect of Chlamydia pneumonia infection, if present, may be ameliorated by antibiotic
      treatment, resulting in decreased CHD outcomes. The ACES is a randomized, double-blind,
      placebo-controlled study to determine whether treatment with azithromycin decreases the rate
      of coronary heart disease events among patients with stable documented coronary artery
      disease.

      DESIGN NARRATIVE:

      A randomized, double-blind, multicenter trial of azithromycin versus placebo among adults
      with documented prevalent coronary artery disease. Patients were enrolled over an 18-month
      period from a total of 28 centers. Following enrollment, an electrocardiogram was obtained,
      and patients with a prolonged QT interval were excluded. Eligible patients were then
      randomized to receive either placebo or azithromycin 600 milligrams orally once a week for a
      year. At the time of enrollment, a blood sample was obtained for C. pneumoniae antibody
      testing. Patients were contacted at one, three, and six weeks, and at three, six, nine, and
      twelve months. The patients were followed for a mean of four years for the composite primary
      outcome of coronary heart disease death, non-fatal myocardial infarction, hospitalization for
      unstable angina, and requirement for coronary artery bypass grafting or percutaneous
      revascularization. After the first year of the study, each patient was contacted every six
      months to determine the occurrence of outcomes. In addition, when available, computerized
      hospitalization and outpatient data were reviewed. Outcome events were classified using
      standardized algorithms. The relationship of antibody titer at baseline to the efficacy of
      azithromycin and outcome was a secondary analysis. The primary analysis was according to the
      intent-to-treat principle.

      In addition to the therapeutic trial a serologic follow-up substudy was conducted on 25
      percent of patients enrolled in the therapeutic trial. The subset of patients were randomized
      to obtain blood samples at three and six months, one and two years, and at the end of the
      study for serologies. The purpose of the substudy was to determine the effect of azithromycin
      on serologic titers to C. pneumoniae and to evaluate whether the occurrence of coronary heart
      disease events is associated with a change in antibody titer.

      Protocol planning will take place for the first six months of the trial, followed by one and
      a half years of patient enrollment. Patient followup continues for three years after the
      recruitment period and the final six months will be a close out and analysis phase.

      The study completion date listed in this record was obtained from the "Completed Date"
      entered in the Query View Report System (QVR).
    </field><field name='textblock'>
        Men and women over the age of 18 who have stable, documented coronary artery disease (CAD).
        Evidence of CAD was by any one of: history of MI; greater than 50% stenosis in any coronary
        artery; or history of coronary revascularization procedure.
      </field><field name='overall_status'>Completed</field><field name='start_date'>September 1998</field><field name='completion_date'>November 2005</field><field name='phase'>Phase 3</field><field name='study_type'>Interventional</field><field name='has_expanded_access'>No</field><field name='study_design_info'>
    </field><field name='allocation'>Randomized</field><field name='primary_purpose'>Prevention</field><field name='masking'>Double</field><field name='condition'>Coronary Disease</field><field name='condition'>Heart Diseases</field><field name='condition'>Myocardial Infarction</field><field name='condition'>Cardiovascular Diseases</field><field name='intervention'>
    </field><field name='intervention_type'>Drug</field><field name='intervention_name'>azithromycin</field><field name='eligibility'>
    </field><field name='criteria'>
      </field><field name='gender'>All</field><field name='minimum_age'>18 Years</field><field name='maximum_age'>75 Years</field></doc></add>