<add><doc><field name='clinical_study'>
  
  </field><field name='required_header'>
    </field><field name='download_date'>ClinicalTrials.gov processed this data on September 16, 2022</field><field name='link_text'>Link to the current ClinicalTrials.gov record.</field><field name='url'>https://clinicaltrials.gov/show/NCT00000417</field><field name='id_info'>
    </field><field name='org_study_id'>P60 AR36308 NIAMS-014</field><field name='nct_id'>NCT00000417</field><field name='brief_title'>Psychoeducational Approach to Improve Health in Lupus</field><field name='official_title'>A Randomized Controlled Trial of a Psychoeducational Intervention to Improve Outcomes in Systemic Lupus Erythematosus (SLE)</field><field name='sponsors'>
    </field><field name='lead_sponsor'>
      </field><field name='agency'>Brigham and Women's Hospital</field><field name='agency'>National Institute of Arthritis and Musculoskeletal and Skin Diseases (NIAMS)</field><field name='agency_class'>Other</field><field name='agency_class'>NIH</field><field name='source'>Brigham and Women's Hospital</field><field name='brief_summary'>
    </field><field name='textblock'>
      We will study the relationships among patient/partner communication, social support, and
      self-efficacy (a person's belief in the ability to manage his or her disease) as they affect
      the health of people with systemic lupus erythematosus (SLE, or lupus) over time. We are
      assigning 150 people with lupus and their partners to either (1) receive counseling to
      improve self-efficacy, partner support, and patient/partner problem solving or (2) see an
      informational film about lupus. We will follow study participants for 12 months to find out
      about their physical and mental health, disease activity, beliefs that they can take steps
      that help them feel better, coping, social support, and couples communication.
    </field><field name='textblock'>
      Studies have shown that patient self-efficacy in disease management and social support
      predict physical and mental health and disease activity in lupus. We wished to study the
      relationships among patient/partner communication, social support, and self-efficacy as they
      influence patient health longitudinally. We are randomizing 150 lupus patients and their
      partners to either (1) participate in a counseling intervention to improve self-efficacy,
      partner support, and patient/partner problem-solving in lupus management or (2) see an
      informational film about lupus (control). The counseling intervention includes an initial
      in-person session followed by five monthly telephone calls to monitor and reinforce
      problem-solving. We will follow patients for 12 months for self-reported physical and mental
      health, disease activity, self-efficacy, coping, social support, and couples communication.
    </field><field name='textblock'>
        Inclusion Criteria:

          -  Has partner willing to participate in study

        Exclusion Criteria:

          -  Unable to read and write English questionnaires

          -  Unable to be reached by phone

          -  Rheumatologist considers patient unable to participate, generally due to patient
             cognitive problems or severe illness
      </field><field name='overall_status'>Completed</field><field name='start_date'>April 1997</field><field name='completion_date'>March 2001</field><field name='primary_completion_date'>March 2001</field><field name='phase'>Phase 2</field><field name='study_type'>Interventional</field><field name='has_expanded_access'>No</field><field name='study_design_info'>
    </field><field name='allocation'>Randomized</field><field name='intervention_model'>Single Group Assignment</field><field name='primary_purpose'>Treatment</field><field name='masking'>None (Open Label)</field><field name='enrollment'>150</field><field name='condition'>Systemic Lupus Erythematosus</field><field name='intervention'>
    </field><field name='intervention'>
    </field><field name='intervention_type'>Procedure</field><field name='intervention_type'>Device</field><field name='intervention_name'>Counseling intervention</field><field name='intervention_name'>Informational film</field><field name='eligibility'>
    </field><field name='criteria'>
      </field><field name='gender'>All</field><field name='minimum_age'>18 Years</field><field name='maximum_age'>75 Years</field></doc></add>