<add><doc><field name='clinical_study'>
  
  </field><field name='required_header'>
    </field><field name='download_date'>ClinicalTrials.gov processed this data on September 16, 2022</field><field name='link_text'>Link to the current ClinicalTrials.gov record.</field><field name='url'>https://clinicaltrials.gov/show/NCT00000563</field><field name='id_info'>
    </field><field name='org_study_id'>201</field><field name='nct_id'>NCT00000563</field><field name='brief_title'>Prevention of Neonatal Respiratory Distress Syndrome With Antenatal Steroid Administration</field><field name='sponsors'>
    </field><field name='lead_sponsor'>
      </field><field name='agency'>National Heart, Lung, and Blood Institute (NHLBI)</field><field name='agency_class'>NIH</field><field name='source'>National Heart, Lung, and Blood Institute (NHLBI)</field><field name='brief_summary'>
    </field><field name='textblock'>
      To determine the effect of corticosteroids, administered 24 to 48 hours before parturition,
      on the incidence of neonatal respiratory distress syndrome (RDS) and to determine whether the
      therapy has any adverse short- or long-term (up to 36 months) effects on the infant.
      Secondarily, to determine whether the therapy has any adverse short-term effects on the
      mother and to determine whether morbidity rates for neonatal respiratory distress syndrome as
      well as total and cause-specific infant mortality rates differ between mothers who received
      antenatal steroids and those who received conventional medical care.
    </field><field name='textblock'>
      BACKGROUND:

      Neonatal respiratory distress syndrome is one of the leading causes of disability and death
      in the newborn. In the United States, approximately 10 percent of all infants are premature,
      and each year about 50,000 cases of neonatal respiratory distress syndrome occur.

      Extensive studies in animal models on respiratory distress syndrome have demonstrated that
      antenatal administration of synthetic (dexamethasone) and natural (cortisol) corticosteroids
      accelerates lung maturation and significantly diminishes the occurrence of RDS. Although a
      variety of conditions in newborn infants have been treated with steroids over the past 20
      years without adverse effects, investigations have been needed on the short-term effects of
      corticosteroids administered antenatally on neonate and mother and on the long-term effects
      on the infant.

      The Planning Phase of this trial was completed in March 1977, with formulation of a common
      protocol and manual of operations. Patient screening and enrollment began in August 1977 and
      ended on March 1, 1980. Follow-up ended in August 1983 and data analysis was completed
      October 31, 1983.

      DESIGN NARRATIVE:

      Randomized, double-blind, fixed sample. Six hundred and ninety-six pregnant women were
      randomized to four doses of dexamethasone every 12 hours or to placebo. Endpoints were the
      incidence of respiratory distress syndrome and abnormality of motor-neuro-intellectual
      development in their infants.
    </field><field name='textblock'>
        Male and female fetuses and infants; pregnant women with anticipated premature delivery and
        gestational age between 26 and 37 weeks.
      </field><field name='overall_status'>Completed</field><field name='start_date'>June 1976</field><field name='completion_date'>August 1983</field><field name='phase'>Phase 3</field><field name='study_type'>Interventional</field><field name='has_expanded_access'>No</field><field name='study_design_info'>
    </field><field name='allocation'>Randomized</field><field name='primary_purpose'>Prevention</field><field name='masking'>Double</field><field name='condition'>Lung Diseases</field><field name='condition'>Respiratory Distress Syndrome</field><field name='intervention'>
    </field><field name='intervention_type'>Drug</field><field name='intervention_name'>dexamethasone</field><field name='eligibility'>
    </field><field name='criteria'>
      </field><field name='gender'>All</field><field name='minimum_age'>N/A</field><field name='maximum_age'>1 Year</field></doc></add>