<add><doc><field name='clinical_study'>
  
  </field><field name='required_header'>
    </field><field name='download_date'>ClinicalTrials.gov processed this data on September 16, 2022</field><field name='link_text'>Link to the current ClinicalTrials.gov record.</field><field name='url'>https://clinicaltrials.gov/show/NCT00000521</field><field name='id_info'>
    </field><field name='org_study_id'>40</field><field name='nct_id'>NCT00000521</field><field name='brief_title'>Sodium-Potassium Blood Pressure Trial in Children</field><field name='official_title'>Sodium-Potassium Blood Pressure Trial in Children</field><field name='sponsors'>
    </field><field name='lead_sponsor'>
      </field><field name='agency'>University of Minnesota</field><field name='agency'>National Heart, Lung, and Blood Institute (NHLBI)</field><field name='agency_class'>Other</field><field name='agency_class'>NIH</field><field name='source'>University of Minnesota</field><field name='brief_summary'>
    </field><field name='textblock'>
      To examine the effects of nutritional intervention on the rate of rise of blood pressure in
      late childhood and early adolescence.
    </field><field name='textblock'>
      BACKGROUND:

      Since 1970, children and adolescents with hypertension have been detected with increasing
      frequency. Many of them were thought to have primary or essential hypertension and it
      remained unclear how they should be managed. Additionally, since tracking of blood pressure
      occurred even in early life, it was believed that youngsters with blood pressures
      persistently in the upper deciles for age were at increased risk for later hypertension. No
      clinical trials had been performed in this age group to examine the effects of
      non-pharmacologic or drug therapy in lowering blood pressure. The trial was one of the first
      attempts to examine the effects of a nutritional intervention on the rate of rise of blood
      pressure in late childhood and early adolescence.

      DESIGN NARRATIVE:

      Randomized, partial-blind. After 19,542 fifth to eighth grade students were screened, 210
      (105 boys and 105 girls) from the upper 15 percentiles of blood pressure distribution were
      randomly assigned to one of three groups: low sodium diet (70 mmol sodium intake per day),
      potassium chloride supplementation (normal diet plus 1 mmol/kg potassium chloride per day),
      and placebo (normal diet plus placebo capsule). Capsules for the potassium chloride and
      placebo groups were administered in a double blind protocol. Blood pressure was measured
      every three months for three years. The effect of the intervention was determined by
      comparing the rate of rise (slope) of blood pressure among the groups using a
      random-coefficient growth curve model.
    </field><field name='textblock'>
        Children in grades 5 through 8 whose systolic blood pressure was greater than or equal to
        120 mm Hg on two visits.
      </field><field name='overall_status'>Completed</field><field name='start_date'>August 1985</field><field name='completion_date'>December 1990</field><field name='primary_completion_date'>July 1990</field><field name='phase'>Phase 4</field><field name='study_type'>Interventional</field><field name='has_expanded_access'>No</field><field name='study_design_info'>
    </field><field name='allocation'>Randomized</field><field name='intervention_model'>Parallel Assignment</field><field name='primary_purpose'>Prevention</field><field name='masking'>Quadruple (Participant, Care Provider, Investigator, Outcomes Assessor)</field><field name='enrollment'>285</field><field name='condition'>Cardiovascular Diseases</field><field name='condition'>Heart Diseases</field><field name='condition'>Hypertension</field><field name='condition'>Vascular Diseases</field><field name='intervention'>
    </field><field name='intervention'>
    </field><field name='intervention_type'>Behavioral</field><field name='intervention_type'>Behavioral</field><field name='intervention_name'>diet, sodium-restricted</field><field name='intervention_name'>diet, potassium-supplemented</field><field name='eligibility'>
    </field><field name='criteria'>
      </field><field name='gender'>All</field><field name='minimum_age'>10 Years</field><field name='maximum_age'>13 Years</field></doc></add>