<add><doc><field name='clinical_study'>
  
  </field><field name='required_header'>
    </field><field name='download_date'>ClinicalTrials.gov processed this data on September 16, 2022</field><field name='link_text'>Link to the current ClinicalTrials.gov record.</field><field name='url'>https://clinicaltrials.gov/show/NCT00000162</field><field name='id_info'>
    </field><field name='org_study_id'>NEI-64</field><field name='nct_id'>NCT00000162</field><field name='brief_title'>Branch Vein Occlusion Study</field><field name='sponsors'>
    </field><field name='lead_sponsor'>
      </field><field name='agency'>National Eye Institute (NEI)</field><field name='agency_class'>NIH</field><field name='source'>National Eye Institute (NEI)</field><field name='brief_summary'>
    </field><field name='textblock'>
      To determine whether scatter argon laser photocoagulation can prevent the development of
      neovascularization.

      To determine whether peripheral scatter argon laser photocoagulation can prevent vitreous
      hemorrhage.

      To determine whether macular argon laser photocoagulation can improve visual acuity in eyes
      with macular edema reducing vision to 20/40 or worse.
    </field><field name='textblock'>
      Retinal branch vein occlusion (BVO) is the second most common retinal vascular disease after
      diabetic retinopathy. Many treatments for this disorder were attempted before 1977, but none
      were proven to be effective. The only treatment that seemed at all promising in preventing
      visual loss from BVO was laser photocoagulation.

      Approximately 500 patients were enrolled in the study. One-half were randomly assigned to
      treatment with argon laser photocoagulation; the other one-half remained untreated as
      controls. For BVO with or without neovascularization, scatter treatment of 100 to 400 laser
      burns was applied in the drainage area of the occluded vein site, avoiding the fovea and
      optic disc. Individual laser burns were 200 to 500 microns in diameter with an exposure time
      of 0.1 to 0.2 seconds. For macular edema, burns of 50 to 100 microns in diameter with
      exposure time of 0.05 to 0.1 seconds were used. A fluorescein angiogram less than 1 month old
      had to have been available for each patient. Treatment was performed under topical anesthesia
      using the argon laser to achieve a grid pattern over the area of capillary leakage identified
      by fluorescein in the macular region. Photocoagulation was extended no closer to the fovea
      than the edge of the foveal avascular zone and did not extend peripherally beyond the major
      vascular arcade. The efficacy of treatment was judged on the basis of visual acuity
      measurements as well as assessment of the subsequent development of neovascularization and/or
      vitreous hemorrhage. Patients were followed for at least 3 years.
    </field><field name='textblock'>
        Patients with three types of diagnoses were accepted:

          1. major BVO without neovascularization;

          2. major BVO with neovascularization;

          3. BVO with macular edema and reduced vision. All patients must have had onset of signs
             and/or symptoms of BVO less than 18 months before the initial visit, vision of 5/200
             or better, and sufficient clarity of the ocular media to permit confirmation of the
             condition with fundus photography. Other eligibility criteria apply to each of the
             three major groups as well as special cases such as the occurrence of bilateral
             disease.
      </field><field name='overall_status'>Completed</field><field name='start_date'>July 1977</field><field name='phase'>Phase 3</field><field name='study_type'>Interventional</field><field name='has_expanded_access'>No</field><field name='study_design_info'>
    </field><field name='allocation'>Randomized</field><field name='primary_purpose'>Treatment</field><field name='condition'>Macular Degeneration</field><field name='condition'>Neovascularization, Pathologic</field><field name='condition'>Vitreous Hemorrhage</field><field name='intervention'>
    </field><field name='intervention'>
    </field><field name='intervention'>
    </field><field name='intervention_type'>Procedure</field><field name='intervention_type'>Procedure</field><field name='intervention_type'>Procedure</field><field name='intervention_name'>Macular Argon Laser Photocoagulation</field><field name='intervention_name'>Peripheral Scatter Argon Laser Photocoagulation</field><field name='intervention_name'>Scatter Argon Laser Photocoagulation</field><field name='eligibility'>
    </field><field name='criteria'>
      </field><field name='gender'>All</field><field name='minimum_age'>N/A</field><field name='maximum_age'>N/A</field></doc></add>