<add><doc><field name='clinical_study'>
  
  </field><field name='required_header'>
    </field><field name='download_date'>ClinicalTrials.gov processed this data on September 16, 2022</field><field name='link_text'>Link to the current ClinicalTrials.gov record.</field><field name='url'>https://clinicaltrials.gov/show/NCT00000630</field><field name='id_info'>
    </field><field name='org_study_id'>AVEG 002A</field><field name='nct_id'>NCT00000630</field><field name='brief_title'>Phase I Safety and Immunogenicity Trial of Vaccinia-HIV Envelope Recombinant Vaccine (HIVAC-1e) in Combination With Soluble Recombinant Envelope Vaccine (gp160; VaxSyn)</field><field name='official_title'>Phase I Safety and Immunogenicity Trial of Vaccinia-HIV Envelope Recombinant Vaccine (HIVAC-1e) in Combination With Soluble Recombinant Envelope Vaccine (gp160; VaxSyn)</field><field name='sponsors'>
    </field><field name='lead_sponsor'>
      </field><field name='agency'>National Institute of Allergy and Infectious Diseases (NIAID)</field><field name='agency_class'>NIH</field><field name='source'>National Institute of Allergy and Infectious Diseases (NIAID)</field><field name='brief_summary'>
    </field><field name='textblock'>
      To determine if priming (giving the first vaccination) with a vaccinia recombinant (HIVAC-1e)
      provides a significant advantage in immunogenicity (production of antibodies) compared to
      priming with a soluble recombinant protein (gp160); to learn more about the safety of the
      combination use of the two HIV envelope vaccines utilized in the study.

      Recent studies at the AIDS vaccine units have shown the safety of two candidate HIV vaccines,
      HIVAC-1e and gp160. Specific questions to be addressed in this part of the study include:
      Does combination vaccination result in a synergistic (added) response not predicted by just
      the addition of a second vaccination, and does this synergism depend on the unique priming
      effect of a vaccinia recombinant, or will any combination do?
    </field><field name='textblock'>
      Recent studies at the AIDS vaccine units have shown the safety of two candidate HIV vaccines,
      HIVAC-1e and gp160. Specific questions to be addressed in this part of the study include:
      Does combination vaccination result in a synergistic (added) response not predicted by just
      the addition of a second vaccination, and does this synergism depend on the unique priming
      effect of a vaccinia recombinant, or will any combination do?

      Volunteers will be randomized to one of four groups. Group A (20 volunteers) will receive
      gp160 (VaxSyn) followed two months later by a repeat dose. Group B (20 volunteers) will
      receive VaxSyn followed two months later by HIVAC-1e. Group C (20 volunteers) will receive
      HIVAC-1e followed two months later by VaxSyn. Group D (10 volunteers) will receive HIVAC-1e
      followed two months later by HIVAC-1e. For volunteers in Groups A, B, and C who do not react
      to the initial vaccination, a second attempt to obtain a reaction may be made 7 or more days
      following the initial inoculation. Per addendum, two additional booster inoculations are
      given: one at 6 months or later post initial inoculation (Groups A, C, and D receive VaxSyn
      and Group B receives HIVAC-1e) and another at 12 months or later (all Groups receive VaxSyn).
    </field><field name='textblock'>
        Inclusion Criteria

          -  Volunteers must be healthy adults without high-risk behavior for HIV-1 infection and
             with history of smallpox vaccination more than 5 years prior to enrollment.

        Exclusion Criteria

        Co-existing Condition:

        Patients with the following symptoms and conditions are excluded:

          -  Identifiable high-risk behavior for HIV infection including active intravenous drug
             use and multiple sexual partners or sexual contact with high-risk partners within the
             past 6 months.

          -  Eczema, active or within the past year.

          -  Household contact with someone who is pregnant.

          -  Household contact with children less than 12 years old.

          -  Household contact with anyone with eczema.

          -  Household contact with anyone with immunodeficiencies.

          -  Hypersensitivity to insects.

          -  Medical or psychiatric conditions that would make compliance unlikely.

          -  Evidence of depression.

        Patients with the following prior conditions are excluded:

          -  History of immunodeficiency or chronic illness or use of immunosuppressive
             medications.

          -  Blood or blood product transfusion within previous six months.

          -  Eczema, active or within the past year.

          -  Prior receipt of experimental HIV vaccine. [Specific other requirements are stated
             elsewhere in the record.]

        Prior Treatment:

        Excluded within 6 months prior to study entry:

          -  Blood or blood product transfusions.

        Risk Behavior:

        Excluded:

          -  Active intravenous drug use.

          -  Syphilis, gonorrhea, or any sexually transmitted diseases including chlamydia or
             pelvic inflammatory disease within the past 6 months.

          -  More than 2 sexual partners in the past 6 months or sexual contact with a high-risk
             partner.
      </field><field name='overall_status'>Completed</field><field name='completion_date'>December 1992</field><field name='phase'>Phase 1</field><field name='study_type'>Interventional</field><field name='has_expanded_access'>No</field><field name='study_design_info'>
    </field><field name='allocation'>Randomized</field><field name='primary_purpose'>Prevention</field><field name='enrollment'>35</field><field name='condition'>HIV Infections</field><field name='intervention'>
    </field><field name='intervention'>
    </field><field name='intervention_type'>Biological</field><field name='intervention_type'>Biological</field><field name='intervention_name'>HIVAC-1e</field><field name='intervention_name'>gp160 Vaccine (MicroGeneSys)</field><field name='eligibility'>
    </field><field name='criteria'>
      </field><field name='gender'>All</field><field name='minimum_age'>18 Years</field><field name='maximum_age'>60 Years</field></doc></add>