<add><doc><field name='clinical_study'>
  
  </field><field name='required_header'>
    </field><field name='download_date'>ClinicalTrials.gov processed this data on September 16, 2022</field><field name='link_text'>Link to the current ClinicalTrials.gov record.</field><field name='url'>https://clinicaltrials.gov/show/NCT00000427</field><field name='id_info'>
    </field><field name='org_study_id'>P50AR044855</field><field name='nct_id'>NCT00000427</field><field name='brief_title'>Effects of Parathyroid Hormone in Men With Osteoporosis</field><field name='official_title'>Anabolic Actions of Parathyroid Hormone in Osteoporotic Men</field><field name='sponsors'>
    </field><field name='lead_sponsor'>
      </field><field name='agency'>Massachusetts General Hospital</field><field name='agency'>National Institute of Arthritis and Musculoskeletal and Skin Diseases (NIAMS)</field><field name='agency_class'>Other</field><field name='agency_class'>NIH</field><field name='source'>Massachusetts General Hospital</field><field name='brief_summary'>
    </field><field name='textblock'>
      Alendronate is a drug that blocks or reduces bone loss, while parathyroid hormone (PTH)
      stimulates the formation of new bone. The purpose of this study is to compare the
      bone-building effects of PTH alone, alendronate alone, and both PTH and alendronate in men
      with osteoporosis over a two-and-a-half year period.
    </field><field name='textblock'>
      Osteoporosis causes bones to weaken and break more easily. Alendronate is used to treat or
      prevent osteoporosis. PTH is a protein hormone that increases the calcium and phosphorus
      release from bone, leading to formation of new bone. This study will examine the changes in
      bone density measured at multiple places in the skeleton and changes in chemicals in the body
      that indicate bone breakdown and bone formation. The study will indicate whether some
      breakdown of bone is required for PTH to have an overall bone-building effect in men.

      Participants will be randomly assigned to receive PTH alone by daily injection under the
      skin, alendronate alone taken by mouth, or both PTH and alendronate. The study will last 2.5
      years. All participants will receive some form of treatment for osteoporosis. Blood, urine,
      and bone density tests will be performed at 6-month intervals. During the first 6 months,
      participants will come in for additional study visits.

      Participants who complete the initial 2.5 years of their assigned treatment will be eligible
      for a 12 month extension to monitor bone density and bone turnover after PTH is stopped.
      Participants who were receiving alendronate will continue taking alendronate. The goal of
      this extension is to determine what happens to bone density and turnover after PTH is stopped
      and whether alendronate is needed to prevent loss of PTH-induced bone gain.

      Participants who complete the 12 month extension while on their assigned treatment will be
      eligible for a second 12 month extension in which all participants receive PTH therapy.
      Participants who have been receiving alendronate continue taking alendronate. The goal of the
      second extension is to determine if responsiveness to PTH is enhanced by a 12 month
      suspension of PTH treatment.
    </field><field name='textblock'>
        Inclusion Criteria:

          -  Bone density of the spine or femoral neck two standard deviations below the mean of
             young adult men

          -  Normal renal and liver function tests, normal serum testosterone level, normal vitamin
             D and PTH levels

        Exclusion Criteria:

          -  Significant cardiac, renal, hepatic, or malignant disease.

          -  Disorders (e.g., Paget's disease, hyperthyroidism, hyperparathyroidism) or drugs
             (e.g., steroids, anticonvulsants, lithium, bisphosphonates, calcitonin, fluoride)
             known to affect bone metabolism

          -  Active peptic ulcer disease or severe reflux
      </field><field name='overall_status'>Completed</field><field name='start_date'>September 1999</field><field name='completion_date'>October 2005</field><field name='primary_completion_date'>October 2005</field><field name='phase'>Phase 3</field><field name='study_type'>Interventional</field><field name='has_expanded_access'>No</field><field name='study_design_info'>
    </field><field name='allocation'>Randomized</field><field name='intervention_model'>Parallel Assignment</field><field name='primary_purpose'>Treatment</field><field name='masking'>None (Open Label)</field><field name='enrollment'>81</field><field name='condition'>Osteoporosis</field><field name='intervention'>
    </field><field name='intervention'>
    </field><field name='intervention_type'>Drug</field><field name='intervention_type'>Drug</field><field name='intervention_name'>Parathyroid hormone</field><field name='intervention_name'>Alendronate</field><field name='eligibility'>
    </field><field name='criteria'>
      </field><field name='gender'>Male</field><field name='minimum_age'>46 Years</field><field name='maximum_age'>85 Years</field></doc></add>