<add><doc><field name='clinical_study'>
  
  </field><field name='required_header'>
    </field><field name='download_date'>ClinicalTrials.gov processed this data on September 16, 2022</field><field name='link_text'>Link to the current ClinicalTrials.gov record.</field><field name='url'>https://clinicaltrials.gov/show/NCT00000616</field><field name='url'>http://www.kpchr.org/premier</field><field name='id_info'>
    </field><field name='org_study_id'>119</field><field name='nct_id'>NCT00000616</field><field name='brief_title'>PREMIER: Lifestyle Interventions for Blood Pressure Control</field><field name='sponsors'>
    </field><field name='lead_sponsor'>
      </field><field name='agency'>National Heart, Lung, and Blood Institute (NHLBI)</field><field name='agency_class'>NIH</field><field name='source'>National Heart, Lung, and Blood Institute (NHLBI)</field><field name='brief_summary'>
    </field><field name='textblock'>
      To compare the effectiveness of advice versus two multicomponent lifestyle interventions to
      control blood pressure in participants with Stage 1 hypertension or higher than optimal blood
      pressure.
    </field><field name='textblock'>
      BACKGROUND:

      A large body of data has been collected over the years documenting that on the one hand,
      reduced sodium intake, increased physical activity, weight loss, and moderate alcohol
      ingestion (Comprehensive Intervention) have been associated with a modest reduction of both
      systolic and diastolic blood pressure in with high normal and Stage 1 hypertension. On the
      other hand, the Dietary Approaches to Stop Hypertension (DASH) study has shown that a diet
      rich in fruits, vegetables, low-fat dairy products, and decreased saturated fat, total fat,
      and cholesterol (DASH intervention) reduced both diastolic and systolic blood pressure in
      similar baseline blood pressure groups.

      DESIGN NARRATIVE:

      A multicenter study to determine the BP-lowering effects of two multi-component lifestyle
      intervention programs compared with advice only. Eight hundred and ten men and women were
      randomly assigned to one of three treatment arms: (A) advice only; (B) comprehensive
      lifestyle intervention, in which participants received an intensive behavioral intervention
      program to facilitate achieving current lifestyle recommendations for BP control (reduced
      salt intake, increased physical activity, reduced alcohol intake, and weight control or
      weight loss if needed); and (C) comprehensive lifestyle intervention plus the DASH diet, in
      which participants received a behavioral intervention program to promote the DASH dietary
      pattern in addition to the same lifestyle recommendations for BP control. Participants were
      followed for 18 months. The primary outcome variable was systolic blood pressure measured at
      six and 18 months after randomization. Other variables included diastolic blood pressure,
      dietary adherence, physical activity, and onset of hypertension over the 18 months of
      follow-up.

      The study completion date listed in this record was obtained from the "End Date" entered in
      the Protocol Registration and Results System (PRS) record.
    </field><field name='textblock'>
        Men and women, age 25 and older who were generally healthy except for higher than optimal
        or mildly elevated blood pressure.
      </field><field name='overall_status'>Completed</field><field name='start_date'>September 1998</field><field name='completion_date'>August 2004</field><field name='phase'>Phase 3</field><field name='study_type'>Interventional</field><field name='has_expanded_access'>No</field><field name='study_design_info'>
    </field><field name='allocation'>Randomized</field><field name='primary_purpose'>Prevention</field><field name='description'>Related Info</field><field name='condition'>Heart Diseases</field><field name='condition'>Hypertension</field><field name='intervention'>
    </field><field name='intervention'>
    </field><field name='intervention'>
    </field><field name='intervention'>
    </field><field name='intervention'>
    </field><field name='intervention_type'>Behavioral</field><field name='intervention_type'>Behavioral</field><field name='intervention_type'>Behavioral</field><field name='intervention_type'>Behavioral</field><field name='intervention_type'>Behavioral</field><field name='intervention_name'>diet, sodium-restricted</field><field name='intervention_name'>diet, fat-restricted</field><field name='intervention_name'>exercise</field><field name='intervention_name'>diet, reducing</field><field name='intervention_name'>alcohol drinking</field><field name='description'>Related Info</field><field name='eligibility'>
    </field><field name='criteria'>
      </field><field name='gender'>All</field><field name='minimum_age'>25 Years</field><field name='maximum_age'>100 Years</field></doc></add>