<add><doc><field name='clinical_study'>
  
  </field><field name='required_header'>
    </field><field name='download_date'>ClinicalTrials.gov processed this data on September 16, 2022</field><field name='link_text'>Link to the current ClinicalTrials.gov record.</field><field name='url'>https://clinicaltrials.gov/show/NCT00000264</field><field name='id_info'>
    </field><field name='org_study_id'>NIDA-08391-16</field><field name='nct_id'>NCT00000264</field><field name='brief_title'>Subjective/Psychomotor/ Effects of Combined Alcohol & Nitrous Oxide - 16</field><field name='official_title'>Subjective/Psychomotor/ Effects of Combined Alcohol & Nitrous Oxide</field><field name='sponsors'>
    </field><field name='lead_sponsor'>
      </field><field name='agency'>University of Chicago</field><field name='agency'>National Institute on Drug Abuse (NIDA)</field><field name='agency_class'>Other</field><field name='agency_class'>NIH</field><field name='source'>University of Chicago</field><field name='brief_summary'>
    </field><field name='textblock'>
      The purpose of this study is to examine the subjective, psychomotor, and reinforcing effects
      of combined alcohol and nitrous oxide intake in healthy volunteers.
    </field><field name='textblock'>
        Please contact site for information.
      </field><field name='overall_status'>Completed</field><field name='start_date'>September 1997</field><field name='completion_date'>October 1999</field><field name='primary_completion_date'>October 1999</field><field name='phase'>N/A</field><field name='study_type'>Interventional</field><field name='has_expanded_access'>No</field><field name='study_design_info'>
    </field><field name='intervention_model'>Crossover Assignment</field><field name='masking'>Double (Participant, Care Provider)</field><field name='primary_outcome'>
    </field><field name='primary_outcome'>
    </field><field name='primary_outcome'>
    </field><field name='primary_outcome'>
    </field><field name='measure'>Mood</field><field name='measure'>Psychomotor performance</field><field name='measure'>Cognitive performance</field><field name='measure'>Choice of nitrous oxide vs placebo</field><field name='time_frame'>Baseline and post inhalation</field><field name='time_frame'>Baseline and post inhalation</field><field name='time_frame'>Baseline and post inhalation</field><field name='time_frame'>after each ethanol session</field><field name='number_of_arms'>3</field><field name='enrollment'>8</field><field name='condition'>Opioid-Related Disorders</field><field name='condition'>Substance-Related Disorders</field><field name='arm_group'>
    </field><field name='arm_group'>
    </field><field name='arm_group'>
    </field><field name='arm_group_label'>0 g/Kg ethanol +/- 30% nitrous oxide</field><field name='arm_group_label'>0.35 g/Kg ethanol +/- 30% nitrous oxide</field><field name='arm_group_label'>0.7 g/Kg ethanol +/- 30% nitrous oxide</field><field name='arm_group_label'>0 g/Kg ethanol +/- 30% nitrous oxide</field><field name='arm_group_label'>0.35 g/Kg ethanol +/- 30% nitrous oxide</field><field name='arm_group_label'>0.7 g/Kg ethanol +/- 30% nitrous oxide</field><field name='arm_group_label'>0.35 g/Kg ethanol +/- 30% nitrous oxide</field><field name='arm_group_label'>0.7 g/Kg ethanol +/- 30% nitrous oxide</field><field name='arm_group_label'>0 g/Kg ethanol +/- 30% nitrous oxide</field><field name='arm_group_type'>Placebo Comparator</field><field name='arm_group_type'>Active Comparator</field><field name='arm_group_type'>Active Comparator</field><field name='intervention'>
    </field><field name='intervention'>
    </field><field name='intervention'>
    </field><field name='intervention'>
    </field><field name='intervention_type'>Drug</field><field name='intervention_type'>Other</field><field name='intervention_type'>Other</field><field name='intervention_type'>Other</field><field name='intervention_name'>30% Nitrous oxide</field><field name='intervention_name'>0.35 g/Kg ethanol</field><field name='intervention_name'>0.7 g/Kg ethanol</field><field name='intervention_name'>0 g/Kg ethanol</field><field name='arm_group_label'>0 g/Kg ethanol +/- 30% nitrous oxide</field><field name='arm_group_label'>0.35 g/Kg ethanol +/- 30% nitrous oxide</field><field name='arm_group_label'>0.7 g/Kg ethanol +/- 30% nitrous oxide</field><field name='arm_group_label'>0 g/Kg ethanol +/- 30% nitrous oxide</field><field name='arm_group_label'>0.35 g/Kg ethanol +/- 30% nitrous oxide</field><field name='arm_group_label'>0.7 g/Kg ethanol +/- 30% nitrous oxide</field><field name='arm_group_label'>0.35 g/Kg ethanol +/- 30% nitrous oxide</field><field name='arm_group_label'>0.7 g/Kg ethanol +/- 30% nitrous oxide</field><field name='arm_group_label'>0 g/Kg ethanol +/- 30% nitrous oxide</field><field name='eligibility'>
    </field><field name='criteria'>
      </field><field name='gender'>All</field><field name='minimum_age'>N/A</field><field name='maximum_age'>N/A</field></doc></add>