<add><doc><field name='clinical_study'>
  
  </field><field name='required_header'>
    </field><field name='download_date'>ClinicalTrials.gov processed this data on September 16, 2022</field><field name='link_text'>Link to the current ClinicalTrials.gov record.</field><field name='url'>https://clinicaltrials.gov/show/NCT00000260</field><field name='id_info'>
    </field><field name='org_study_id'>NIDA-08391-12</field><field name='nct_id'>NCT00000260</field><field name='brief_title'>Effects of Behavioral Contingencies on Effects of Nitrous Oxide - 12</field><field name='official_title'>Effects of Behavioral Contingencies on Effects of Nitrous Oxide</field><field name='sponsors'>
    </field><field name='lead_sponsor'>
      </field><field name='agency'>University of Chicago</field><field name='agency'>National Institute on Drug Abuse (NIDA)</field><field name='agency_class'>Other</field><field name='agency_class'>NIH</field><field name='source'>University of Chicago</field><field name='brief_summary'>
    </field><field name='textblock'>
      The purpose of this study is to conduct experiments to examine subjective and reinforcing
      effects of nitrous oxide. Mood altering and psychomotor effects will be tested on non-drug
      abusers and preference procedures will be used to assess reinforcing effects. Comparisons
      between nitrous oxide, opiates, and benzodiazepine antagonists will be made. To examine the
      effects of different behavioral contingencies in modulating the reinforcing effects of
      nitrous oxide in healthy volunteers.
    </field><field name='textblock'>
        Please contact site for information.
      </field><field name='overall_status'>Completed</field><field name='start_date'>June 1997</field><field name='completion_date'>January 1998</field><field name='primary_completion_date'>January 1998</field><field name='phase'>N/A</field><field name='study_type'>Interventional</field><field name='has_expanded_access'>No</field><field name='primary_outcome'>
    </field><field name='primary_outcome'>
    </field><field name='measure'>Mood</field><field name='measure'>Choice of nitrous oxide vs placebo</field><field name='enrollment'>18</field><field name='condition'>Opioid-Related Disorders</field><field name='condition'>Substance-Related Disorders</field><field name='intervention'>
    </field><field name='intervention_type'>Drug</field><field name='intervention_name'>Nitrous oxide</field><field name='eligibility'>
    </field><field name='criteria'>
      </field><field name='gender'>All</field><field name='minimum_age'>21 Years</field><field name='maximum_age'>N/A</field></doc></add>