<add><doc><field name='clinical_study'>
  
  </field><field name='required_header'>
    </field><field name='download_date'>ClinicalTrials.gov processed this data on September 16, 2022</field><field name='link_text'>Link to the current ClinicalTrials.gov record.</field><field name='url'>https://clinicaltrials.gov/show/NCT00000378</field><field name='id_info'>
    </field><field name='org_study_id'>#3105</field><field name='nct_id'>NCT00000378</field><field name='brief_title'>Antidepressant Treatment of Melancholia in Late Life</field><field name='official_title'>Antidepressant Treatment of Melancholia in Late :Ife</field><field name='sponsors'>
    </field><field name='lead_sponsor'>
      </field><field name='agency'>New York State Psychiatric Institute</field><field name='agency'>National Institute of Mental Health (NIMH)</field><field name='agency_class'>Other</field><field name='agency_class'>NIH</field><field name='source'>New York State Psychiatric Institute</field><field name='oversight_info'>
    </field><field name='brief_summary'>
    </field><field name='textblock'>
      The purpose of this study is to compare the safety and effectiveness of a select serotonin
      re-uptake inhibitor (SSRI, sertraline) and a tricyclic antidepressant (TCA, nortriptyline) in
      outpatients over the age of 60 who have major depression.

      SSRIs are effective in the treatment of major depression. However, there is also evidence
      that SSRIs may be significantly less effective than TCAs for patients with late-life major
      depression with melancholia. Since SSRIs seem to be easier to take than TCAs and are more
      widely prescribed, it is important to determine which of these types of antidepressants works
      best to treat these patients.

      Patients will be assigned randomly to receive either sertraline (a SSRI) or nortriptyline (a
      TCA) for 12 weeks. Patients will be monitored for symptoms, side effects, and quality of
      life. If a patient responds to treatment, he/she will participate in a 6-month continuation
      phase in which he/she will continue to receive the same medication.

      An individual may be eligible for this study if he/she:

      Has unipolar major depression (with some exceptions) and is over 60 years old.
    </field><field name='textblock'>
      To compare the efficacy and safety of a select serotonin re-uptake inhibitor (SSRI,
      sertraline) and a tricyclic antidepressant (TCA, nortriptyline) in outpatients over the age
      of 60 who meet Diagnostic and Statistical Manuel-IV criteria for unipolar major depression,
      excluding patients who meet criteria for psychotic or atypical subtype. To test the
      hypothesis that medication condition interacts with diagnostic subtype (melancholic vs
      non-melancholic) in determining antidepressant response. To examine the roles of symptom
      severity and alternative diagnostic subtyping in contributing to this pattern.

      SSRIs are effective in the treatment of major depression. However, there is also evidence
      that SSRIs may be significantly less effective than TCAs for depressed patients with
      melancholia. This issue is of particular concern in late-life major depression. SSRIs have
      important safety advantages with respect to overdose and a benign cardiovascular profile.
      Furthermore, the SSRIs do not have significant anticholinergic effects, and appear to be
      better tolerated than the TCAs. Perhaps most important, the SSRIs currently are prescribed
      widely as the medication treatment of first choice for major depression in late life.
      Therefore, if it were determined that SSRIs are considerably less effective than TCAs in the
      treatment of melancholia in the elderly, there would be significant ramifications for
      clinical practice.

      Randomization to sertraline (a SSRI) or nortriptyline (a TCA) is stratified by the presence
      or absence of melancholia. Outcome measures for the 12-week acute phase include clinician and
      patient ratings of symptoms, side effects, and an evaluation of the health-related quality of
      life (HRQOL). At the end of the acute treatment phase, patients who meet criteria for
      clinical response participate in a 6-month continuation phase.
    </field><field name='textblock'>
        Inclusion Criteria:

        -

        Patients must have:

        Unipolar major depression (per Diagnostic and Statistical Manuel-IV criteria) with or
        without melancholia.

        Exclusion Criteria:

        -

        Patients with the following symptoms or conditions are excluded:

        Psychotic or atypical subtype of unipolar major depression.
      </field><field name='overall_status'>Completed</field><field name='start_date'>July 1997</field><field name='completion_date'>June 2002</field><field name='primary_completion_date'>June 2002</field><field name='phase'>Phase 4</field><field name='study_type'>Interventional</field><field name='has_expanded_access'>No</field><field name='study_design_info'>
    </field><field name='allocation'>Randomized</field><field name='intervention_model'>Parallel Assignment</field><field name='primary_purpose'>Treatment</field><field name='masking'>Triple (Participant, Investigator, Outcomes Assessor)</field><field name='primary_outcome'>
    </field><field name='measure'>HAMILTON Rating Scale for DEPRESSION Range</field><field name='measure'>
          </field><field name='measure'>
          </field><field name='measure'>
          </field><field name='measure'>
          </field><field name='time_frame'>BASELINE COMPARED TO 12 WEEK MEASUREMENT</field><field name='time_frame'>BASELINE COMPARED TO 12 WEEK MEASUREMENT</field><field name='description'>Hamilton scale range 0-40, values below 7 are considered normal. the higher the number the more severe the depression weekly assessments, The primary outcome is a comparison of the baseline Hamilton to the 12 week measurement</field><field name='description'>patients randomized to sertraline 12 week trial does up to 200mgs</field><field name='description'>patients randomized to nortriptyline dose adjusted to therapeutic level</field><field name='description'>12 week trial dose up to 200mgs</field><field name='description'>12 week trial dose adjusted to therapeutic level</field><field name='description'>patients randomized to sertraline 12 week trial does up to 200mgs
Sertraline: 12 week trial dose up to 200mgs</field><field name='description'>patients randomized to nortriptyline dose adjusted to therapeutic level
Nortriptyline: 12 week trial dose adjusted to therapeutic level</field><field name='description'>patients randomized to sertraline 12 week trial does up to 200mgs
Sertraline: 12 week trial dose up to 200mgs</field><field name='description'>patients randomized to nortriptyline dose adjusted to therapeutic level
Nortriptyline: 12 week trial dose adjusted to therapeutic level</field><field name='description'>Total of all reporting groups</field><field name='description'>Hamilton scale range 0-40, values below 7 are considered normal. the higher the number the more severe the depression weekly assessments, The primary outcome is a comparison of the baseline Hamilton to the 12 week measurement</field><field name='description'>patients randomized to sertraline 12 week trial does up to 200mgs
Sertraline: 12 week trial dose up to 200mgs</field><field name='description'>patients randomized to nortriptyline dose adjusted to therapeutic level
Nortriptyline: 12 week trial dose adjusted to therapeutic level</field><field name='description'>Hamilton scale range 0-40, values below 7 are considered normal. the higher the number the more severe the depression weekly assessments, The primary outcome is a comparison of the baseline Hamilton to the 12 week measurement</field><field name='description'>patients randomized to sertraline 12 week trial does up to 200mgs
Sertraline: 12 week trial dose up to 200mgs</field><field name='description'>patients randomized to nortriptyline dose adjusted to therapeutic level
Nortriptyline: 12 week trial dose adjusted to therapeutic level</field><field name='number_of_arms'>2</field><field name='enrollment'>110</field><field name='condition'>Depression</field><field name='condition'>Melancholia</field><field name='arm_group'>
    </field><field name='arm_group'>
    </field><field name='arm_group_label'>sertaline</field><field name='arm_group_label'>nortriptyline</field><field name='arm_group_label'>sertaline</field><field name='arm_group_label'>nortriptyline</field><field name='arm_group_type'>Active Comparator</field><field name='arm_group_type'>Active Comparator</field><field name='intervention'>
    </field><field name='intervention'>
    </field><field name='intervention_type'>Drug</field><field name='intervention_type'>Drug</field><field name='intervention_name'>Sertraline</field><field name='intervention_name'>Nortriptyline</field><field name='description'>Hamilton scale range 0-40, values below 7 are considered normal. the higher the number the more severe the depression weekly assessments, The primary outcome is a comparison of the baseline Hamilton to the 12 week measurement</field><field name='description'>patients randomized to sertraline 12 week trial does up to 200mgs</field><field name='description'>patients randomized to nortriptyline dose adjusted to therapeutic level</field><field name='description'>12 week trial dose up to 200mgs</field><field name='description'>12 week trial dose adjusted to therapeutic level</field><field name='description'>patients randomized to sertraline 12 week trial does up to 200mgs
Sertraline: 12 week trial dose up to 200mgs</field><field name='description'>patients randomized to nortriptyline dose adjusted to therapeutic level
Nortriptyline: 12 week trial dose adjusted to therapeutic level</field><field name='description'>patients randomized to sertraline 12 week trial does up to 200mgs
Sertraline: 12 week trial dose up to 200mgs</field><field name='description'>patients randomized to nortriptyline dose adjusted to therapeutic level
Nortriptyline: 12 week trial dose adjusted to therapeutic level</field><field name='description'>Total of all reporting groups</field><field name='description'>Hamilton scale range 0-40, values below 7 are considered normal. the higher the number the more severe the depression weekly assessments, The primary outcome is a comparison of the baseline Hamilton to the 12 week measurement</field><field name='description'>patients randomized to sertraline 12 week trial does up to 200mgs
Sertraline: 12 week trial dose up to 200mgs</field><field name='description'>patients randomized to nortriptyline dose adjusted to therapeutic level
Nortriptyline: 12 week trial dose adjusted to therapeutic level</field><field name='description'>Hamilton scale range 0-40, values below 7 are considered normal. the higher the number the more severe the depression weekly assessments, The primary outcome is a comparison of the baseline Hamilton to the 12 week measurement</field><field name='description'>patients randomized to sertraline 12 week trial does up to 200mgs
Sertraline: 12 week trial dose up to 200mgs</field><field name='description'>patients randomized to nortriptyline dose adjusted to therapeutic level
Nortriptyline: 12 week trial dose adjusted to therapeutic level</field><field name='arm_group_label'>sertaline</field><field name='arm_group_label'>nortriptyline</field><field name='arm_group_label'>sertaline</field><field name='arm_group_label'>nortriptyline</field><field name='eligibility'>
    </field><field name='criteria'>
      </field><field name='gender'>All</field><field name='minimum_age'>60 Years</field><field name='maximum_age'>95 Years</field></doc></add>