<add><doc><field name='clinical_study'>
  
  </field><field name='required_header'>
    </field><field name='download_date'>ClinicalTrials.gov processed this data on September 16, 2022</field><field name='link_text'>Link to the current ClinicalTrials.gov record.</field><field name='url'>https://clinicaltrials.gov/show/NCT00000510</field><field name='id_info'>
    </field><field name='org_study_id'>29</field><field name='nct_id'>NCT00000510</field><field name='brief_title'>Platelet-Inhibitor Drug Trial in Coronary Angioplasty</field><field name='sponsors'>
    </field><field name='lead_sponsor'>
      </field><field name='agency'>National Heart, Lung, and Blood Institute (NHLBI)</field><field name='agency_class'>NIH</field><field name='source'>National Heart, Lung, and Blood Institute (NHLBI)</field><field name='brief_summary'>
    </field><field name='textblock'>
      To determine the effectiveness of dipyridamole and aspirin in prevention of restenosis of the
      dilated lesion in patients who had undergone percutaneous transluminal coronary angioplasty
      (PTCA). Secondary aims were to determine the effectiveness of platelet inhibitor therapy in
      reducing the incidence of coronary events and the severity and incidence of angina.
    </field><field name='textblock'>
      BACKGROUND:

      By dilating coronary stenoses, PTCA can relieve angina pectoris and improve exercise
      tolerance and left ventricular function. However, restenosis occurs in 20-30 percent of
      dilated stenoses within three to six months following PTCA making it necessary to restrict
      patient activities, resume antianginal medications, repeat PTCA, or perform coronary artery
      bypass surgery.

      Balloon dilatation of the atherosclerotic lesion damages the endothelium, intima, and media
      of the artery. This may lead to restenosis via platelet deposition, mural thrombus formation,
      and intimal proliferation by mechanisms that appear similar to those causing aortocoronary
      vein graft (ACVG) occlusions. It had been demonstrated that dipyridamole plus aspirin therapy
      suppressed these mechanisms of ACVG occlusion in the animal model, prolonged a shortened
      platelet survival in patients with coronary artery disease, and reduced ACVG occlusions in
      patients both early and late after the operation. Thus, a trial of these drugs in patients
      undergoing PTCA was a logical and necessary step to reduce the major shortcoming of the
      initially successful PTCA therapy, namely the high rate of restenosis.

      DESIGN NARRATIVE:

      Randomized, double-blind, fixed sample. Patients were randomized to treatment with
      dipyridamole plus aspirin or placebo.

      The study completion date listed in this record was obtained from the Query/View/Report (QVR)
      System.
    </field><field name='textblock'>
        Patients to age 80 with angina pectoris.
      </field><field name='overall_status'>Completed</field><field name='start_date'>September 1983</field><field name='completion_date'>September 1988</field><field name='phase'>Phase 3</field><field name='study_type'>Interventional</field><field name='has_expanded_access'>No</field><field name='study_design_info'>
    </field><field name='allocation'>Randomized</field><field name='primary_purpose'>Prevention</field><field name='masking'>Double</field><field name='condition'>Angina Pectoris</field><field name='condition'>Cardiovascular Diseases</field><field name='condition'>Coronary Disease</field><field name='condition'>Heart Diseases</field><field name='condition'>Myocardial Ischemia</field><field name='intervention'>
    </field><field name='intervention'>
    </field><field name='intervention'>
    </field><field name='intervention_type'>Drug</field><field name='intervention_type'>Drug</field><field name='intervention_type'>Procedure</field><field name='intervention_name'>aspirin</field><field name='intervention_name'>dipyridamole</field><field name='intervention_name'>angioplasty, transluminal, percutaneous coronary</field><field name='eligibility'>
    </field><field name='criteria'>
      </field><field name='gender'>All</field><field name='minimum_age'>18 Years</field><field name='maximum_age'>80 Years</field></doc></add>