<add><doc><field name='clinical_study'>
  
  </field><field name='required_header'>
    </field><field name='download_date'>ClinicalTrials.gov processed this data on September 16, 2022</field><field name='link_text'>Link to the current ClinicalTrials.gov record.</field><field name='url'>https://clinicaltrials.gov/show/NCT00000200</field><field name='id_info'>
    </field><field name='org_study_id'>NIDA-03818-1</field><field name='nct_id'>NCT00000200</field><field name='brief_title'>Cocaine Effects in Humans: Physiology and Behavior - 1</field><field name='official_title'>Cocaine Effects in Humans: Physiology and Behavior</field><field name='sponsors'>
    </field><field name='lead_sponsor'>
      </field><field name='agency'>National Institute on Drug Abuse (NIDA)</field><field name='agency'>Columbia University</field><field name='agency_class'>NIH</field><field name='agency_class'>Other</field><field name='source'>National Institute on Drug Abuse (NIDA)</field><field name='oversight_info'>
    </field><field name='brief_summary'>
    </field><field name='textblock'>
      The purpose of this study is to compare the effects of buprenorphine or methadone maintenance
      on cocaine taking and on the physiological and subjective effects of cocaine, including
      cocaine craving, in opiate-dependent cocaine users.
    </field><field name='textblock'>
        Please contact site for information.
      </field><field name='overall_status'>Completed</field><field name='start_date'>January 1997</field><field name='completion_date'>January 1998</field><field name='primary_completion_date'>January 1998</field><field name='phase'>Phase 2</field><field name='study_type'>Interventional</field><field name='has_expanded_access'>No</field><field name='study_design_info'>
    </field><field name='allocation'>N/A</field><field name='intervention_model'>Single Group Assignment</field><field name='primary_purpose'>Treatment</field><field name='masking'>Double (Participant, Care Provider)</field><field name='primary_outcome'>
    </field><field name='primary_outcome'>
    </field><field name='primary_outcome'>
    </field><field name='measure'>Interaction of cocaine and meds on cardio</field><field name='measure'>Interaction of cocaine & meds on coc's subjective</field><field name='measure'>Effects of medication on cocaine craving</field><field name='time_frame'>3 hr</field><field name='time_frame'>3 hr</field><field name='time_frame'>3 hr</field><field name='description'>normal maintenance dose</field><field name='enrollment'>19</field><field name='condition'>Cocaine-Related Disorders</field><field name='intervention'>
    </field><field name='intervention_type'>Drug</field><field name='intervention_name'>Methadone</field><field name='description'>normal maintenance dose</field><field name='eligibility'>
    </field><field name='criteria'>
      </field><field name='gender'>All</field><field name='minimum_age'>18 Years</field><field name='maximum_age'>45 Years</field></doc></add>