<add><doc><field name='clinical_study'>
  
  </field><field name='required_header'>
    </field><field name='download_date'>ClinicalTrials.gov processed this data on September 16, 2022</field><field name='link_text'>Link to the current ClinicalTrials.gov record.</field><field name='url'>https://clinicaltrials.gov/show/NCT00000145</field><field name='id_info'>
    </field><field name='org_study_id'>NEI-44</field><field name='nct_id'>NCT00000145</field><field name='brief_title'>Age-Related Eye Disease Study (AREDS)</field><field name='official_title'>Age-Related Eye Disease Study (AREDS)</field><field name='sponsors'>
    </field><field name='lead_sponsor'>
      </field><field name='agency'>National Eye Institute (NEI)</field><field name='agency'>Bausch & Lomb Incorporated</field><field name='agency_class'>NIH</field><field name='agency_class'>Industry</field><field name='source'>National Eye Institute (NEI)</field><field name='oversight_info'>
    </field><field name='brief_summary'>
    </field><field name='textblock'>
      To assess the clinical course, prognosis, and risk factors of age-related macular
      degeneration (AMD) and cataract.

      To evaluate, in randomized clinical trials, the effects of pharmacologic doses of (1)
      antioxidants and zinc on the progression of AMD and (2) antioxidants on the development and
      progression of lens opacities.
    </field><field name='textblock'>
      AMD and cataract are the leading causes of visual impairment and blindness in the United
      States. Based on many clinical studies, it is apparent that the frequency of both diseases
      increases dramatically after age 60. Although excellent treatments for cataract are
      available, there are no equivalent treatments for AMD. As the average lifespan of our
      population increases, the number of people who develop AMD will increase dramatically in the
      years ahead. Unless successful means of prevention or treatment are developed, blindness from
      AMD -- and its importance as a public health problem -- will increase.

      Neither the etiology nor the natural history of AMD or cataract is known. Epidemiologic
      studies suggest that a number of risk factors may be associated with AMD and cataract, but
      the strength of the evidence in support of these hypotheses varies. Possibly associated with
      AMD are personal characteristics, such as age, race, height, family history, and strength of
      hand grip; ocular characteristics, such as hyperopia and color of iris; and cardiovascular
      diseases, smoking, lung infections, and chemical exposures. Clinical and laboratory studies
      suggest the following factors may be associated with progression of AMD: drusen type,
      choroidal vascular diseases, and photic injury.

      Epidemiologic studies of cataract suggest that associated risk factors may include personal
      characteristics, such as age, sex, race, occupation, and educational status; ocular
      characteristics, such as iris color; and diabetes mellitus, hypertension, drug exposure,
      smoking, and sunlight exposure. Animal studies and observational epidemiologic studies
      suggest that deficiencies in vitamins C and E, carotenoids, and the trace elements zinc and
      selenium also may be associated with the development of the two diseases, especially
      cataract. Although surgical treatment to remove cataract is very effective, cataract surgery
      carries risks, as does any other surgery. Therefore, many research efforts focus on
      preventing or slowing cataract development, as well as on determining the causes of cataract
      formation.

      The Age-Related Eye Disease Study (AREDS) is a major research program to improve our
      understanding of the predisposing factors, clinical course, and prognostic factors of AMD and
      cataract. Eligible patients are randomized to treatment with placebo, antioxidants, zinc, or
      antioxidants plus zinc, and are followed for a minimum of 5 years.
    </field><field name='textblock'>
        Men and women between the ages of 55 and 80 years whose macular status ranges from no
        evidence of AMD in either eye to relatively severe disease with vision loss in one eye but
        good vision in the fellow eye (20/30 or better) are eligible for the study provided that
        their ocular media are clear enough to allow good fundus photography.
      </field><field name='overall_status'>Completed</field><field name='start_date'>September 1990</field><field name='completion_date'>December 2006</field><field name='primary_completion_date'>October 2001</field><field name='phase'>Phase 3</field><field name='study_type'>Interventional</field><field name='has_expanded_access'>No</field><field name='study_design_info'>
    </field><field name='allocation'>Randomized</field><field name='intervention_model'>Factorial Assignment</field><field name='primary_purpose'>Treatment</field><field name='masking'>Quadruple (Participant, Care Provider, Investigator, Outcomes Assessor)</field><field name='primary_outcome'>
    </field><field name='primary_outcome'>
    </field><field name='measure'>Progression of age-related macular degeneration</field><field name='measure'>Progression of lens opacity (cataract)</field><field name='description'>Antioxidants</field><field name='description'>Zinc</field><field name='description'>Antioxidants and zinc</field><field name='description'>500 milligrams vitamin C; 400 IUs vitamin E; 15 milligrams beta-carotene</field><field name='description'>80 milligrams zinc oxide; 2 milligrams of cupric oxide</field><field name='description'>500 milligrams vitamin C; 400 IUs vitamin E; 15 milligrams beta-carotene; 80 milligrams zinc oxide; 2 milligrams of cupric oxide</field><field name='number_of_arms'>4</field><field name='enrollment'>4757</field><field name='condition'>Macular Degeneration</field><field name='condition'>Cataract</field><field name='condition'>Lens Opacities</field><field name='arm_group'>
    </field><field name='arm_group'>
    </field><field name='arm_group'>
    </field><field name='arm_group'>
    </field><field name='arm_group_label'>1</field><field name='arm_group_label'>2</field><field name='arm_group_label'>3</field><field name='arm_group_label'>4</field><field name='arm_group_label'>1</field><field name='arm_group_label'>2</field><field name='arm_group_label'>3</field><field name='arm_group_type'>Experimental</field><field name='arm_group_type'>Experimental</field><field name='arm_group_type'>Experimental</field><field name='arm_group_type'>No Intervention</field><field name='intervention'>
    </field><field name='intervention'>
    </field><field name='intervention'>
    </field><field name='intervention_type'>Dietary Supplement</field><field name='intervention_type'>Dietary Supplement</field><field name='intervention_type'>Dietary Supplement</field><field name='intervention_name'>Antioxidants</field><field name='intervention_name'>Zinc</field><field name='intervention_name'>Antioxidants and zinc</field><field name='description'>Antioxidants</field><field name='description'>Zinc</field><field name='description'>Antioxidants and zinc</field><field name='description'>500 milligrams vitamin C; 400 IUs vitamin E; 15 milligrams beta-carotene</field><field name='description'>80 milligrams zinc oxide; 2 milligrams of cupric oxide</field><field name='description'>500 milligrams vitamin C; 400 IUs vitamin E; 15 milligrams beta-carotene; 80 milligrams zinc oxide; 2 milligrams of cupric oxide</field><field name='arm_group_label'>1</field><field name='arm_group_label'>2</field><field name='arm_group_label'>3</field><field name='arm_group_label'>4</field><field name='arm_group_label'>1</field><field name='arm_group_label'>2</field><field name='arm_group_label'>3</field><field name='eligibility'>
    </field><field name='criteria'>
      </field><field name='gender'>All</field><field name='minimum_age'>55 Years</field><field name='maximum_age'>80 Years</field></doc></add>