<add><doc><field name='clinical_study'>
  
  </field><field name='required_header'>
    </field><field name='download_date'>ClinicalTrials.gov processed this data on September 16, 2022</field><field name='link_text'>Link to the current ClinicalTrials.gov record.</field><field name='url'>https://clinicaltrials.gov/show/NCT00000498</field><field name='id_info'>
    </field><field name='org_study_id'>17</field><field name='nct_id'>NCT00000498</field><field name='brief_title'>Control of Hypertension by Non-Pharmacologic Means</field><field name='sponsors'>
    </field><field name='lead_sponsor'>
      </field><field name='agency'>National Heart, Lung, and Blood Institute (NHLBI)</field><field name='agency_class'>NIH</field><field name='source'>National Heart, Lung, and Blood Institute (NHLBI)</field><field name='brief_summary'>
    </field><field name='textblock'>
      To determine whether blood pressure could be controlled by nutritional-hygienic,
      non-pharmacologic means in hypertensives treated with drugs in the Hypertension Detection and
      Follow-up Trial (HDFP).
    </field><field name='textblock'>
      BACKGROUND:

      In the 1970s, many studies had been conducted to control blood pressure in individuals
      maintained at normotensive levels by the use of weight control and sodium restriction without
      the concomitant use of anti-hypertensives. The associations between weight, sodium and blood
      pressure had been well established, but data on the relationship of intervention to blood
      pressure control had been less so.

      DESIGN NARRATIVE:

      Patients were randomly assigned to one of three groups. The 95 patients in Group I were
      advised to control weight, reduce sodium intake, modify dietary and alcohol intake and were
      removed from pharmacologic treatment. The 44 patients in Group II were removed from
      pharmacologic treatment, with no other intervention. The 48 patients in Group III were
      continued on pharmacologic treatment, with no other intervention. The primary endpoint was
      the proportion in Groups I and II with diastolic blood pressure less than or equal to 90 mm
      Hg in the absence of antihypertensive drugs. Secondary endpoints were average diastolic and
      systolic pressures.

      The study completion date listed in this record was obtained from the CRISP legacy data.
    </field><field name='textblock'>
        Men and women with controlled hypertension.
      </field><field name='overall_status'>Completed</field><field name='start_date'>April 1980</field><field name='completion_date'>March 1983</field><field name='phase'>Phase 3</field><field name='study_type'>Interventional</field><field name='has_expanded_access'>No</field><field name='study_design_info'>
    </field><field name='allocation'>Randomized</field><field name='primary_purpose'>Treatment</field><field name='condition'>Cardiovascular Diseases</field><field name='condition'>Heart Diseases</field><field name='condition'>Hypertension</field><field name='condition'>Vascular Diseases</field><field name='intervention'>
    </field><field name='intervention'>
    </field><field name='intervention'>
    </field><field name='intervention'>
    </field><field name='intervention_type'>Behavioral</field><field name='intervention_type'>Behavioral</field><field name='intervention_type'>Behavioral</field><field name='intervention_type'>Drug</field><field name='intervention_name'>diet, sodium-restricted</field><field name='intervention_name'>diet, reducing</field><field name='intervention_name'>alcohol restriction</field><field name='intervention_name'>antihypertensive agents</field><field name='eligibility'>
    </field><field name='criteria'>
      </field><field name='gender'>All</field><field name='minimum_age'>40 Years</field><field name='maximum_age'>100 Years</field></doc></add>