<add><doc><field name='clinical_study'>
  
  </field><field name='required_header'>
    </field><field name='download_date'>ClinicalTrials.gov processed this data on September 16, 2022</field><field name='link_text'>Link to the current ClinicalTrials.gov record.</field><field name='url'>https://clinicaltrials.gov/show/NCT00000442</field><field name='id_info'>
    </field><field name='org_study_id'>NIAAAKRA3510</field><field name='nct_id'>NCT00000442</field><field name='brief_title'>Naltrexone for Relapse Prevention</field><field name='official_title'>Etiology and Treatment of Alcohol Dependence</field><field name='sponsors'>
    </field><field name='lead_sponsor'>
      </field><field name='agency'>UConn Health</field><field name='agency'>National Institute on Alcohol Abuse and Alcoholism (NIAAA)</field><field name='agency_class'>Other</field><field name='agency_class'>NIH</field><field name='source'>UConn Health</field><field name='brief_summary'>
    </field><field name='textblock'>
      This study is to evaluate the safety and effectiveness of an injectable slow releasing
      preparation of naltrexone to reduce alcohol consumption and risk of relapse in
      alcohol-dependent subjects. Individuals will receive either naltrexone or a placebo injection
      for a total of three months, with two subsequent followup visits spanning a 6- month period.
    </field><field name='textblock'>
        Inclusion Criteria:

          -  Meets criteria for alcohol dependence.

          -  Abstinent from alcohol for a period of at least 3 days prior to beginning of study.

          -  Able to read English and complete study evaluations.

          -  Females who are postmenopausal, have had surgical sterilization, or use reliable means
             of birth control.

        Exclusion Criteria:

          -  Meets criteria for dependence on a psychoactive substance other than alcohol and
             nicotine and/or cannabis.

          -  Prior history of opioid dependence.

          -  Regular use of psychoactive drugs including anxiolytics and antidepressants.

          -  Prior treatment with naltrexone.

          -  Current use of disulfiram.

          -  Psychotic or otherwise severely psychiatrically disabled (e.g., suicidal, current
             mania).

          -  Significant underlying medical conditions such as hepatic, cerebral, renal, thyroid,
             or cardiac disease.

          -  Abstinent longer than 28 days prior to randomization.
      </field><field name='overall_status'>Completed</field><field name='completion_date'>December 2002</field><field name='phase'>Phase 4</field><field name='study_type'>Interventional</field><field name='has_expanded_access'>No</field><field name='study_design_info'>
    </field><field name='intervention_model'>Parallel Assignment</field><field name='primary_purpose'>Treatment</field><field name='enrollment'>57</field><field name='condition'>Alcoholism</field><field name='intervention'>
    </field><field name='intervention_type'>Drug</field><field name='intervention_name'>naltrexone (Revia)</field><field name='eligibility'>
    </field><field name='criteria'>
      </field><field name='gender'>All</field><field name='minimum_age'>18 Years</field><field name='maximum_age'>60 Years</field></doc></add>