<add><doc><field name='clinical_study'>
  
  </field><field name='required_header'>
    </field><field name='download_date'>ClinicalTrials.gov processed this data on September 16, 2022</field><field name='link_text'>Link to the current ClinicalTrials.gov record.</field><field name='url'>https://clinicaltrials.gov/show/NCT00000584</field><field name='id_info'>
    </field><field name='org_study_id'>304</field><field name='nct_id'>NCT00000584</field><field name='brief_title'>Transfusion-Transmitted Cytomegalovirus Prevention in Neonates</field><field name='sponsors'>
    </field><field name='lead_sponsor'>
      </field><field name='agency'>National Heart, Lung, and Blood Institute (NHLBI)</field><field name='agency_class'>NIH</field><field name='source'>National Heart, Lung, and Blood Institute (NHLBI)</field><field name='brief_summary'>
    </field><field name='textblock'>
      To evaluate the capacity of intravenously administered cytomegalovirus (CMV)-immune globin
      (CMVIG) to immunize high risk premature infants against CMV infections.
    </field><field name='textblock'>
      BACKGROUND:

      Premature infants who require multiple blood transfusions have a 15-30 percent incidence of
      cytomegalovirus infections. Many of these infections result in severe disease, with a
      mortality of about 20 percent. In theory, the infection could be avoided by using blood and
      blood products exclusively from CMV antibody negative donors. The use of such blood is
      impractical because it would require the rejection of approximately 40 percent of all blood
      donors. Studies had suggested that passively acquired antibody could reduce the incidence of
      disease in exposed neonates. This provided the rationale for the use of passive immunization
      with hyperimmune globin in premature infants likely to require multiple transfusions. Lots of
      high titer CMV immune globulin suitable for intravenous administration were prepared using a
      technique of screening outdated blood bank plasma for units with high levels of antibody to
      CMV.

      DESIGN NARRATIVE:

      Randomized, double-blind. Subjects received either prophylactic CMVIG-intravenously or a
      placebo. Infants were followed for up to 12 weeks after discharge. Total sample size was
      expected to be 650.

      The study completion date listed in this record was inferred from last publication listed in
      the Citations section of this study record.
    </field><field name='textblock'>
        Neonates at high risk for transfusion-transmitted CMV infection. The neonates were either
        premature, of low birth weight, or had respiratory distress requiring the presence of an
        umbilical catheter.
      </field><field name='overall_status'>Completed</field><field name='start_date'>July 1983</field><field name='completion_date'>June 1988</field><field name='phase'>Phase 3</field><field name='study_type'>Interventional</field><field name='has_expanded_access'>No</field><field name='study_design_info'>
    </field><field name='allocation'>Randomized</field><field name='primary_purpose'>Prevention</field><field name='masking'>Double</field><field name='condition'>Blood Transfusion</field><field name='condition'>Cytomegalovirus Infections</field><field name='intervention'>
    </field><field name='intervention_type'>Drug</field><field name='intervention_name'>immunoglobulins</field><field name='eligibility'>
    </field><field name='criteria'>
      </field><field name='gender'>All</field><field name='minimum_age'>N/A</field><field name='maximum_age'>1 Year</field></doc></add>