<add><doc><field name='clinical_study'>
  
  </field><field name='required_header'>
    </field><field name='download_date'>ClinicalTrials.gov processed this data on September 16, 2022</field><field name='link_text'>Link to the current ClinicalTrials.gov record.</field><field name='url'>https://clinicaltrials.gov/show/NCT00000251</field><field name='id_info'>
    </field><field name='org_study_id'>NIDA-08391-3</field><field name='nct_id'>NCT00000251</field><field name='brief_title'>Effects of Subanesthetic Concentrations of Isoflurane/Nitrous Oxide - 3</field><field name='official_title'>Effects of Subanesthetic Concentrations of Isoflurane/Nitrous Oxide</field><field name='sponsors'>
    </field><field name='lead_sponsor'>
      </field><field name='agency'>University of Chicago</field><field name='agency'>National Institute on Drug Abuse (NIDA)</field><field name='agency_class'>Other</field><field name='agency_class'>NIH</field><field name='source'>University of Chicago</field><field name='brief_summary'>
    </field><field name='textblock'>
      The purpose of this study is to conduct experiments to examine subjective and reinforcing
      effects of nitrous oxide. Mood altering and psychomotor effects will be tested on non-drug
      abusers and preference procedures will be used to assess reinforcing effects. To evaluate the
      acute and residual effects of subanesthetic concentrations of isoflurane/nitrous oxide
      combinations in healthy volunteers.
    </field><field name='textblock'>
        Please contact site for information.
      </field><field name='overall_status'>Completed</field><field name='start_date'>April 1994</field><field name='completion_date'>January 1996</field><field name='primary_completion_date'>January 1996</field><field name='phase'>Phase 2</field><field name='study_type'>Interventional</field><field name='has_expanded_access'>No</field><field name='study_design_info'>
    </field><field name='allocation'>Randomized</field><field name='intervention_model'>Crossover Assignment</field><field name='primary_purpose'>Treatment</field><field name='masking'>Single (Participant)</field><field name='primary_outcome'>
    </field><field name='primary_outcome'>
    </field><field name='primary_outcome'>
    </field><field name='primary_outcome'>
    </field><field name='measure'>Logical reasoning test</field><field name='measure'>Free recall memory test</field><field name='measure'>Auditory reaction time</field><field name='measure'>Digit symbol substitution test</field><field name='time_frame'>15 & 30 min inhalation and 5, 30, & 60 min post inhalation</field><field name='time_frame'>15 & 30 min inhalation and 5, 30, & 60 min post inhalation</field><field name='time_frame'>15 & 30 min inhalation and 5,30 & 60 min post inhalation</field><field name='time_frame'>2,15 & 30 min inhalation and 5,30 & 60 min post inhalation</field><field name='description'>Subjects inhale 100% oxygen</field><field name='description'>Subjects inhale 30% N2O</field><field name='description'>Subjects inhale 0.2% isoflurane</field><field name='description'>Subjects inhale 0.4% isoflurane</field><field name='description'>Subjects will inhale a combination of 0.2% isoflurane and 30% N2O</field><field name='description'>Subjects will inhale a combination of 0.4% isoflurane and 30% N2O</field><field name='description'>Placebo</field><field name='number_of_arms'>6</field><field name='enrollment'>10</field><field name='condition'>Opioid-Related Disorders</field><field name='condition'>Substance-Related Disorders</field><field name='arm_group'>
    </field><field name='arm_group'>
    </field><field name='arm_group'>
    </field><field name='arm_group'>
    </field><field name='arm_group'>
    </field><field name='arm_group'>
    </field><field name='arm_group_label'>Placebo</field><field name='arm_group_label'>30% N2O</field><field name='arm_group_label'>0.2% isoflurane</field><field name='arm_group_label'>0.4% isoflurane</field><field name='arm_group_label'>0.2% isoflurane + 30% N2O</field><field name='arm_group_label'>0.4% isoflurane + 30% N2O</field><field name='arm_group_label'>0.2% isoflurane + 30% N2O</field><field name='arm_group_label'>0.4% isoflurane + 30% N2O</field><field name='arm_group_label'>30% N2O</field><field name='arm_group_label'>0.2% isoflurane</field><field name='arm_group_label'>0.2% isoflurane + 30% N2O</field><field name='arm_group_label'>0.4% isoflurane</field><field name='arm_group_label'>0.4% isoflurane + 30% N2O</field><field name='arm_group_label'>Placebo</field><field name='arm_group_type'>Placebo Comparator</field><field name='arm_group_type'>Active Comparator</field><field name='arm_group_type'>Active Comparator</field><field name='arm_group_type'>Active Comparator</field><field name='arm_group_type'>Active Comparator</field><field name='arm_group_type'>Active Comparator</field><field name='intervention'>
    </field><field name='intervention'>
    </field><field name='intervention'>
    </field><field name='intervention'>
    </field><field name='intervention_type'>Drug</field><field name='intervention_type'>Drug</field><field name='intervention_type'>Drug</field><field name='intervention_type'>Other</field><field name='intervention_name'>30% N2O</field><field name='intervention_name'>0.2% isoflurane</field><field name='intervention_name'>0.4% isoflurane</field><field name='intervention_name'>100% oxygen</field><field name='description'>Subjects inhale 100% oxygen</field><field name='description'>Subjects inhale 30% N2O</field><field name='description'>Subjects inhale 0.2% isoflurane</field><field name='description'>Subjects inhale 0.4% isoflurane</field><field name='description'>Subjects will inhale a combination of 0.2% isoflurane and 30% N2O</field><field name='description'>Subjects will inhale a combination of 0.4% isoflurane and 30% N2O</field><field name='description'>Placebo</field><field name='arm_group_label'>Placebo</field><field name='arm_group_label'>30% N2O</field><field name='arm_group_label'>0.2% isoflurane</field><field name='arm_group_label'>0.4% isoflurane</field><field name='arm_group_label'>0.2% isoflurane + 30% N2O</field><field name='arm_group_label'>0.4% isoflurane + 30% N2O</field><field name='arm_group_label'>0.2% isoflurane + 30% N2O</field><field name='arm_group_label'>0.4% isoflurane + 30% N2O</field><field name='arm_group_label'>30% N2O</field><field name='arm_group_label'>0.2% isoflurane</field><field name='arm_group_label'>0.2% isoflurane + 30% N2O</field><field name='arm_group_label'>0.4% isoflurane</field><field name='arm_group_label'>0.4% isoflurane + 30% N2O</field><field name='arm_group_label'>Placebo</field><field name='eligibility'>
    </field><field name='criteria'>
      </field><field name='gender'>All</field><field name='minimum_age'>21 Years</field><field name='maximum_age'>32 Years</field></doc></add>