<add><doc><field name='clinical_study'>
  
  </field><field name='required_header'>
    </field><field name='download_date'>ClinicalTrials.gov processed this data on September 16, 2022</field><field name='link_text'>Link to the current ClinicalTrials.gov record.</field><field name='url'>https://clinicaltrials.gov/show/NCT00000265</field><field name='id_info'>
    </field><field name='org_study_id'>NIDA-08391-17</field><field name='nct_id'>NCT00000265</field><field name='brief_title'>Subjective Effects of Nitrous Oxide in Dental Patients - 17</field><field name='official_title'>Subjective Effects of Nitrous Oxide in Dental Patients</field><field name='sponsors'>
    </field><field name='lead_sponsor'>
      </field><field name='agency'>University of Chicago</field><field name='agency'>National Institute on Drug Abuse (NIDA)</field><field name='agency_class'>Other</field><field name='agency_class'>NIH</field><field name='source'>University of Chicago</field><field name='brief_summary'>
    </field><field name='textblock'>
      The purpose of this study was to characterize mood changes during nitrous oxide inhalation in
      patients with different levels of preoperative dental anxiety.
    </field><field name='textblock'>
        Please contact site for information.
      </field><field name='overall_status'>Completed</field><field name='start_date'>July 1997</field><field name='completion_date'>January 2002</field><field name='primary_completion_date'>January 2002</field><field name='study_type'>Observational</field><field name='has_expanded_access'>No</field><field name='study_design_info'>
    </field><field name='primary_outcome'>
    </field><field name='primary_outcome'>
    </field><field name='measure'>Anxiety scale</field><field name='measure'>Mood scale</field><field name='time_frame'>Before, during, after dental procedure</field><field name='time_frame'>Before, during, after dental procedure</field><field name='enrollment'>46</field><field name='condition'>Opioid-Related Disorders</field><field name='condition'>Substance-Related Disorders</field><field name='arm_group'>
    </field><field name='arm_group'>
    </field><field name='arm_group'>
    </field><field name='arm_group_label'>Low anxiety</field><field name='arm_group_label'>Moderate anxiety</field><field name='arm_group_label'>High anxiety</field><field name='arm_group_label'>Low anxiety</field><field name='arm_group_label'>Moderate anxiety</field><field name='arm_group_label'>High anxiety</field><field name='eligibility'>
    </field><field name='criteria'>
      </field><field name='gender'>All</field><field name='minimum_age'>18 Years</field><field name='maximum_age'>N/A</field></doc></add>