<add><doc><field name='clinical_study'>
  
  </field><field name='required_header'>
    </field><field name='download_date'>ClinicalTrials.gov processed this data on September 16, 2022</field><field name='link_text'>Link to the current ClinicalTrials.gov record.</field><field name='url'>https://clinicaltrials.gov/show/NCT00000443</field><field name='id_info'>
    </field><field name='org_study_id'>NIAAAJOH10522</field><field name='nct_id'>NCT00000443</field><field name='brief_title'>Ondansetron Treatment for Alcoholism</field><field name='official_title'>Pharmacological Treatment for Alcoholism</field><field name='sponsors'>
    </field><field name='lead_sponsor'>
      </field><field name='agency'>National Institute on Alcohol Abuse and Alcoholism (NIAAA)</field><field name='agency_class'>NIH</field><field name='source'>National Institute on Alcohol Abuse and Alcoholism (NIAAA)</field><field name='brief_summary'>
    </field><field name='textblock'>
      The purpose of this study is to: a) evaluate the effectiveness of ondansetron (Zofran) in the
      treatment of alcohol dependent patients; b) investigate whether early versus late onset
      alcoholism predicts treatment outcome; and c) determine whether the early and late onset
      groups respond differently to treatment. Individuals will be "typed" into early onset and
      late onset alcoholism groups. Individuals will be randomly assigned to a 12-week outpatient
      treatment program.
    </field><field name='textblock'>
        Inclusion Criteria:

          -  Meet criteria for alcohol dependence.

          -  Subjects with early onset alcoholism must also have a diagnosis of antisocial
             personality disorder.

          -  Understand the requirements of the study and be able to complete the questionnaires
             and rating scales.

        Exclusion Criteria:

          -  Current diagnosis of substance dependence or self-report of having used narcotics
             (opiates, cocaine, amphetamine-like substances, and hallucinogens) in the 30 day
             period prior to study.

          -  Positive urine drug screen test for narcotics, barbiturates, or benzodiazepines.

          -  Receiving current psychotropic medications.

          -  Current history of other psychiatric disorders excluding nicotine dependence.

          -  Hepatocellular disease.

          -  Pregnant females.
      </field><field name='overall_status'>Completed</field><field name='completion_date'>April 2000</field><field name='phase'>Phase 2</field><field name='study_type'>Interventional</field><field name='has_expanded_access'>No</field><field name='study_design_info'>
    </field><field name='allocation'>Randomized</field><field name='primary_purpose'>Treatment</field><field name='masking'>Double</field><field name='condition'>Alcoholism</field><field name='intervention'>
    </field><field name='intervention_type'>Drug</field><field name='intervention_name'>ondansetron (Zofran)</field><field name='eligibility'>
    </field><field name='criteria'>
      </field><field name='gender'>All</field><field name='minimum_age'>25 Years</field><field name='maximum_age'>60 Years</field></doc></add>