<add><doc><field name='clinical_study'>
  
  </field><field name='required_header'>
    </field><field name='download_date'>ClinicalTrials.gov processed this data on September 16, 2022</field><field name='link_text'>Link to the current ClinicalTrials.gov record.</field><field name='url'>https://clinicaltrials.gov/show/NCT00000274</field><field name='id_info'>
    </field><field name='org_study_id'>NIDA-09236-9</field><field name='nct_id'>NCT00000274</field><field name='brief_title'>Flupenthixol and Haloperidol for Treating Cocaine Abuse Schizophrenics - 9</field><field name='official_title'>Flupenthixol and Haloperidol for Treating Cocaine Abuse Schizophrenics</field><field name='sponsors'>
    </field><field name='lead_sponsor'>
      </field><field name='agency'>National Institute on Drug Abuse (NIDA)</field><field name='agency'>New York State Psychiatric Institute</field><field name='agency_class'>NIH</field><field name='agency_class'>Other</field><field name='source'>National Institute on Drug Abuse (NIDA)</field><field name='brief_summary'>
    </field><field name='textblock'>
      The purpose of this study is to evaluate the safety and efficacy of flupenthixol and
      haloperidol for cocaine dependence in individuals with schizophrenia/schizoaffective illness.
    </field><field name='textblock'>
        Please contact site for information.
      </field><field name='overall_status'>Completed</field><field name='start_date'>March 1997</field><field name='completion_date'>May 1999</field><field name='phase'>Phase 2</field><field name='study_type'>Interventional</field><field name='has_expanded_access'>No</field><field name='study_design_info'>
    </field><field name='primary_purpose'>Treatment</field><field name='primary_outcome'>
    </field><field name='primary_outcome'>
    </field><field name='primary_outcome'>
    </field><field name='primary_outcome'>
    </field><field name='measure'>Side effects</field><field name='measure'>Drug use</field><field name='measure'>Psychiatric symptoms</field><field name='measure'>Cocaine craving</field><field name='enrollment'>60</field><field name='condition'>Cocaine-Related Disorders</field><field name='condition'>Substance-Related Disorders</field><field name='intervention'>
    </field><field name='intervention_type'>Drug</field><field name='intervention_name'>Flupenthixol</field><field name='eligibility'>
    </field><field name='criteria'>
      </field><field name='gender'>All</field><field name='minimum_age'>18 Years</field><field name='maximum_age'>45 Years</field></doc></add>