<add><doc><field name='clinical_study'>
  
  </field><field name='required_header'>
    </field><field name='download_date'>ClinicalTrials.gov processed this data on September 16, 2022</field><field name='link_text'>Link to the current ClinicalTrials.gov record.</field><field name='url'>https://clinicaltrials.gov/show/NCT00000435</field><field name='id_info'>
    </field><field name='org_study_id'>N01 AR92241</field><field name='nct_id'>NCT00000435</field><field name='brief_title'>dnaJ Peptide for Relieving Rheumatoid Arthritis</field><field name='official_title'>A Clinical Trial of Shared Epitope Peptides in Rheumatoid Arthritis (RA)</field><field name='sponsors'>
    </field><field name='lead_sponsor'>
      </field><field name='agency'>National Institute of Arthritis and Musculoskeletal and Skin Diseases (NIAMS)</field><field name='agency_class'>NIH</field><field name='source'>National Institute of Arthritis and Musculoskeletal and Skin Diseases (NIAMS)</field><field name='brief_summary'>
    </field><field name='textblock'>
      A small protein called dnaJ peptide may help people with rheumatoid arthritis (RA) by
      preventing their immune system cells from attacking their own tissues. The purpose of this
      study is to determine if small amounts of dnaJ peptide can "re-educate" immune cells in
      people with RA so that the cells stop attacking joint tissues.
    </field><field name='textblock'>
      Immune modulation is a promising new approach for the treatment of RA. Studies have shown
      that immune cells in the joints of people in the early stages of RA react strongly against
      dnaJ peptides from bacteria. These immune cells may also cross-react with human dnaJ peptides
      in the joints to cause inflammation. dnaJ may help RA by "re-educating" the immune system and
      dampening the abnormal inflammatory immune response in RA.

      This study will last 7 months. Participants will be randomly assigned to receive either dnaJ
      or placebo by mouth. At screening, participants will have medical history, physical, and
      medication assessment. At screening, at 6 study visits every month after the start of
      treatment, and at 1 month follow-up, participants will have a joint exam, blood and urine
      collection, and will fill out a questionnaire about their condition.
    </field><field name='textblock'>
        Inclusion Criteria:

          -  Active rheumatoid arthritis as defined by the revised American College of Rheumatology
             (ACR) 1987 criteria. Evidence of active disease will be based on at least six swollen
             or nine tender joints.

          -  Diagnosis of rheumatoid arthritis of less than 5 years

          -  Reactivity to dnaJ

          -  Agree to use acceptable methods of contraception

          -  Able to understand and sign informed consent

        Exclusion Criteria:

          -  Patients taking more 7.5 mg of prednisone or disease modifying agents other than
             hydrochloroquine or sulfasalazine (i.e., gold, penicillamine, azathioprine,
             cyclophosphamide, methotrexate, cyclosporine, or anti-TNF agents)

          -  Serum creatinine greater than 1.5 mg/dl

          -  SGOT less than SGPT

          -  Alkaline phosphatase greater than 2 times age/sex adjusted normal values

          -  Hematocrit of less than 30

          -  Platelets less than 130,000

          -  History of lymphoma

          -  Any active malignancy or cancer requiring treatment in the last 5 years, except for
             nonmelanoma skin cancers and carcinoma of the cervix in situ

          -  Medical or psychiatric condition or active serious infection

          -  Pregnant or breastfeeding
      </field><field name='overall_status'>Completed</field><field name='start_date'>September 1999</field><field name='completion_date'>September 2004</field><field name='phase'>Phase 2</field><field name='study_type'>Interventional</field><field name='study_design_info'>
    </field><field name='allocation'>Randomized</field><field name='intervention_model'>Parallel Assignment</field><field name='primary_purpose'>Treatment</field><field name='masking'>Double</field><field name='primary_outcome'>
    </field><field name='measure'>Area under the curve or 'AUC' obtained by adding 0 for no response and 1 for an ACR 20 response for visits on Day 112, 140, and 168</field><field name='measure'>Day 112 ACR 20 score</field><field name='time_frame'>time points 112, 140 and 168 of the 6-month trial</field><field name='time_frame'>Visit day 112 of the 6-month trial</field><field name='description'>Subjects randomized to arm A received 25mg/day po of placebo</field><field name='description'>Subjects randomized to Arm B received 25mg/day po of peptide dnaJP1</field><field name='description'>dnaJP1 was taken in pill form at 25mg/day for 6 months</field><field name='description'>placebo was taken in pill form at 25mg/day for 6 months</field><field name='number_of_arms'>2</field><field name='enrollment'>160</field><field name='condition'>Rheumatoid Arthritis</field><field name='arm_group'>
    </field><field name='arm_group'>
    </field><field name='arm_group_label'>A</field><field name='arm_group_label'>B</field><field name='arm_group_label'>B</field><field name='arm_group_label'>A</field><field name='arm_group_type'>Placebo Comparator</field><field name='arm_group_type'>Active Comparator</field><field name='intervention'>
    </field><field name='intervention'>
    </field><field name='intervention_type'>Drug</field><field name='intervention_type'>Drug</field><field name='intervention_name'>dnaJ peptide</field><field name='intervention_name'>None-placebo</field><field name='description'>Subjects randomized to arm A received 25mg/day po of placebo</field><field name='description'>Subjects randomized to Arm B received 25mg/day po of peptide dnaJP1</field><field name='description'>dnaJP1 was taken in pill form at 25mg/day for 6 months</field><field name='description'>placebo was taken in pill form at 25mg/day for 6 months</field><field name='arm_group_label'>A</field><field name='arm_group_label'>B</field><field name='arm_group_label'>B</field><field name='arm_group_label'>A</field><field name='eligibility'>
    </field><field name='criteria'>
      </field><field name='gender'>All</field><field name='minimum_age'>18 Years</field><field name='maximum_age'>85 Years</field></doc></add>