<add><doc><field name='clinical_study'>
  
  </field><field name='required_header'>
    </field><field name='download_date'>ClinicalTrials.gov processed this data on September 16, 2022</field><field name='link_text'>Link to the current ClinicalTrials.gov record.</field><field name='url'>https://clinicaltrials.gov/show/NCT00000418</field><field name='id_info'>
    </field><field name='org_study_id'>P60 AR20582 Substudy EEHSR4</field><field name='nct_id'>NCT00000418</field><field name='brief_title'>Psychosocial Treatment for Acute Low Back Pain</field><field name='official_title'>Psychosocial Intervention for Acute Low Back Pain (ALBP)</field><field name='sponsors'>
    </field><field name='lead_sponsor'>
      </field><field name='agency'>Indiana University</field><field name='agency'>National Institute of Arthritis and Musculoskeletal and Skin Diseases (NIAMS)</field><field name='agency_class'>Other</field><field name='agency_class'>NIH</field><field name='source'>Indiana University</field><field name='brief_summary'>
    </field><field name='textblock'>
      Acute low back pain (severe pain that comes on suddenly and lasts a relatively short time) is
      very common in the United States, and accounts for substantial illness, functional
      limitations, pain, and health care costs. This study looks at whether a program designed to
      improve self-efficacy (a person's belief in his or her ability to reach a goal, such as
      managing one's own disease) and social support improves the health status of people with
      acute low back pain.
    </field><field name='textblock'>
      Acute low back pain (ALBP) is very prevalent in the United States, accounting for substantial
      morbidity, functional limitations, pain, and health care costs. Psychosocial interventions
      that target improved symptom control and patient functioning have the potential to improve
      the outcomes of patients with ALBP. This study evaluates a psychosocial intervention designed
      to enhance self-efficacy and social support for patients with ALBP.

      In this randomized, controlled trial, we will randomize eligible patients with ALBP to
      receive the intervention or usual care. The intervention program consists of: (1) patient
      education regarding ALBP; (2) explanations and rationales, in layperson's terms, of
      diagnostic and treatment options for ALBP; (3) discussions regarding the management of
      negative affect (i.e., depression, anger, fear, hostility, anxiety); (4) methods to involve
      social support systems; and (5) strategies to involve the primary care physician to reinforce
      patients' behaviors and progress. We will follow patients for 12 months and assess outcomes
      at 3 and 12 months.

      Primary outcomes are health-related quality of life (i.e., functional status, role function,
      back pain symptoms) and patient satisfaction with care. Secondary outcomes include health
      care use, direct health care costs, self-efficacy, and social support. We will also estimate
      the cost-effectiveness of the intervention.

      We will conduct this investigation among socioeconomically vulnerable patients with ALBP, a
      group that shoulders a disproportionate burden of disability and morbidity from
      musculoskeletal conditions and comorbid medical conditions.
    </field><field name='textblock'>
        Inclusion Criteria:

          -  Acute low back pain

        Exclusion Criteria:

          -  Chronic back pain (including surgery)

          -  Disability claim for back pain

          -  Nursing home resident

          -  Severe impairment in hearing, vision, or speech

          -  Unable to speak English

          -  Severe comorbidity

          -  Unable to contact by phone

          -  Excluded by primary care physician
      </field><field name='overall_status'>Completed</field><field name='start_date'>September 1977</field><field name='completion_date'>March 2001</field><field name='phase'>Phase 2</field><field name='study_type'>Interventional</field><field name='has_expanded_access'>No</field><field name='study_design_info'>
    </field><field name='allocation'>Randomized</field><field name='intervention_model'>Parallel Assignment</field><field name='primary_purpose'>Treatment</field><field name='masking'>Single</field><field name='enrollment'>211</field><field name='condition'>Acute Low Back Pain</field><field name='intervention'>
    </field><field name='intervention_type'>Procedure</field><field name='intervention_name'>Psychosocial intervention</field><field name='eligibility'>
    </field><field name='criteria'>
      </field><field name='gender'>All</field><field name='minimum_age'>18 Years</field><field name='maximum_age'>N/A</field></doc></add>