<add><doc><field name='clinical_study'>
  
  </field><field name='required_header'>
    </field><field name='download_date'>ClinicalTrials.gov processed this data on September 16, 2022</field><field name='link_text'>Link to the current ClinicalTrials.gov record.</field><field name='url'>https://clinicaltrials.gov/show/NCT00000440</field><field name='id_info'>
    </field><field name='org_study_id'>NIAAAFAR11222</field><field name='nct_id'>NCT00000440</field><field name='brief_title'>Sertraline and Naltrexone for Alcohol Dependence</field><field name='official_title'>Sertraline and Naltrexone for Alcohol Dependents</field><field name='sponsors'>
    </field><field name='lead_sponsor'>
      </field><field name='agency'>National Institute on Alcohol Abuse and Alcoholism (NIAAA)</field><field name='agency_class'>NIH</field><field name='source'>National Institute on Alcohol Abuse and Alcoholism (NIAAA)</field><field name='brief_summary'>
    </field><field name='textblock'>
      This study is a double-blind, placebo-controlled outpatient trial to improve, through the
      addition of sertraline (Zoloft), the abstinence and relapse rates in alcohol- dependent
      individuals currently taking naltrexone (Revia).
    </field><field name='textblock'>
        Inclusion Criteria:

          -  Meets the criteria for alcohol dependence.

          -  Abstinent from alcohol for a period of at least 5 days and not greater than 30 days.

          -  Able to read English and complete study evaluations.

          -  A stable residence and a telephone to ensure that subjects can be located during the
             study.

        Exclusion Criteria:

          -  Currently meets criteria for substance abuse or dependence with the exception of
             nicotine dependence.

          -  Current use of disulfiram (Antabuse) or a MAO Inhibitor.

          -  Psychotic or otherwise severely psychiatrically disabled (i.e., depressed, suicidal,
             current mania).

          -  Major depression at the time of assessment.

          -  Previous treatment with naltrexone (Revia) for alcohol dependence.

          -  Significant underlying medical conditions such as cerebral, renal, thyroid, or cardiac
             disease.

          -  Abstinent longer than 30 days prior to admission to program.

          -  Hepatocellular disease or elevated bilirubin levels.

          -  Females who are pregnant, nursing, or not using a reliable method of birth control.
      </field><field name='overall_status'>Completed</field><field name='completion_date'>September 2002</field><field name='phase'>Phase 2</field><field name='study_type'>Interventional</field><field name='has_expanded_access'>No</field><field name='study_design_info'>
    </field><field name='allocation'>Randomized</field><field name='primary_purpose'>Treatment</field><field name='masking'>Double</field><field name='enrollment'>124</field><field name='condition'>Alcoholism</field><field name='intervention'>
    </field><field name='intervention'>
    </field><field name='intervention_type'>Drug</field><field name='intervention_type'>Drug</field><field name='intervention_name'>naltrexone (Revia)</field><field name='intervention_name'>sertraline (Zoloft)</field><field name='eligibility'>
    </field><field name='criteria'>
      </field><field name='gender'>All</field><field name='minimum_age'>18 Years</field><field name='maximum_age'>55 Years</field></doc></add>