<add><doc><field name='clinical_study'>
  
  </field><field name='required_header'>
    </field><field name='download_date'>ClinicalTrials.gov processed this data on September 16, 2022</field><field name='link_text'>Link to the current ClinicalTrials.gov record.</field><field name='url'>https://clinicaltrials.gov/show/NCT00000468</field><field name='id_info'>
    </field><field name='org_study_id'>57</field><field name='nct_id'>NCT00000468</field><field name='brief_title'>Myocardial Infarction Triage and Intervention Project (MITI)</field><field name='sponsors'>
    </field><field name='lead_sponsor'>
      </field><field name='agency'>University of Washington</field><field name='agency'>National Heart, Lung, and Blood Institute (NHLBI)</field><field name='agency_class'>Other</field><field name='agency_class'>NIH</field><field name='source'>University of Washington</field><field name='brief_summary'>
    </field><field name='textblock'>
      To determine the practicality, benefit, and safety of paramedic administration of
      thrombolytic therapy for acute myocardial infarction. The feasibility of paramedics correctly
      identifying candidates for thrombolytic therapy following myocardial infarction was assessed
      in Phase I. In Phase II, pre-hospital thrombolytic therapy was compared with in-hospital
      thrombolytic therapy.
    </field><field name='textblock'>
      BACKGROUND:

      In the past, patients with acute myocardial infarction were treated by putting them to bed.
      It was felt that once the symptoms and electrocardiographic signs of acute myocardial
      infarction had occurred, the process was complete and that the heart and patient at rest
      would allow the illness to run its course and the heart to heal. The focus of treatment in
      the Coronary Intensive Care Unit was to prevent complications of acute myocardial infarction,
      primarily arrhythmias leading to cardiac arrest and the treatment of cardiac arrest itself.
      Acute phase morbidity and mortality related to loss of myocardium through infarction has not
      changed. Post-discharge mortality and morbidity is, in large part, related to the occurrence
      of congestive heart failure, secondary to loss of myocardium to infarction. Efforts to
      preserve myocardium through pharmacologic intervention to limit demand, have not resulted in
      significant benefit. It is now recognized that the infarction is not complete on
      presentation, that it occurs as a wavefront over a period of four to six hours, and that in
      80 to 90 percent of patients, infarction is due to thrombus in the infarct-related artery.
      Therefore, reperfusion of the jeopardized myocardium during this window of four to six hours
      could result in salvage of myocardium with resultant decrease in acute mortality as well as
      acute and chronic morbidity and mortality from myocardial failure.

      The international streptokinase trials have established the feasibility of intravenous
      coronary thrombolysis with streptokinase and demonstrated a decrease in acute morality
      ranging from 18 percent to 50 percent, depending upon the interval between the onset of chest
      pain and the initiation of thrombolytic therapy. Furthermore, preservation of ventricular
      function, as reflected in ejection fraction, is greater with early administration.

      The TIMI trial of tissue plasminogen activator (TPA), which is more clot-specific than
      streptokinase, has substantiated the effectiveness. The initiation of thrombolytic therapy
      with TPA as early as possible after the onset of symptoms offers an advantage, therefore, in
      terms of both a reduction in acute mortality and salvage of ischemic myocardium.

      Although thrombolysis is being performed at community hospitals or enroute to hospitals by
      specially trained teams using helicopter transport, only one major study has been reported
      which has systematically evaluated the benefit of early on-the-scene thrombolysis. This study
      documented significant benefit in terms of salvage of myocardium over those patients in whom
      thrombolytic therapy was initiated after arrival in the hospital, as a direct function of
      time. This program used physicians in the ambulance to evaluate indications for and
      contraindications to thrombolytic therapy in the field. The proposed study would evaluate the
      ability of paramedics, under physician remote control, to accurately evaluate patients in the
      field in terms of indications and contra-indications to thrombolytic therapy, and to assess
      the possible benefit in terms of salvage of myocardium in those patients being transported to
      the hospital by paramedic squads as opposed to those arriving by ordinary means.

      DESIGN NARRATIVE:

      In Phase I, the paramedics took electrocardiograms of patients who met the definition of
      cases and administered an abbreviated questionnaire. This phase tested the feasibility of
      paramedics making a diagnosis of acute myocardial infarction on the basis of clinical history
      and with the support of computerized electrocardiogram, coming to an appropriate decision to
      initiate thrombolytic therapy on the basis of the field database, and recognizing appropriate
      contraindications to thrombolytic therapy with and without remote physician supervision. An
      analysis was conducted of the pre-hospital selection of patients for thrombolytic therapy.

      Criteria for approval to move to Phase II included correct identification of appropriate
      cases for treatment 75 percent of the time, less than five percent inappropriate cases or
      with contraindications for thrombolytic therapy, and no more than one percent of the selected
      cases found to have initial life-threatening hemorrhagic conditions.

      Beginning in November 1988, Phase II compared initiation of thrombolysis with tissue
      plasminogen activator (TPA) in the field to initiation in the hospital. During Phase II,
      which lasted for 24 months, one half of the patients meeting the case definition received
      paramedic administration of intravenous thrombolytic therapy and one half received the same
      pre-hospital diagnostic steps but treatment administered after transport to the hospital. The
      360 patients with symptoms for six hours or less, no risk factors for serious bleeding, and
      ST-segment elevation, were selected by paramedics and a remote physician for inclusion in the
      trial. They were allocated to aspirin and alteplase treatment initiated before or after
      hospital arrival. Intravenous sodium heparin was administered to both groups in the hospital.
      Nineteen hospitals in the Seattle and King County areas participated. The primary endpoint
      was a ranked composite score (combining death, stroke, serious bleeding, and infarct size).
      The relation between time to treatment and outcome (composite score, infarct size, ejection
      fraction, and mortality) was also assessed.

      In Phase II, a myocardial infarction registry was established to include all patients
      hospitalized in the area with a discharge diagnosis of acute myocardial infarction. The
      registry placed the trial findings in a community-based perspective and aided in the
      interpretation of trial findings by assessing the proportion of cases seeking paramedic care
      and determining the characteristics of these patients in contrast to those arriving at the
      hospital by other means. The records of all patients admitted directly to coronary care units
      in Seattle and King County were surveyed. Study personnel examined differences, if any,
      between paramedic and other transport groups regarding clinical history, treatment,
      complications, and hospital discharge rates. Of the cases in the registry, 300 who arrived at
      the hospital by means other than paramedic transport were compared to the
      paramedic-transported cases with respect to the incidence of new Q-wave infarction on the
      first and last electrocardiogram, an interview to determine onset, severity, and duration of
      symptoms, and reasons for choosing one type of care over the other during the emergency
      situation.
    </field><field name='textblock'>
        Men and women, ages 35 to 71, with chest pain of between 15 minutes and 6 hours duration,
        systolic blood pressure of more than 80 mm Hg and less than 200 mm Hg, and a diastolic
        blood pressure of less than 120 mm Hg. (Phase I).

        Men and women with m
      </field><field name='overall_status'>Completed</field><field name='start_date'>April 1988</field><field name='completion_date'>March 1992</field><field name='phase'>Phase 3</field><field name='study_type'>Interventional</field><field name='has_expanded_access'>No</field><field name='study_design_info'>
    </field><field name='primary_purpose'>Treatment</field><field name='condition'>Cardiovascular Diseases</field><field name='condition'>Coronary Disease</field><field name='condition'>Heart Diseases</field><field name='condition'>Myocardial Infarction</field><field name='condition'>Myocardial Ischemia</field><field name='intervention'>
    </field><field name='intervention_type'>Drug</field><field name='intervention_name'>tissue plasminogen activator</field><field name='eligibility'>
    </field><field name='criteria'>
      </field><field name='gender'>All</field><field name='minimum_age'>35 Years</field><field name='maximum_age'>71 Years</field></doc></add>