<add><doc><field name='clinical_study'>
  
  </field><field name='required_header'>
    </field><field name='download_date'>ClinicalTrials.gov processed this data on September 16, 2022</field><field name='link_text'>Link to the current ClinicalTrials.gov record.</field><field name='url'>https://clinicaltrials.gov/show/NCT00000332</field><field name='id_info'>
    </field><field name='org_study_id'>NIDA-3-0009-1</field><field name='nct_id'>NCT00000332</field><field name='brief_title'>High Dose Nimodipine Treatment Adjunct - 1</field><field name='official_title'>High Dose Nimodipine Pharmacotherapy Adjunct</field><field name='sponsors'>
    </field><field name='lead_sponsor'>
      </field><field name='agency'>National Institute on Drug Abuse (NIDA)</field><field name='agency'>Washington D.C. Veterans Affairs Medical Center</field><field name='agency_class'>NIH</field><field name='agency_class'>U.S. Fed</field><field name='source'>National Institute on Drug Abuse (NIDA)</field><field name='oversight_info'>
    </field><field name='is_fda_regulated_drug'>Yes</field><field name='is_fda_regulated_device'>No</field><field name='brief_summary'>
    </field><field name='textblock'>
      The purpose of this study is to determine if nimodipine is more effective than placebo in
      reducing stimulated craving for cocaine in cocaine dependent individuals denied access to
      cocaine in inpatient unit.
    </field><field name='textblock'>
        Please contact site for information.
      </field><field name='overall_status'>Completed</field><field name='start_date'>May 1998</field><field name='completion_date'>April 2000</field><field name='primary_completion_date'>January 2000</field><field name='phase'>Phase 2</field><field name='study_type'>Interventional</field><field name='has_expanded_access'>No</field><field name='study_design_info'>
    </field><field name='primary_purpose'>Treatment</field><field name='primary_outcome'>
    </field><field name='primary_outcome'>
    </field><field name='primary_outcome'>
    </field><field name='primary_outcome'>
    </field><field name='measure'>Stimulated and non-stimulated craving</field><field name='measure'>Stimulated and non-stimulated withdrawal</field><field name='measure'>Anxiety, depression</field><field name='measure'>Heart rate</field><field name='enrollment'>0</field><field name='condition'>Cocaine-Related Disorders</field><field name='intervention'>
    </field><field name='intervention_type'>Drug</field><field name='intervention_name'>Nimodipine</field><field name='eligibility'>
    </field><field name='criteria'>
      </field><field name='gender'>All</field><field name='minimum_age'>22 Years</field><field name='maximum_age'>45 Years</field></doc></add>