<add><doc><field name='clinical_study'>
  
  </field><field name='required_header'>
    </field><field name='download_date'>ClinicalTrials.gov processed this data on September 16, 2022</field><field name='link_text'>Link to the current ClinicalTrials.gov record.</field><field name='url'>https://clinicaltrials.gov/show/NCT00000535</field><field name='id_info'>
    </field><field name='org_study_id'>78</field><field name='nct_id'>NCT00000535</field><field name='brief_title'>Trial of Nonpharmacologic Interventions in Elderly (TONE)</field><field name='sponsors'>
    </field><field name='lead_sponsor'>
      </field><field name='agency'>National Heart, Lung, and Blood Institute (NHLBI)</field><field name='agency'>National Institute on Aging (NIA)</field><field name='agency_class'>NIH</field><field name='agency_class'>NIH</field><field name='source'>National Heart, Lung, and Blood Institute (NHLBI)</field><field name='brief_summary'>
    </field><field name='textblock'>
      To test the efficacy of weight loss and sodium restriction, alone and combined, in
      maintaining the normotensive state following withdrawal of antihypertensive medications in an
      elderly cohort. Conducted in collaboration with the National Institute on Aging.
    </field><field name='textblock'>
      BACKGROUND:

      An estimated 30 to 40 percent of elderly persons are treated with blood pressure medications.
      The efficacy of blood pressure drug therapy in older patients with diastolic or combined
      diastolic/systolic hypertension is well proven, but such therapy can adversely affect quality
      of life and biochemical profile. In 1992 when the study started, there was a compelling
      rationale to identify what proportion of medicated, well-controlled elderly hypertensives
      could be maintained long-term or greater than 30 months in the normotensive state following
      withdrawal of blood pressure medications. There was also a need to determine whether
      nonpharmacologic therapy could significantly increase the proportion with a successful
      outcome.

      DESIGN NARRATIVE:

      Randomized. A total of 585 overweight subjects were assigned in a 2 x 2 factorial design to
      weight loss, sodium reduction, combined weight loss and sodium reduction, or usual life-style
      control. The remaining 390 subjects of normal weight were assigned in a 2-armed design to a
      sodium reduction or an attention control group. The control groups were engaged in a series
      of non-blood pressure related health encounters designed to control for non-specific effects
      of groups contacts. Withdrawal of antihypertensive medication was attempted following three
      months of intervention. The primary endpoint was a blood pressure of 150/90 mm Hg or greater,
      resumption of antihypertensive drug therapy, or the occurrence of a blood pressure-related
      clinical complication during two to three years of follow-up. Recruitment ended in June,
      1994. Follow-up ended in December, 1995. NHLBI support for the trial ended in March, 1997.
      The NIA supported the Coordinating Center and two clinical centers through February 1998.

      The study completion date listed in this record was obtained from the "Completed Date"
      entered from the old format in the Protocol Registration and Results System (PRS).
    </field><field name='textblock'>
        Men and women with a systolic blood pressure of less than 145 mm Hg and diastolic blood
        pressure of less than 85 mm Hg on single-drug therapy.
      </field><field name='overall_status'>Completed</field><field name='start_date'>April 1992</field><field name='completion_date'>March 1997</field><field name='phase'>Phase 3</field><field name='study_type'>Interventional</field><field name='has_expanded_access'>No</field><field name='study_design_info'>
    </field><field name='allocation'>Randomized</field><field name='intervention_model'>Factorial Assignment</field><field name='primary_purpose'>Treatment</field><field name='condition'>Cardiovascular Diseases</field><field name='condition'>Heart Diseases</field><field name='condition'>Hypertension</field><field name='condition'>Vascular Diseases</field><field name='intervention'>
    </field><field name='intervention'>
    </field><field name='intervention_type'>Behavioral</field><field name='intervention_type'>Behavioral</field><field name='intervention_name'>diet, reducing</field><field name='intervention_name'>diet, sodium-restricted</field><field name='eligibility'>
    </field><field name='criteria'>
      </field><field name='gender'>All</field><field name='minimum_age'>60 Years</field><field name='maximum_age'>80 Years</field></doc></add>