<add><doc><field name='clinical_study'>
  
  </field><field name='required_header'>
    </field><field name='download_date'>ClinicalTrials.gov processed this data on September 16, 2022</field><field name='link_text'>Link to the current ClinicalTrials.gov record.</field><field name='url'>https://clinicaltrials.gov/show/NCT00000594</field><field name='id_info'>
    </field><field name='org_study_id'>400</field><field name='nct_id'>NCT00000594</field><field name='brief_title'>NHLBI Type II Coronary Intervention Study</field><field name='sponsors'>
    </field><field name='lead_sponsor'>
      </field><field name='agency'>National Heart, Lung, and Blood Institute (NHLBI)</field><field name='agency_class'>NIH</field><field name='source'>National Heart, Lung, and Blood Institute (NHLBI)</field><field name='brief_summary'>
    </field><field name='textblock'>
      To determine whether lowering of cholesterol with cholestyramine in a population with Type II
      hyperlipidemia led to a decreased rate of progression (a regression of coronary artery
      disease) as demonstrated by death, myocardial infarction, or progression of disease on
      angiography.
    </field><field name='textblock'>
      BACKGROUND:

      There is overwhelming evidence that increased cholesterol levels are associated with
      increased risk of cardiovascular disease. This study examined whether lowering of cholesterol
      through drug therapy in people who had coronary artery disease as determined by angiography
      led to regression of the disease, again as indicated by angiography and reduction in
      mortality or nonfatal myocardial infarction. The study should be contrasted with the Coronary
      Primary Prevention Trial (CPPT), which determined whether lowering cholesterol through a
      combination of drug and diet therapy resulted in decreased cardiovascular mortality. It
      should be noted that patients in the CPPT did not have known preexisting coronary heart
      disease.

      DESIGN NARRATIVE:

      A randomized, double-blind trial, with single experimental and control groups. The
      experimental group received drug therapy (cholestyramine); the control group received
      placebo. Both groups received diet therapy. The endpoints were a significant difference in
      the progression of coronary disease as shown by angiography or a significant difference in
      new myocardial infarction or death. Patients were followed under therapy for at least 5
      years.
    </field><field name='textblock'>
        Men and women with angiographically demonstrated coronary artery disease.
      </field><field name='overall_status'>Completed</field><field name='start_date'>November 1971</field><field name='completion_date'>November 1976</field><field name='phase'>Phase 3</field><field name='study_type'>Interventional</field><field name='has_expanded_access'>No</field><field name='study_design_info'>
    </field><field name='allocation'>Randomized</field><field name='primary_purpose'>Prevention</field><field name='masking'>Double</field><field name='condition'>Cardiovascular Diseases</field><field name='condition'>Coronary Disease</field><field name='condition'>Heart Diseases</field><field name='condition'>Hypercholesterolemia, Familial</field><field name='condition'>Myocardial Infarction</field><field name='condition'>Myocardial Ischemia</field><field name='intervention'>
    </field><field name='intervention_type'>Drug</field><field name='intervention_name'>cholestyramine</field><field name='eligibility'>
    </field><field name='criteria'>
      </field><field name='gender'>All</field><field name='minimum_age'>21 Years</field><field name='maximum_age'>55 Years</field></doc></add>