<add><doc><field name='clinical_study'>
  
  </field><field name='required_header'>
    </field><field name='download_date'>ClinicalTrials.gov processed this data on September 16, 2022</field><field name='link_text'>Link to the current ClinicalTrials.gov record.</field><field name='url'>https://clinicaltrials.gov/show/NCT00000612</field><field name='id_info'>
    </field><field name='org_study_id'>115</field><field name='nct_id'>NCT00000612</field><field name='brief_title'>Soy Estrogen Alternative Study (SEA)</field><field name='sponsors'>
    </field><field name='lead_sponsor'>
      </field><field name='agency'>National Heart, Lung, and Blood Institute (NHLBI)</field><field name='agency_class'>NIH</field><field name='source'>National Heart, Lung, and Blood Institute (NHLBI)</field><field name='brief_summary'>
    </field><field name='textblock'>
      To conduct a three-armed trial assessing the effect of soy phytoestrogens on menopausal
      complaints, plasma lipids and lipoproteins, vaginal bleeding and endometrial proliferation,
      and health related quality of life.
    </field><field name='textblock'>
      BACKGROUND:

      The results of many studies indicate that estrogen replacement therapy (ERT) reduces the risk
      of coronary heart disease (CHD) in postmenopausal women. However, less than 9 percent of
      these women choose to take ERT because of unwanted side effects and concerns about increased
      risk of cancer associated with ERT. Therefore, alternative therapies are needed.

      The isoflavonoids found in soy protein (specifically genistein) have many properties that may
      reduce the risk of coronary heart disease. These include favorable effects on plasma lipids
      and coronary artery vasomotion. Furthermore, genistein is a tyrosine kinase (TK) inhibitor
      with inhibitory effects on thrombin activity and TK receptor-linked mitogens that may be
      associated with atherogenesis and neointimal formation after angioplasty.

      DESIGN NARRATIVE:

      Randomized, double-blind, placebo-controlled. The women were randomized into one of three
      groups: placebo, conjugated equine estrogens, or soy supplementation. Primary endpoints were
      the impact on menopausal complaints such as hot flushes, mood lability, anxiety, sleep
      disturbances; effects on plasma lipids and lipoproteins, including lipoprotein (a); effects
      on vaginal bleeding and endometrial proliferation; changes in health-related quality of life.
      Secondary endpoints included: assessment of the impact of these interventions on the
      progression of carotid artery intimal medial wall thickening as assessed by B-mode
      ultrasonography; bone density and bone turnover; additional measures to monitor the
      compliance and safety of the intervention such as mammography, anticipated or known side
      effects of hormone replacement therapy, blood levels of genistein, and clinical outcomes such
      as hospitalizations, physician visits, and symptoms. The study ended in December, 1998.

      The study was a subproject within a program project on coronary atherosclerosis in females,
      primarily monkeys. Dr. Thomas B. Clarkson was the P.I. The subproject dollars were estimated
      based on the CRISP dollars assigned to the study which were approximately 12 percent of the
      total program project dollars and were broken down as follows: FY 1996 - 219,254; FY 1997 -
      $217,000; FY 1998 - $221,000.

      The study completion date listed in this record was obtained from the "End Date" entered in
      the Protocol Registration and Results System (PRS) record.
    </field><field name='textblock'>
        Perimenopausal/menopausal women, ages 45 to 55.
      </field><field name='overall_status'>Completed</field><field name='start_date'>January 1996</field><field name='completion_date'>December 1998</field><field name='phase'>Phase 2</field><field name='study_type'>Interventional</field><field name='has_expanded_access'>No</field><field name='study_design_info'>
    </field><field name='allocation'>Randomized</field><field name='primary_purpose'>Prevention</field><field name='masking'>Double</field><field name='condition'>Cardiovascular Diseases</field><field name='condition'>Endometrial Hyperplasia</field><field name='condition'>Heart Diseases</field><field name='condition'>Menopausal Complaints</field><field name='condition'>Uterine Diseases</field><field name='condition'>Menopause</field><field name='intervention'>
    </field><field name='intervention'>
    </field><field name='intervention'>
    </field><field name='intervention_type'>Drug</field><field name='intervention_type'>Behavioral</field><field name='intervention_type'>Behavioral</field><field name='intervention_name'>estrogens, conjugated</field><field name='intervention_name'>diet, soy proteins</field><field name='intervention_name'>dietary supplements</field><field name='eligibility'>
    </field><field name='criteria'>
      </field><field name='gender'>Female</field><field name='minimum_age'>45 Years</field><field name='maximum_age'>55 Years</field></doc></add>