<add><doc><field name='clinical_study'>
  
  </field><field name='required_header'>
    </field><field name='download_date'>ClinicalTrials.gov processed this data on September 16, 2022</field><field name='link_text'>Link to the current ClinicalTrials.gov record.</field><field name='url'>https://clinicaltrials.gov/show/NCT00000328</field><field name='id_info'>
    </field><field name='org_study_id'>NIDA-11160-3</field><field name='nct_id'>NCT00000328</field><field name='brief_title'>Buprenorphine/Naloxone Treatment for Opioid Dependence-Experiment III) - 3</field><field name='official_title'>Buprenorphine/Naloxone Treatment for Opioid Dependence-Experiment III</field><field name='sponsors'>
    </field><field name='lead_sponsor'>
      </field><field name='agency'>University of Colorado, Denver</field><field name='agency'>National Institute on Drug Abuse (NIDA)</field><field name='agency_class'>Other</field><field name='agency_class'>NIH</field><field name='source'>University of Colorado, Denver</field><field name='oversight_info'>
    </field><field name='is_fda_regulated_drug'>No</field><field name='is_fda_regulated_device'>No</field><field name='brief_summary'>
    </field><field name='textblock'>
      The purpose of this study is to compare the clinical efficacy of the buprenorphine/naloxone
      combination tablet to methadone for opioid maintenance treatment.
    </field><field name='textblock'>
      S/A brief "Summary for the Public"
    </field><field name='textblock'>
        Inclusion Criteria:

        Individuals must be at least 18 years of age, currently opioid dependent and meet FDA
        criteria for narcotic maintenance treatment. Co-morbid substance abuse or dependence
        disorders may also be present. Individuals must be healthy despite drug dependency.

        Exclusion Criteria:

        Individuals with evidence of an active Diagnostic and Statistical Manual of Mental
        Disorders (DSM-IV) Axis I psychiatric disorder (e.g. psychosis, manic-depressive illness,
        organic psychiatric disorders), significant medical illness (e.g. liver or cardiovascular
        disease) or pregnant female subjects are excluded from study participation.
      </field><field name='overall_status'>Withdrawn</field><field name='start_date'>July 1997</field><field name='completion_date'>August 1997</field><field name='primary_completion_date'>August 1997</field><field name='phase'>Phase 2</field><field name='study_type'>Interventional</field><field name='has_expanded_access'>No</field><field name='study_design_info'>
    </field><field name='allocation'>Randomized</field><field name='intervention_model'>Parallel Assignment</field><field name='primary_purpose'>Treatment</field><field name='masking'>Double</field><field name='primary_outcome'>
    </field><field name='primary_outcome'>
    </field><field name='primary_outcome'>
    </field><field name='primary_outcome'>
    </field><field name='primary_outcome'>
    </field><field name='primary_outcome'>
    </field><field name='primary_outcome'>
    </field><field name='measure'>Drug use</field><field name='measure'>Retention</field><field name='measure'>Opioid agonist rating</field><field name='measure'>Opioid antagonist rating</field><field name='measure'>Compliance</field><field name='measure'>Medication identification</field><field name='measure'>Addiction Severity Index (ASI) Composite Score Rating</field><field name='enrollment'>0</field><field name='condition'>Heroin Dependence</field><field name='condition'>Opioid-Related Disorders</field><field name='intervention'>
    </field><field name='intervention_type'>Drug</field><field name='intervention_name'>Opioid-Related Disorders</field><field name='eligibility'>
    </field><field name='criteria'>
      </field><field name='gender'>All</field><field name='minimum_age'>18 Years</field><field name='maximum_age'>65 Years</field></doc></add>