<add><doc><field name='clinical_study'>
  
  </field><field name='required_header'>
    </field><field name='download_date'>ClinicalTrials.gov processed this data on September 16, 2022</field><field name='link_text'>Link to the current ClinicalTrials.gov record.</field><field name='url'>https://clinicaltrials.gov/show/NCT00000416</field><field name='id_info'>
    </field><field name='org_study_id'>P60AR020613</field><field name='nct_id'>NCT00000416</field><field name='brief_title'>Prevention of Arthritis-Related Work Disability</field><field name='official_title'>Prevention of Arthritis-Related Work Disability: A Trial of Job Retention Services Provided to Employed Persons With Arthritis</field><field name='sponsors'>
    </field><field name='lead_sponsor'>
      </field><field name='agency'>Boston University Charles River Campus</field><field name='agency'>National Institute of Arthritis and Musculoskeletal and Skin Diseases (NIAMS)</field><field name='agency'>Boston University Medical Campus</field><field name='agency_class'>Other</field><field name='agency_class'>NIH</field><field name='agency_class'>Other</field><field name='source'>Boston University Charles River Campus</field><field name='oversight_info'>
    </field><field name='brief_summary'>
    </field><field name='textblock'>
      People with rheumatic disorders (arthritis) often have trouble keeping their jobs. This study
      will look at whether vocational rehabilitation (VR) will improve the ability of employed
      people with arthritis to keep their jobs. Job retention VR services target key factors that
      increase the risk of job loss. They aim to modify jobs to reduce barriers caused by
      functional limitations and disease symptoms, future career planning, and establish a
      partnership with a VR counselor for ongoing help.

      We will conduct the study among patients with rheumatic disorders recruited in eastern
      Massachusetts. We will give 120 study participants job retention services provided by VR
      counselors. We will give another 120 participants literature about employment- related
      resources. We will compare the outcomes of the two groups to evaluate the usefulness of job
      retention services in preventing job loss in people with rheumatic disorders.
    </field><field name='textblock'>
      Job loss commonly occurs among people with rheumatic disorders. This study will determine
      whether vocational rehabilitation (VR) provided to employed people with rheumatic disorders
      will improve their ability to remain employed. VR is applied primarily to people who have
      already lost their jobs. However, using job retention VR services may prevent, or delay, the
      onset of employment work loss among people with rheumatic disorders. Job retention VR
      services target important employment-loss risk factors. They do so by modifying jobs to
      reduce barriers posed by functional limitations and symptoms, promoting future career
      planning, and establishing an alliance with a VR counselor for ongoing assistance.

      The study is a randomized, controlled trial conducted among patients with rheumatic disorders
      recruited from the practices of rheumatologists in eastern Massachusetts.

      We will randomly assign 120 study participants to receive job-retention services provided by
      VR counselors and 120 participants (controls) to receive literature about employment-related
      resources. We will assess intermediate outcome variables (self-efficacy, work limitations,
      and job accommodation-seeking behaviors) and the endpoint outcome variable, work instability
      (a measure that includes employment loss), immediately prior to the interventions and at
      6-month intervals over a 24-month period after the interventions are carried out. We will
      compare the outcomes of the two groups to evaluate the usefulness of job retention services
      in forestalling work instability in this population.
    </field><field name='textblock'>
        Inclusion Criteria:

          -  Must currently be employed full or part time

          -  Must live in selected communities in eastern Massachusetts

        Exclusion Criteria:

          -  Plans to move from area

          -  Plans to have joint replacement surgery in next 6 months

          -  Plans to retire or go on disability within next 2 years
      </field><field name='overall_status'>Completed</field><field name='start_date'>September 1997</field><field name='completion_date'>August 2001</field><field name='primary_completion_date'>August 2001</field><field name='phase'>N/A</field><field name='study_type'>Interventional</field><field name='has_expanded_access'>No</field><field name='study_design_info'>
    </field><field name='allocation'>Randomized</field><field name='intervention_model'>Single Group Assignment</field><field name='primary_purpose'>Prevention</field><field name='masking'>Triple (Participant, Investigator, Outcomes Assessor)</field><field name='primary_outcome'>
    </field><field name='measure'>job losses</field><field name='measure'>limitation in ability to work</field><field name='time_frame'>every 6 months for up to 42 months</field><field name='time_frame'>every 6 months for up to 42 months</field><field name='description'>Periods of work cessation of at least 6 months.</field><field name='description'>Extent of on the job limitation due to health condition as measured by the Work Limitations Questionnaire.</field><field name='description'>Rehabilitation counseling
Experimental
Rehabilitation counseling was provided by rehabilitation counselors. They administered the Work Experience Survey; provided and discussed disability rights and responsibilities and provided career counseling they as needed.</field><field name='description'>Active comparator
Control group participants received relevant printed information in the mail only; no rehabilitation counseling</field><field name='description'>Provided in 2 in-person meetings and in follow-up phone calls</field><field name='number_of_arms'>2</field><field name='enrollment'>242</field><field name='condition'>Rheumatoid Arthritis</field><field name='condition'>Systemic Lupus Erythematosus</field><field name='condition'>Osteoarthritis, Knee</field><field name='condition'>Ankylosing Spondylitis</field><field name='arm_group'>
    </field><field name='arm_group'>
    </field><field name='arm_group_label'>Rehabilitation counseling</field><field name='arm_group_label'>printed information</field><field name='arm_group_label'>Rehabilitation counseling</field><field name='arm_group_label'>printed information</field><field name='arm_group_type'>Experimental</field><field name='arm_group_type'>Active Comparator</field><field name='intervention'>
    </field><field name='intervention_type'>Other</field><field name='intervention_name'>Rehabilitation counseling</field><field name='description'>Periods of work cessation of at least 6 months.</field><field name='description'>Extent of on the job limitation due to health condition as measured by the Work Limitations Questionnaire.</field><field name='description'>Rehabilitation counseling
Experimental
Rehabilitation counseling was provided by rehabilitation counselors. They administered the Work Experience Survey; provided and discussed disability rights and responsibilities and provided career counseling they as needed.</field><field name='description'>Active comparator
Control group participants received relevant printed information in the mail only; no rehabilitation counseling</field><field name='description'>Provided in 2 in-person meetings and in follow-up phone calls</field><field name='arm_group_label'>Rehabilitation counseling</field><field name='arm_group_label'>printed information</field><field name='arm_group_label'>Rehabilitation counseling</field><field name='arm_group_label'>printed information</field><field name='eligibility'>
    </field><field name='criteria'>
      </field><field name='gender'>All</field><field name='minimum_age'>18 Years</field><field name='maximum_age'>65 Years</field></doc></add>