<add><doc><field name='clinical_study'>
  
  </field><field name='required_header'>
    </field><field name='download_date'>ClinicalTrials.gov processed this data on September 16, 2022</field><field name='link_text'>Link to the current ClinicalTrials.gov record.</field><field name='url'>https://clinicaltrials.gov/show/NCT00000476</field><field name='id_info'>
    </field><field name='org_study_id'>65</field><field name='nct_id'>NCT00000476</field><field name='brief_title'>Digitalis Investigation Group (DIG)</field><field name='sponsors'>
    </field><field name='lead_sponsor'>
      </field><field name='agency'>National Heart, Lung, and Blood Institute (NHLBI)</field><field name='agency_class'>NIH</field><field name='source'>National Heart, Lung, and Blood Institute (NHLBI)</field><field name='brief_summary'>
    </field><field name='textblock'>
      To determine if digitalis had a beneficial, harmful, or no effect on total mortality in
      patients with clinical heart failure and sinus rhythm.
    </field><field name='textblock'>
      BACKGROUND:

      Despite widespread use of digitalis and its availability for nearly two centuries,
      uncertainty surrounded the appropriateness of its role and value in treating congestive heart
      failure patients in sinus rhythm. The study was a multicenter collaborative effort with the
      Department of Veteran Affairs Cooperative Studies Program which provided support for a data
      coordinating center and a pharmacy coordinating center.

      DESIGN NARRATIVE:

      Randomized, double-blind, simple, multicenter, international trial with 186 centers in the
      United States and 116 in Canada. In the main trial, patients with left ventricular ejection
      fractions of 0.45 or less were randomly assigned to digoxin (3397 patients) or placebo (3403
      patients) in addition to diuretics and ACE inhibitors. In an ancillary trial of patients with
      ejection fractions greater than 0.45, 492 patients were randomly assigned to digoxin and 496
      to placebo. Patients were recruited over a three-year period at the 302 centers and followed
      for a minimum of two years. Patient enrollment began in February 1991 and ended in September
      1993. Follow-up ended in December 1995. The main results paper was published in 1997.

      Three substudies were conducted. The quality of life/6-minute walk test substudy determined
      the effect of treatment on a patient's well-being, daily activities, and functional status.
      The Holter/signal averaging electrocardiogram substudy examined the pathophysiology of sudden
      cardiac death. The neurohormonal substudy determined whether long-term administration of
      digoxin attenuated the neuroendocrine response in patients with heart failure.

      The study completion date listed in this record was obtained from the "Completed Date"
      entered in the Query View Report System (QVR).
    </field><field name='textblock'>
        Men and women with clinical heart failure, sinus rhythm, and an ejection fraction less than
        or equal to 45 percent.
      </field><field name='overall_status'>Completed</field><field name='start_date'>June 1990</field><field name='completion_date'>June 1998</field><field name='phase'>Phase 3</field><field name='study_type'>Interventional</field><field name='has_expanded_access'>No</field><field name='study_design_info'>
    </field><field name='allocation'>Randomized</field><field name='primary_purpose'>Treatment</field><field name='masking'>Double</field><field name='condition'>Arrhythmia</field><field name='condition'>Cardiovascular Diseases</field><field name='condition'>Heart Diseases</field><field name='condition'>Heart Failure, Congestive</field><field name='condition'>Sinus Arrhythmia</field><field name='condition'>Heart Failure</field><field name='intervention'>
    </field><field name='intervention_type'>Drug</field><field name='intervention_name'>digitalis</field><field name='eligibility'>
    </field><field name='criteria'>
      </field><field name='gender'>All</field><field name='minimum_age'>21 Years</field><field name='maximum_age'>75 Years</field></doc></add>