<add><doc><field name='clinical_study'>
  
  </field><field name='required_header'>
    </field><field name='download_date'>ClinicalTrials.gov processed this data on September 16, 2022</field><field name='link_text'>Link to the current ClinicalTrials.gov record.</field><field name='url'>https://clinicaltrials.gov/show/NCT00000471</field><field name='id_info'>
    </field><field name='org_study_id'>60</field><field name='nct_id'>NCT00000471</field><field name='brief_title'>Lifestyle Heart Trial</field><field name='sponsors'>
    </field><field name='lead_sponsor'>
      </field><field name='agency'>National Heart, Lung, and Blood Institute (NHLBI)</field><field name='agency_class'>NIH</field><field name='source'>National Heart, Lung, and Blood Institute (NHLBI)</field><field name='brief_summary'>
    </field><field name='textblock'>
      To assess long-term effects of a strict lifestyle change program on lipids, blood pressure,
      myocardial perfusion, and coronary atherosclerosis.
    </field><field name='textblock'>
      BACKGROUND:

      The trial was the first randomized, controlled trial to determine whether patients outside a
      hospital could be motivated to make and sustain comprehensive lifestyle changes and whether
      coronary disease regression could occur as a result of lifestyle changes alone.

      DESIGN NARRATIVE:

      Patients were randomly assigned to an experimental group or to a usual-care group.
      Experimental-group patients were prescribed a lifestyle program including a low-fat
      vegetarian diet, moderate aerobic exercise, stress management training, stopping smoking, and
      group support. No animal products were allowed in the vegetarian diet except egg white and
      one cup per day of non-fat milk or yogurt. The diet contained approximately 10 percent of
      calories as fat. Control-group patients were not asked to make lifestyle changes. Coronary
      angiography was performed at baseline and at one year to assess progression or regression of
      disease. Patients were recruited into the trial between January 1986 and November 1988. The
      trial was supported prior to April 1989 from various sources other than the National Heart,
      Lung, and Blood Institute. Follow-up continued for four years.

      The study completion date listed in this record was obtained from the Query/View/Report (QVR)
      System.
    </field><field name='textblock'>
        Men and women, ages 35 to 75, with angiographically documented one, two, or three vessel
        coronary disease; no myocardial infarction during the preceeding six weeks; and not
        receiving streptokinase, alteplase, or lipid-lowering drugs.
      </field><field name='overall_status'>Completed</field><field name='start_date'>April 1989</field><field name='completion_date'>March 1993</field><field name='phase'>Phase 2</field><field name='study_type'>Interventional</field><field name='has_expanded_access'>No</field><field name='study_design_info'>
    </field><field name='allocation'>Randomized</field><field name='primary_purpose'>Prevention</field><field name='condition'>Cardiovascular Diseases</field><field name='condition'>Coronary Arteriosclerosis</field><field name='condition'>Coronary Disease</field><field name='condition'>Heart Diseases</field><field name='condition'>Hypercholesterolemia</field><field name='condition'>Hypertension</field><field name='condition'>Myocardial Ischemia</field><field name='intervention'>
    </field><field name='intervention'>
    </field><field name='intervention'>
    </field><field name='intervention'>
    </field><field name='intervention_type'>Behavioral</field><field name='intervention_type'>Behavioral</field><field name='intervention_type'>Behavioral</field><field name='intervention_type'>Behavioral</field><field name='intervention_name'>diet, vegetarianism</field><field name='intervention_name'>diet, fat-restricted</field><field name='intervention_name'>exercise</field><field name='intervention_name'>smoking cessation</field><field name='eligibility'>
    </field><field name='criteria'>
      </field><field name='gender'>All</field><field name='minimum_age'>35 Years</field><field name='maximum_age'>75 Years</field></doc></add>