<add><doc><field name='clinical_study'>
  
  </field><field name='required_header'>
    </field><field name='download_date'>ClinicalTrials.gov processed this data on September 16, 2022</field><field name='link_text'>Link to the current ClinicalTrials.gov record.</field><field name='url'>https://clinicaltrials.gov/show/NCT00000452</field><field name='id_info'>
    </field><field name='org_study_id'>NIAAAVOL07517</field><field name='nct_id'>NCT00000452</field><field name='brief_title'>Naltrexone Treatment of Alcohol Dependence</field><field name='sponsors'>
    </field><field name='lead_sponsor'>
      </field><field name='agency'>National Institute on Alcohol Abuse and Alcoholism (NIAAA)</field><field name='agency_class'>NIH</field><field name='source'>National Institute on Alcohol Abuse and Alcoholism (NIAAA)</field><field name='brief_summary'>
    </field><field name='textblock'>
      The long-range goal of this ongoing research program is to find more effective treatments for
      alcohol dependence by combining medication with the appropriate psychosocial support. This
      proposal has three specific aims: (1) to compare the effectiveness of naltrexone (Revia) in
      three types of treatment settings; (2) to assess the effects of psychosocial support on
      medication compliance and treatment retention; and (3) to investigate the individual
      characteristics that may predict who is likely to benefit from additional psychosocial
      support versus simple medication management.
    </field><field name='textblock'>
        Inclusion Criteria:

          -  Meets criteria for current diagnosis of alcohol dependence.

          -  Subjects used more than 15 standard alcohol drinks (average)/week with at least 1 day
             of 5 or more drinks in the past 30 days.

          -  Successful completion of medical detoxification.

          -  Lives within a commutable distance to the Treatment Research Center and agrees to
             follow-up visits.

          -  Understands and signs the informed consent.

        Exclusion Criteria:

          -  Current diagnosis of any substance dependence other than alcohol, nicotine, or
             marijuana.

          -  Evidence of opiate use in the past 30 days.

          -  Current treatment with psychotropic medications, including disulfiram (Antabuse)
             (excluding short-term use of benzodiazepines for detoxification).

          -  History of unstable or serious medical illness, including need for opioid analgesics.

          -  Severe physical or medical illnesses such as AIDS, active hepatitis, significant
             hepatocellular injury as evidenced by elevated bilirubin levels, and current severe
             psychiatric symptoms.

          -  Use of an investigation medication in the past 30 days.

          -  Female subjects who are pregnant, nursing, or not using reliable method of
             contraception.
      </field><field name='overall_status'>Completed</field><field name='completion_date'>January 2003</field><field name='phase'>Phase 4</field><field name='study_type'>Interventional</field><field name='has_expanded_access'>No</field><field name='study_design_info'>
    </field><field name='allocation'>Randomized</field><field name='primary_purpose'>Treatment</field><field name='masking'>Double</field><field name='enrollment'>240</field><field name='condition'>Alcoholism</field><field name='intervention'>
    </field><field name='intervention'>
    </field><field name='intervention'>
    </field><field name='intervention_type'>Drug</field><field name='intervention_type'>Behavioral</field><field name='intervention_type'>Behavioral</field><field name='intervention_name'>naltrexone (Revia)</field><field name='intervention_name'>Compliance Enhancement Tech.</field><field name='intervention_name'>Cognitive Behavior Therapy</field><field name='eligibility'>
    </field><field name='criteria'>
      </field><field name='gender'>All</field><field name='minimum_age'>18 Years</field><field name='maximum_age'>75 Years</field></doc></add>