<add><doc><field name='clinical_study'>
  
  </field><field name='required_header'>
    </field><field name='download_date'>ClinicalTrials.gov processed this data on September 16, 2022</field><field name='link_text'>Link to the current ClinicalTrials.gov record.</field><field name='url'>https://clinicaltrials.gov/show/NCT00000541</field><field name='id_info'>
    </field><field name='org_study_id'>84</field><field name='nct_id'>NCT00000541</field><field name='brief_title'>Women's Antioxidant and Folic Acid Cardiovascular Study (WAFACS)</field><field name='official_title'>Women's Antioxidant and Folic Acid Cardiovascular Study (WAFACS)</field><field name='sponsors'>
    </field><field name='lead_sponsor'>
      </field><field name='agency'>Brigham and Women's Hospital</field><field name='agency'>National Heart, Lung, and Blood Institute (NHLBI)</field><field name='agency_class'>Other</field><field name='agency_class'>NIH</field><field name='source'>Brigham and Women's Hospital</field><field name='oversight_info'>
    </field><field name='brief_summary'>
    </field><field name='textblock'>
      To determine if supplements of vitamin C, vitamin E, beta-carotene, and B-vitamins (a
      combination of folic acid, vitamins B6 and B12) reduce risk of major cardiovascular events in
      high risk women with a prior history of atherosclerotic cardiovascular disease. The trial is
      a companion to the Women's Health Study (WHS), a primary prevention trial of vitamin E and
      aspirin in a low risk population of women.
    </field><field name='textblock'>
      The Women's Antioxidant and Folic Acid Cardiovascular Study tested the effects of vitamin C
      (500 mg/day), vitamin E (600 IU every other day), and/or beta carotene (50 mg every other
      day) on the risk of major cardiovascular events (a combined outcome of myocardial infarction,
      stroke, coronary revascularization, or cardiovascular death) among 8171 female health
      professionals at increased risk. Participants were 40 years or older with a history of
      cardiovascular disease or 3 or more cardiovascular risk factors and were followed for an
      average duration of 9.4 years, from 1995-1996 to 2005. In 1998, 5442 of these participants
      were further randomized to the B-vitamin intervention (a daily combination pill containing
      folic acid [2.5 mg], vitamin B6 [50 mg], vitamin B12 [1 mg]) and were followed for 7.3 years,
      from April 1998 through July 2005.
    </field><field name='textblock'>
        Women, aged 40 and over, at high risk, with a history of cardiovascular disease or three or
        more coronary heart disease risk factors.
      </field><field name='overall_status'>Completed</field><field name='start_date'>May 1993</field><field name='completion_date'>July 2005</field><field name='primary_completion_date'>July 2005</field><field name='phase'>Phase 2</field><field name='study_type'>Interventional</field><field name='has_expanded_access'>No</field><field name='study_design_info'>
    </field><field name='allocation'>Randomized</field><field name='intervention_model'>Factorial Assignment</field><field name='primary_purpose'>Prevention</field><field name='primary_outcome'>
    </field><field name='primary_outcome'>
    </field><field name='measure'>Cardiovascular disease</field><field name='measure'>Cancer</field><field name='condition'>Cardiovascular Diseases</field><field name='condition'>Coronary Arteriosclerosis</field><field name='condition'>Coronary Disease</field><field name='condition'>Heart Diseases</field><field name='condition'>Myocardial Infarction</field><field name='condition'>Myocardial Ischemia</field><field name='intervention'>
    </field><field name='intervention'>
    </field><field name='intervention'>
    </field><field name='intervention'>
    </field><field name='intervention'>
    </field><field name='intervention_type'>Behavioral</field><field name='intervention_type'>Drug</field><field name='intervention_type'>Drug</field><field name='intervention_type'>Drug</field><field name='intervention_type'>Drug</field><field name='intervention_name'>dietary supplements</field><field name='intervention_name'>vitamin C</field><field name='intervention_name'>vitamin E</field><field name='intervention_name'>beta-carotene</field><field name='intervention_name'>folic acid/Vitamin B6/Vitamin B12</field><field name='eligibility'>
    </field><field name='criteria'>
      </field><field name='gender'>Female</field><field name='minimum_age'>40 Years</field><field name='maximum_age'>N/A</field></doc></add>