<add><doc><field name='clinical_study'>
  
  </field><field name='required_header'>
    </field><field name='download_date'>ClinicalTrials.gov processed this data on September 16, 2022</field><field name='link_text'>Link to the current ClinicalTrials.gov record.</field><field name='url'>https://clinicaltrials.gov/show/NCT00000368</field><field name='url'>http://www.bu.edu/anxiety/</field><field name='url'>http://info.med.yale.edu/yfp/new/anxiety.html</field><field name='id_info'>
    </field><field name='org_study_id'>R01MH045964</field><field name='nct_id'>NCT00000368</field><field name='brief_title'>Treatment of Panic Disorder: Long Term Strategies</field><field name='official_title'>Treatment of Panic Disorder: Long Term Strategies</field><field name='sponsors'>
    </field><field name='lead_sponsor'>
      </field><field name='agency'>New York State Psychiatric Institute</field><field name='agency'>National Institute of Mental Health (NIMH)</field><field name='agency_class'>Other</field><field name='agency_class'>NIH</field><field name='source'>New York State Psychiatric Institute</field><field name='oversight_info'>
    </field><field name='brief_summary'>
    </field><field name='textblock'>
      Cognitive behavior therapy (CBT) with or without medication has been used in the treatment of
      panic disorder (PD). The purpose of this study is 1) to determine whether nine months of
      maintenance cognitive-behavior therapy (CBT) significantly improves the likelihood of
      sustained improvement; and 2) to determine the acute acceptability and efficacy of medication
      therapy or continued CBT alone among patients who fail to respond sufficiently to an initial
      course of CBT alone.

      It has been found that patients with PD respond as well to CBT or medication alone as they do
      to a combination of the two. Since the combined treatments are expensive and CBT is
      associated with less risk of medical toxicity compared to medications, CBT alone will be used
      first.

      All patients will first receive CBT alone. If the patient responds to this therapy, the
      patient will be assigned randomly (like tossing a coin) to 1 of 2 groups. One group will
      continue to receive CBT (maintenance therapy) for 9 months. The other group of responders
      will not receive any further therapy. If a patient does not respond to CBT alone, he/she will
      be assigned randomly to 1 of 2 different groups. One group will receive paroxetine; the other
      will continue to receive CBT for a longer period. The response to treatment will be evaluated
      to see which regimen works best to treat PD. The study will last approximately 3 years.

      An individual may be eligible for this study if he/she has panic disorder with no more than
      mild agoraphobia (fear of being in public places) and is at least 18 years old.
    </field><field name='textblock'>
      To determine if maintenance CBT produces a more sustained improvement among patients with
      panic disorder (PD) who respond to an initial course of cognitive behavior therapy (CBT)
      alone. For those who do not respond sufficiently to CBT alone, to determine if the addition
      of pharmacotherapy is acceptable and if this improves response among those inadequate
      responders to CBT alone.

      This multicenter study builds upon the findings of a prior study comparing imipramine,
      placebo, CBT, and their combination in the treatment of PD patients with no more than mild
      agoraphobia. That study found response rates were as high with CBT or imipramine alone as
      with their combination. Given the added cost of combined treatments, it therefore seems
      reasonable to begin with monotherapy. Further, following general principles of medical
      practice, it would be reasonable to initiate treatment with the less invasive cognitive
      behavioral intervention. It is then important to learn what should be done following initial
      treatment.

      All patients initially receive CBT alone. Patients are then randomized into 1 of 2 post-acute
      studies, depending on response status. Responders are randomized to a maintenance study
      comparing no maintenance with 9 months of continued CBT. Nonresponders are randomized to a
      study comparing paroxetine with continued CBT. The following outcomes will be examined: the
      necessity of maintenance therapy in maintaining response; the ability of adjunct
      pharmacotherapy to improve the response of patients who did not respond to CBT alone;
      possible predictors of response and relapse; and possible mediators of response.
    </field><field name='textblock'>
        Inclusion Criteria:

        - primary diagnosis of Panic disorder with or without Agoraphobia (all levels of
        agoraphobia are included).

        Exclusion Criteria:

          -  current substance abuse or dependence,

          -  current active suicidal potential;

          -  any history of psychosis, bipolar disorder (I or II) or cyclothymia;

          -  pending application or existing medical disability claim;

          -  significant cognitive impairment,

          -  current uncontrolled general medical illness requiring intervention,

          -  psychotherapy directed at anxiety or panic which will not be discontinued by the first
             treatment visit, and daily use of 2mg of Xanax or equivalent.

        Exclusion criteria for paroxetine study:

          -  hypersensitivity to Selective Serotonin Reuptake Inhibitors (SSRI),

          -  pregnancy, lactation, or planned pregnancy during the course of the study,

          -  contemporaneous medication that may interfere or interact with paroxetine,

          -  prior treatment with therapeutic doses of paroxetine (40mg/d for 1 mo),

          -  concurrent treatment with antidepressants.
      </field><field name='overall_status'>Completed</field><field name='start_date'>February 1999</field><field name='completion_date'>July 2004</field><field name='primary_completion_date'>July 2004</field><field name='phase'>Phase 3</field><field name='study_type'>Interventional</field><field name='has_expanded_access'>No</field><field name='study_design_info'>
    </field><field name='allocation'>Randomized</field><field name='intervention_model'>Parallel Assignment</field><field name='primary_purpose'>Treatment</field><field name='masking'>None (Open Label)</field><field name='primary_outcome'>
    </field><field name='primary_outcome'>
    </field><field name='measure'>Panic Disorder Severity Scale</field><field name='measure'>Clinical Global Impressions</field><field name='measure'>Albany Panic and Phobia Questionnaire</field><field name='measure'>Anxiety Sensitivity Index</field><field name='measure'>Subjective Symptoms Scale</field><field name='time_frame'>At baseline and major assessment points plus monthly.</field><field name='time_frame'>Monthly, including all nonpretreatment major assessments.</field><field name='time_frame'>All major assessment points.</field><field name='time_frame'>All major assessments and treatment visits.</field><field name='time_frame'>All major assessment points</field><field name='description'>This is a 7-item scale providing ratings of core features of panic disorder and the degree of work and social impairment/interference due to the disorder.</field><field name='description'>Commonly used global rating of improvement.</field><field name='description'>This is a 27-item scale consisting of three subscales that assess fear of agoraphobic situations, social situations, and situations and activities that produce bodily sensations commonly feared by individuals with panic disorder.</field><field name='description'>This is a 16-item scale that assesses person's tendency to regard physiologic arousal as harmful.</field><field name='description'>This is an individual's rating of the extent to which anxiety symptoms interfere with five areas of daily functioning: work, home management, private leisure, social leisure, and family relationships.</field><field name='description'>Center for Anxiety and Related Disorders [Boston Study Site]</field><field name='description'>Yale Anxiety Disorders Research Clinic [New Haven Study site]</field><field name='enrollment'>379</field><field name='condition'>Panic Disorder</field><field name='condition'>Agoraphobia</field><field name='intervention'>
    </field><field name='intervention'>
    </field><field name='intervention_type'>Behavioral</field><field name='intervention_type'>Drug</field><field name='intervention_name'>Cognitive behavior therapy</field><field name='intervention_name'>Paroxetine or other medication - algorithm used</field><field name='description'>This is a 7-item scale providing ratings of core features of panic disorder and the degree of work and social impairment/interference due to the disorder.</field><field name='description'>Commonly used global rating of improvement.</field><field name='description'>This is a 27-item scale consisting of three subscales that assess fear of agoraphobic situations, social situations, and situations and activities that produce bodily sensations commonly feared by individuals with panic disorder.</field><field name='description'>This is a 16-item scale that assesses person's tendency to regard physiologic arousal as harmful.</field><field name='description'>This is an individual's rating of the extent to which anxiety symptoms interfere with five areas of daily functioning: work, home management, private leisure, social leisure, and family relationships.</field><field name='description'>Center for Anxiety and Related Disorders [Boston Study Site]</field><field name='description'>Yale Anxiety Disorders Research Clinic [New Haven Study site]</field><field name='eligibility'>
    </field><field name='criteria'>
      </field><field name='gender'>All</field><field name='minimum_age'>18 Years</field><field name='maximum_age'>N/A</field></doc></add>