<add><doc><field name='clinical_study'>
  
  </field><field name='required_header'>
    </field><field name='download_date'>ClinicalTrials.gov processed this data on September 16, 2022</field><field name='link_text'>Link to the current ClinicalTrials.gov record.</field><field name='url'>https://clinicaltrials.gov/show/NCT00000154</field><field name='id_info'>
    </field><field name='org_study_id'>NEI-56</field><field name='nct_id'>NCT00000154</field><field name='brief_title'>Diabetic Retinopathy Vitrectomy Study (DRVS)</field><field name='sponsors'>
    </field><field name='lead_sponsor'>
      </field><field name='agency'>National Eye Institute (NEI)</field><field name='agency_class'>NIH</field><field name='source'>National Eye Institute (NEI)</field><field name='brief_summary'>
    </field><field name='textblock'>
      To compare two therapies, early vitrectomy and conventional management, for recent severe
      vitreous hemorrhage secondary to diabetic retinopathy. Conventional management includes
      vitrectomy if hemorrhage fails to clear during a waiting period of 6 to 12 months or if
      retinal detachment involving the center of the macula develops at any time.

      To compare early vitrectomy and conventional management in eyes that have good vision but a
      poor prognosis because they are threatened with hemorrhage or retinal detachment from very
      severe proliferative retinopathy.

      To study the natural history of severe proliferative diabetic retinopathy.
    </field><field name='textblock'>
      Vitrectomy may not only remove vitreous hemorrhage but also prevent or relieve traction on
      the retina from contraction of the fibrovascular membranes that characterize severe
      proliferative diabetic retinopathy. It is important to determine whether early intervention
      with vitrectomy has a better visual outcome or instead produces a rate of serious
      complications higher than the rate associated with conventional management.

      Two randomized trials were carried out in the DRVS among patients ages 18 to 70 years who had
      either insulin-dependent or non-insulin-dependent diabetes. In the first trial, the 616
      patients who were recruited had severe visual loss from recent severe vitreous hemorrhage in
      at least one eye. Eligible eyes were randomly assigned either to early vitrectomy or to
      conventional management. In the conventional management group, vitrectomy was carried out 1
      year later if hemorrhage persisted; vitrectomy was carried out sooner if retinal detachment
      -involving the center of the macula occurred.

      In the second trial, 381 patients were recruited, all of whom had severe fibrovascular
      proliferations and useful vision in at least one eye. Eligible eyes were assigned either to
      early vitrectomy or to conventional management. Conventional management included
      photocoagulation when indicated, with vitrectomy if a severe vitreous hemorrhage occurred and
      failed to clear spontaneously during a 6-month waiting period or if retinal detachment
      involving the center of the macula -occurred. After randomization and treatment, all patients
      were examined at 6-month intervals for 2 years and annually thereafter. Comparisons of visual
      acuity distributions between experimental and control groups were made.
    </field><field name='textblock'>
        Men and women eligible for the vitreous hemorrhage group had at least one eye with recent
        severe vitreous hemorrhage (within 5 months) and visual acuity of 5/200 or less. Patients
        eligible for the "very severe proliferative retinopathy with useful vision" group had
        extensive active fibrovascular proliferations and visual acuity of 10/200 or better.
      </field><field name='overall_status'>Completed</field><field name='start_date'>October 1976</field><field name='phase'>Phase 3</field><field name='study_type'>Interventional</field><field name='has_expanded_access'>No</field><field name='study_design_info'>
    </field><field name='allocation'>Randomized</field><field name='primary_purpose'>Treatment</field><field name='condition'>Diabetic Retinopathy</field><field name='condition'>Retinal Detachment</field><field name='condition'>Vitreous Hemorrhage</field><field name='intervention'>
    </field><field name='intervention_type'>Procedure</field><field name='intervention_name'>Vitrectomy</field><field name='eligibility'>
    </field><field name='criteria'>
      </field><field name='gender'>All</field><field name='minimum_age'>18 Years</field><field name='maximum_age'>70 Years</field></doc></add>