<add><doc><field name='clinical_study'>
  
  </field><field name='required_header'>
    </field><field name='download_date'>ClinicalTrials.gov processed this data on September 16, 2022</field><field name='link_text'>Link to the current ClinicalTrials.gov record.</field><field name='url'>https://clinicaltrials.gov/show/NCT00000302</field><field name='id_info'>
    </field><field name='org_study_id'>NIDA-09260-5</field><field name='nct_id'>NCT00000302</field><field name='brief_title'>Study Comparing Liquid and Tablet Buprenorphine Formulations - 5</field><field name='official_title'>Expanded Steady-State Pharmacokinetic Study, Comparing Liquid and Tablet Buprenorphine Formulations</field><field name='sponsors'>
    </field><field name='lead_sponsor'>
      </field><field name='agency'>National Institute on Drug Abuse (NIDA)</field><field name='agency_class'>NIH</field><field name='source'>National Institute on Drug Abuse (NIDA)</field><field name='brief_summary'>
    </field><field name='textblock'>
      The purpose of this study is to compare liquid and tablet buprenorphine formulations.
    </field><field name='textblock'>
      Participants were inducted on either liquid or tablet buprenorphine, in a double-blind,
      double-dummy manner. They each reached a steady state by the second week, and were scheduled
      to have blood draws in weeks 3, 4, 7, 8, 11, 12, 15, and 16.
    </field><field name='textblock'>
        Inclusion Criteria:

        M/F ages 21-50. Opiate dependence according to DSM-IV criteria. Currently enrolled in the
        outpatient protocol comparing liquid and tablet formulations of Buprenorphine. Agreeable to
        conditions of study and signed informed consent.

        Exclusion Criteria:

        Psychiatric disorder that requires medication therapy. History of seizures. Pregnant and/or
        nursing women. Dependence on ETOH or benzodiazepines or other sedative-hypnotics. Acute
        hepatitis. Other medical conditions that deem participation to be unsafe.
      </field><field name='overall_status'>Completed</field><field name='phase'>Phase 3</field><field name='study_type'>Interventional</field><field name='has_expanded_access'>No</field><field name='study_design_info'>
    </field><field name='primary_purpose'>Treatment</field><field name='masking'>Double</field><field name='primary_outcome'>
    </field><field name='primary_outcome'>
    </field><field name='primary_outcome'>
    </field><field name='measure'>Drug use</field><field name='measure'>Retention</field><field name='measure'>Drug craving</field><field name='enrollment'>0</field><field name='condition'>Heroin Dependence</field><field name='intervention'>
    </field><field name='intervention_type'>Drug</field><field name='intervention_name'>Buprenorphine</field><field name='eligibility'>
    </field><field name='criteria'>
      </field><field name='gender'>All</field><field name='minimum_age'>21 Years</field><field name='maximum_age'>50 Years</field></doc></add>