<add><doc><field name='clinical_study'>
  
  </field><field name='required_header'>
    </field><field name='download_date'>ClinicalTrials.gov processed this data on September 16, 2022</field><field name='link_text'>Link to the current ClinicalTrials.gov record.</field><field name='url'>https://clinicaltrials.gov/show/NCT00000323</field><field name='id_info'>
    </field><field name='org_study_id'>NIDA-10753-1</field><field name='nct_id'>NCT00000323</field><field name='brief_title'>Therapeutic Potential of Kappa-Opioids Against Cocaine - 1</field><field name='official_title'>Therapeutic Potential of Kappa-Opioids Against Cocaine</field><field name='sponsors'>
    </field><field name='lead_sponsor'>
      </field><field name='agency'>National Institute on Drug Abuse (NIDA)</field><field name='agency_class'>NIH</field><field name='source'>National Institute on Drug Abuse (NIDA)</field><field name='brief_summary'>
    </field><field name='textblock'>
      The purpose of this study is to characterize the effects of enadoline compared to
      hydromorphone and butorphanol.
    </field><field name='textblock'>
        Inclusion Criteria:

        opiate experienced, healthy

        Exclusion Criteria:

        physical dependence on opioids, barbiturates or alcohol
      </field><field name='overall_status'>Completed</field><field name='start_date'>July 1996</field><field name='completion_date'>December 1998</field><field name='study_type'>Observational</field><field name='has_expanded_access'>No</field><field name='enrollment'>10</field><field name='condition'>Cocaine-Related Disorders</field><field name='eligibility'>
    </field><field name='criteria'>
      </field><field name='gender'>All</field><field name='minimum_age'>21 Years</field><field name='maximum_age'>50 Years</field></doc></add>