<add><doc><field name='clinical_study'>
  
  </field><field name='required_header'>
    </field><field name='download_date'>ClinicalTrials.gov processed this data on September 16, 2022</field><field name='link_text'>Link to the current ClinicalTrials.gov record.</field><field name='url'>https://clinicaltrials.gov/show/NCT00000327</field><field name='id_info'>
    </field><field name='org_study_id'>NIDA-11160-2</field><field name='nct_id'>NCT00000327</field><field name='brief_title'>Buprenorphine/Naloxone Treatment for Opioid Dependence-Experiment I(2) - 2</field><field name='official_title'>Buprenorphine/Naloxone Treatment for Opioid Dependence-Experiment I(2)</field><field name='sponsors'>
    </field><field name='lead_sponsor'>
      </field><field name='agency'>University of Colorado, Denver</field><field name='agency'>National Institute on Drug Abuse (NIDA)</field><field name='agency_class'>Other</field><field name='agency_class'>NIH</field><field name='source'>University of Colorado, Denver</field><field name='brief_summary'>
    </field><field name='textblock'>
      The purpose of this study is to compare the clinical efficacy of daily vs. 3-day (MWF)
      buprenorphine/naloxone combination tablet administration and determine whether outcomes are
      improved when using a 3-day schedule in which all doses are ingested at the clinic vs. one in
      which take-home doses are given on intervening days.
    </field><field name='textblock'>
      Mon/Wed/Fri dosing with the 8 mg buprenorphine/naloxone tablet is as safe and effective as
      daily dosing and is preferred by patients to daily dosing. Multiple doses of the combination
      tablet (e.g. 16mg, 24mg) are well tolerated by patients. A 3 day schedule with take-outs is
      as effective as a 3-day schedule in which all medication is ingested at the clinic
    </field><field name='textblock'>
        Inclusion Criteria:

        Individual must be currently dependent and meet FDA criteria for narcotic maintenance
        treatment. Co-morbid substance abuse or dependence disorders may also be present.
        Individuals must be healthy despite drug dependency.

        Exclusion Criteria:

        Individuals with evidence of an active Diagnostic and Statistical Manual of Mental
        Disorders (DSM-IV) Axis I psychiatric disorder (e.g., psychosis, manic-depressive illness,
        organic psychiatric disorders), significant medical illness (e.g. liver or cardiovascular
        disease) or pregnant female subjects are excluded from study participation.
      </field><field name='overall_status'>Withdrawn</field><field name='start_date'>June 1997</field><field name='completion_date'>August 1997</field><field name='primary_completion_date'>August 1997</field><field name='phase'>Phase 2</field><field name='study_type'>Interventional</field><field name='has_expanded_access'>No</field><field name='study_design_info'>
    </field><field name='intervention_model'>Crossover Assignment</field><field name='primary_purpose'>Treatment</field><field name='masking'>Double</field><field name='primary_outcome'>
    </field><field name='primary_outcome'>
    </field><field name='primary_outcome'>
    </field><field name='primary_outcome'>
    </field><field name='primary_outcome'>
    </field><field name='measure'>Drug use</field><field name='measure'>Retention</field><field name='measure'>Compliance</field><field name='measure'>Dosing schedule preferences</field><field name='measure'>Analog rating scale for dosing schedule effects</field><field name='enrollment'>0</field><field name='condition'>Heroin Dependence</field><field name='condition'>Opioid-Related Disorders</field><field name='intervention'>
    </field><field name='intervention_type'>Drug</field><field name='intervention_name'>Heroin Dependence</field><field name='eligibility'>
    </field><field name='criteria'>
      </field><field name='gender'>All</field><field name='minimum_age'>18 Years</field><field name='maximum_age'>62 Years</field></doc></add>