<add><doc><field name='clinical_study'>
  
  </field><field name='required_header'>
    </field><field name='download_date'>ClinicalTrials.gov processed this data on September 16, 2022</field><field name='link_text'>Link to the current ClinicalTrials.gov record.</field><field name='url'>https://clinicaltrials.gov/show/NCT00000419</field><field name='id_info'>
    </field><field name='org_study_id'>U01 AR42540 NIAMS-028A</field><field name='nct_id'>NCT00000419</field><field name='brief_title'>Safety of Estrogens in Lupus: Hormone Replacement Therapy</field><field name='official_title'>Safety of Estrogens in Lupus Erythematosus - National Assessment (SELENA): Hormone Replacement Therapy</field><field name='sponsors'>
    </field><field name='lead_sponsor'>
      </field><field name='agency'>NYU Langone Health</field><field name='agency'>National Institute of Arthritis and Musculoskeletal and Skin Diseases (NIAMS)</field><field name='agency'>Office of Research on Women's Health (ORWH)</field><field name='agency_class'>Other</field><field name='agency_class'>NIH</field><field name='agency_class'>NIH</field><field name='source'>NYU Langone Health</field><field name='brief_summary'>
    </field><field name='textblock'>
      Safety of Estrogens in Lupus Erythematosus - National Assessment (SELENA) is a study to test
      whether postmenopausal women with systemic lupus erythematosus (SLE, or lupus) can safely use
      the hormone estrogen. In this part of the study, we will look at the effects of estrogen
      replacement therapy on the activity and severity of disease in women with SLE.
    </field><field name='textblock'>
      This study tests the effect of exogenous female hormones on disease activity and severity in
      women with systemic lupus erythematosus (SLE). Physicians generally do not prescribe hormone
      replacement therapy (HRT) to women with SLE because of the widely held view that such
      treatment can activate SLE. This practice is based on the greater incidence of SLE in women
      than in men, biologic abnormalities of estrogen metabolism, murine models of lupus, several
      anecdotes of patients having disease flares while receiving exogenous hormones, and a single
      retrospective study in patients with preexisting renal disease. By contrast, recent
      retrospective studies suggest that the rate of flare is not significantly increased in
      patients taking HRT.

      We will examine, in a multicenter, randomized, double-blind, placebo-controlled trial, the
      effect of hormonal replacement with conjugated estrogens on disease activity in
      postmenopausal women with SLE. We will recruit patients from clinics and private practices
      that include over 4,000 women with SLE, most belonging to minority groups.

      We will give patients hormones for 1 year.

      NOTE: This trial has been terminated as of August 2002 upon recommendation of the Data Safety
      Monitoring Board (DSMB), based on the findings of the WHI Trial. Study subjects have
      discontinued study drug but will continue followup visits to study doctors through May 2003
    </field><field name='textblock'>
        Inclusion Criteria:

          -  Female

          -  Unequivocal diagnosis of SLE

          -  Inactive disease or stable on 0.5 mg/kg/day or less of prednisone

          -  Chemical evidence of menopause or have stopped periods for at least 6 months

        Exclusion Criteria:

          -  Blood pressure >145/95 on three occasions

          -  Deep vein, arterial thrombosis or pulmonary embolus

          -  GPL >40; MPL >40; APL >50; dRVVT >37 sec

          -  APL antibody syndrome ever

          -  Gynecologic or breast cancer

          -  Hepatic dysfunction or liver tumors

          -  Diabetes mellitus (NOT due to steroids) with vascular disease

          -  Congenital hyperlipidemia

          -  Complicated migraine

          -  Severe disease activity (SLEDAI >12)

          -  Increase in SLEDAI >2 points in 3 months

          -  Unexplained vaginal bleeding

          -  Use of estrogen (HRT or OCP) for >1 month at any time after SLE diagnosis

          -  FSH <40

          -  Premenopausal myocardial infarction
      </field><field name='overall_status'>Terminated</field><field name='start_date'>April 1996</field><field name='completion_date'>August 2002</field><field name='phase'>Phase 3</field><field name='study_type'>Interventional</field><field name='study_design_info'>
    </field><field name='allocation'>Randomized</field><field name='intervention_model'>Single Group Assignment</field><field name='primary_purpose'>Treatment</field><field name='masking'>Double</field><field name='enrollment'>350</field><field name='condition'>Systemic Lupus Erythematosus</field><field name='intervention'>
    </field><field name='intervention_type'>Drug</field><field name='intervention_name'>Premarin and Provera</field><field name='eligibility'>
    </field><field name='criteria'>
      </field><field name='gender'>Female</field><field name='minimum_age'>18 Years</field><field name='maximum_age'>85 Years</field></doc></add>