<add><doc><field name='clinical_study'>
  
  </field><field name='required_header'>
    </field><field name='download_date'>ClinicalTrials.gov processed this data on September 16, 2022</field><field name='link_text'>Link to the current ClinicalTrials.gov record.</field><field name='url'>https://clinicaltrials.gov/show/NCT00000438</field><field name='id_info'>
    </field><field name='org_study_id'>NIAAAMCC11855</field><field name='nct_id'>NCT00000438</field><field name='brief_title'>Naltrexone Treatment for Alcoholism</field><field name='official_title'>Naltrexone Treatment for Alcoholism: Predicting Outcome</field><field name='sponsors'>
    </field><field name='lead_sponsor'>
      </field><field name='agency'>Johns Hopkins University</field><field name='agency'>National Institute on Alcohol Abuse and Alcoholism (NIAAA)</field><field name='agency_class'>Other</field><field name='agency_class'>NIH</field><field name='source'>Johns Hopkins University</field><field name='oversight_info'>
    </field><field name='brief_summary'>
    </field><field name='textblock'>
      This study will evaluate the effectiveness of the medication naltrexone (Revia) for treating
      alcoholism. Individuals will be inpatients for a 2 week period and provide assessments of
      their alcohol withdrawal symptoms, craving, and mood. Following hospital discharge,
      individuals will be assigned randomly to receive naltrexone daily, naltrexone twice a day or
      a placebo. This part of the study will last 12 weeks, with regular measurements of drinking
      level, craving and mood. Assessments will be conducted 6 and 12 months after the beginning of
      the study.
    </field><field name='textblock'>
        Inclusion Criteria:

          -  Meets criteria for alcohol dependence.

          -  Committed to alcohol abstinence as a treatment goal.

          -  Individuals will be required to identify two family members or close friends who are
             knowledgeable about their location, drinking behavior, and psychosocial status.

        Exclusion Criteria:

          -  Meets criteria for any other psychoactive substance use disorder (excluding nicotine
             and caffeine).

          -  Meets criteria for a major psychiatric disorder and are in need of or currently
             undergoing pharmacotherapy.

          -  Females who are pregnant, lactating, or not using a reliable method of contraception.

          -  Currently experiencing a serious medical condition that would place them at risk or
             interfere with study participation.

          -  Experiencing acute hepatitis or liver failure or whose liver function test is more
             than 3 times normal.

          -  Have a history of severe allergies, multiple adverse drug reactions or known allergy
             to naltrexone.

          -  Vocabulary below the 5th grade reading level.

          -  Abnormal MRI scan.

          -  HIV infection due to the neurological sequelae.

          -  Significant central nervous system diseases.

          -  Seizure disorder or history of closed head trauma.

          -  Neuroendocrine disorders.

          -  Treatment with opiates within the last six months.
      </field><field name='overall_status'>Completed</field><field name='completion_date'>March 2003</field><field name='phase'>Phase 4</field><field name='study_type'>Interventional</field><field name='has_expanded_access'>No</field><field name='study_design_info'>
    </field><field name='allocation'>Randomized</field><field name='primary_purpose'>Treatment</field><field name='enrollment'>192</field><field name='condition'>Alcoholism</field><field name='intervention'>
    </field><field name='intervention_type'>Drug</field><field name='intervention_name'>naltrexone (Revia)</field><field name='eligibility'>
    </field><field name='criteria'>
      </field><field name='gender'>All</field><field name='minimum_age'>30 Years</field><field name='maximum_age'>55 Years</field></doc></add>