<add><doc><field name='clinical_study'>
  
  </field><field name='required_header'>
    </field><field name='download_date'>ClinicalTrials.gov processed this data on September 16, 2022</field><field name='link_text'>Link to the current ClinicalTrials.gov record.</field><field name='url'>https://clinicaltrials.gov/show/NCT00000486</field><field name='id_info'>
    </field><field name='org_study_id'>5</field><field name='nct_id'>NCT00000486</field><field name='brief_title'>Unstable Angina Pectoris Trial</field><field name='sponsors'>
    </field><field name='lead_sponsor'>
      </field><field name='agency'>National Heart, Lung, and Blood Institute (NHLBI)</field><field name='agency_class'>NIH</field><field name='source'>National Heart, Lung, and Blood Institute (NHLBI)</field><field name='brief_summary'>
    </field><field name='textblock'>
      To compare the efficacy of medical or surgical (coronary artery bypass graft) therapy with
      regard to survival and quality of life in patients with unstable angina and requisite
      coronary anatomy as defined by angiography.
    </field><field name='textblock'>
      BACKGROUND:

      Angina pectoris is a symptomatic condition of attacks of chest pain, often debilitating. It
      is caused by a decreased supply of blood to the heart, such as that which might occur in
      coronary artery disease. The usual treatment of angina pectoris is designed to relieve the
      symptoms. It includes avoidance of activities that produce the discomfort and the use of
      nitroglycerin and beta blocking drugs. Soon after the introduction of coronary bypass
      surgery, many doctors enthusiastically adopted this approach in treating patients with
      unstable angina.

      In 1972, emphasizing that there was no definitive evidence showing the superiority of
      intensive medical management or coronary bypass surgery in determining mortality and
      morbidity in patients hospitalized with unstable angina, some of the participating groups in
      the NHLBI Myocardial Infarction Research Units developed a cooperative clinical trial to
      compare these medical and surgical approaches to therapy.

      From 1972 through 1976, 288 patients were entered into this randomized clinical trial. One
      hundred forty-seven patients received intensive pharmacological medical therapy, and 141
      comparable patients underwent coronary artery bypass surgery. Careful follow-up studies were
      performed on patients in both groups, in-hospital and during the post-hospital phase. These
      studies included, apart from routine physical examinations, resting electrocardiograms, chest
      x-ray films, and grade exercise tolerance tests at six months and twelve months.

      DESIGN NARRATIVE:

      Randomized, non-blind, sequential design with a control group and an experimental group. The
      patients in the experimental group were treated with coronary bypass surgery. Patients in the
      control group received intensive medical management. Endpoints were mortality and morbidity
      measures, such as incidence of myocardial infarction and persistence of angina.
    </field><field name='textblock'>
        Men and women, ages 21 to 65. Angina pectoris (class III or class IV) at rest or with
        minimal exercise.
      </field><field name='overall_status'>Completed</field><field name='start_date'>January 1972</field><field name='completion_date'>January 1980</field><field name='phase'>Phase 3</field><field name='study_type'>Interventional</field><field name='has_expanded_access'>No</field><field name='study_design_info'>
    </field><field name='allocation'>Randomized</field><field name='primary_purpose'>Treatment</field><field name='condition'>Angina, Unstable</field><field name='condition'>Cardiovascular Diseases</field><field name='condition'>Coronary Disease</field><field name='condition'>Heart Diseases</field><field name='condition'>Myocardial Ischemia</field><field name='intervention'>
    </field><field name='intervention_type'>Procedure</field><field name='intervention_name'>coronary artery bypass</field><field name='eligibility'>
    </field><field name='criteria'>
      </field><field name='gender'>All</field><field name='minimum_age'>21 Years</field><field name='maximum_age'>65 Years</field></doc></add>