<add><doc><field name='clinical_study'>
  
  </field><field name='required_header'>
    </field><field name='download_date'>ClinicalTrials.gov processed this data on September 16, 2022</field><field name='link_text'>Link to the current ClinicalTrials.gov record.</field><field name='url'>https://clinicaltrials.gov/show/NCT00000518</field><field name='id_info'>
    </field><field name='org_study_id'>37</field><field name='nct_id'>NCT00000518</field><field name='brief_title'>Electrophysiologic Study Versus Electrocardiographic Monitoring (ESVEM)</field><field name='sponsors'>
    </field><field name='lead_sponsor'>
      </field><field name='agency'>University of Utah</field><field name='agency'>National Heart, Lung, and Blood Institute (NHLBI)</field><field name='agency_class'>Other</field><field name='agency_class'>NIH</field><field name='source'>University of Utah</field><field name='brief_summary'>
    </field><field name='textblock'>
      To determine whether electrophysiologic study (EPS) or Holter monitoring (HM) was the better
      method for selecting effective long-term antiarrhythmic drug therapy in patients with
      sustained ventricular tachycardia, ventricular fibrillation, or an episode of aborted sudden
      death.
    </field><field name='textblock'>
      BACKGROUND:

      There had been no prospective, randomized studies that compared the accuracy of EPS versus HM
      in guiding long-term drug therapy for ventricular tachycardia or ventricular fibrillation.
      Success had been reported using both techniques. Using a rigorous ECG monitoring protocol in
      patients, a less than five percent per year incidence of sudden death had been reported.
      Several investigators reported that the results of electropharmacologic testing were
      predictive of clinical response. One of the largest studies, by Mason and Winkle, reported
      that, in 51 patients with recurrent ventricular tachycardia who were treated with drugs
      predicted to be effective based on the results of electropharmacologic testing, ventricular
      tachycardia did not recur in 68 percent at 18 months of follow-up. In contrast, ventricular
      tachycardia did not recur in only 11 percent of patients treated with drugs predicted to be
      ineffective.

      Two prior studies had compared, in a non-randomized fashion, the predictive accuracy of EPS
      and HM in treating patients with ventricular tachycardia/ ventricular fibrillation. A
      retrospective analysis of 44 patients with ventricular tachycardia/ventricular fibrillation
      who underwent both HM and EPS was performed in which the elimination of ventricular
      tachycardia on the HM and the suppression of ventricular tachycardia induced during
      programmed stimulation was the therapeutic goal. The positive and negative predictive value
      of EPS was found to be 88 percent and 94 percent, respectively. The corresponding values for
      ECG monitoring were found to be 70 percent and 50 percent, respectively. It was concluded
      that EPS provided a higher degree of accuracy than HM in predicting the long-term clinical
      response to drug therapy, over a mean follow-up of 18 months. However, in this study the
      criterion for judging efficacy by HM was a liberal one and involved only the elimination of
      ventricular tachycardia.

      A second study examined the results of HM in 19 patients with ventricular tachycardia who
      were treated based on EPS. Among eight patients, in whom inducible ventricular tachycardia
      was suppressed during electrophysiologic testing, six had no change or worsening of premature
      ventricular contractions on the HM. These patients had a benign follow-up despite the
      continued presence of frequent or complex ventricular ectopy. It was concluded that EPS was
      superior to HM in predicting successful drug therapy.

      Existing data suggested that both electrophysiologic testing and Holter monitoring might be
      effective techniques for determining effective drug therapy for ventricular
      tachycardia/ventricular fibrillation. However, there was not enough data available to assess
      which technique was more effective. A prospective, randomized comparison of the two
      techniques would be a very significant contribution which could potentially have a major
      impact on the medical community.

      DESIGN NARRATIVE:

      Randomized, fixed sample, multicenter trial conducted at 14 institutions. Patients meeting
      clinical criteria underwent Holter monitoring. Those having an average of 30 premature
      ventricular contractions per hour underwent EPS. Those having inducible ventricular
      tachycardia were randomized into an EPS arm or to a Holter exercise treadmill arm of drug
      testing. Each patient received, in random sequences, up to six antiarrhythmic drugs. When an
      effective drug was found, patients underwent a predischarge HM and exercise test. Follow-up
      continued for one year after the last subject had been randomized. The primary endpoint in
      the trial was time to arrhythmia recurrence during therapy with a drug predicted to be
      effective by either EPS or HM.
    </field><field name='textblock'>
        Men and women with documented ventricular tachycardia and those resuscitated from sudden
        death.
      </field><field name='overall_status'>Completed</field><field name='start_date'>July 1985</field><field name='completion_date'>December 1992</field><field name='phase'>Phase 3</field><field name='study_type'>Interventional</field><field name='has_expanded_access'>No</field><field name='study_design_info'>
    </field><field name='allocation'>Randomized</field><field name='primary_purpose'>Treatment</field><field name='condition'>Arrhythmia</field><field name='condition'>Cardiovascular Diseases</field><field name='condition'>Death, Sudden, Cardiac</field><field name='condition'>Heart Diseases</field><field name='condition'>Tachycardia, Ventricular</field><field name='condition'>Ventricular Arrhythmia</field><field name='condition'>Ventricular Fibrillation</field><field name='intervention'>
    </field><field name='intervention'>
    </field><field name='intervention'>
    </field><field name='intervention'>
    </field><field name='intervention'>
    </field><field name='intervention'>
    </field><field name='intervention'>
    </field><field name='intervention_type'>Procedure</field><field name='intervention_type'>Procedure</field><field name='intervention_type'>Drug</field><field name='intervention_type'>Drug</field><field name='intervention_type'>Drug</field><field name='intervention_type'>Drug</field><field name='intervention_type'>Drug</field><field name='intervention_name'>electrophysiology</field><field name='intervention_name'>electrocardiography, ambulatory</field><field name='intervention_name'>imipramine</field><field name='intervention_name'>mexiletine</field><field name='intervention_name'>procainamide</field><field name='intervention_name'>quinidine</field><field name='intervention_name'>sotalol</field><field name='eligibility'>
    </field><field name='criteria'>
      </field><field name='gender'>All</field><field name='minimum_age'>18 Years</field><field name='maximum_age'>75 Years</field></doc></add>