<add><doc><field name='clinical_study'>
  
  </field><field name='required_header'>
    </field><field name='download_date'>ClinicalTrials.gov processed this data on September 16, 2022</field><field name='link_text'>Link to the current ClinicalTrials.gov record.</field><field name='url'>https://clinicaltrials.gov/show/NCT00000551</field><field name='id_info'>
    </field><field name='org_study_id'>95</field><field name='nct_id'>NCT00000551</field><field name='brief_title'>Activity Counseling Trial (ACT)</field><field name='sponsors'>
    </field><field name='lead_sponsor'>
      </field><field name='agency'>National Heart, Lung, and Blood Institute (NHLBI)</field><field name='agency_class'>NIH</field><field name='source'>National Heart, Lung, and Blood Institute (NHLBI)</field><field name='brief_summary'>
    </field><field name='textblock'>
      To develop and evaluate the effectiveness of various intervention approaches, delivered in
      primary health-care settings, in increasing and maintaining habitual physical activity and
      cardiorespiratory fitness among sedentary men and women patients.
    </field><field name='textblock'>
      BACKGROUND:

      A conference on physical activity sponsored by the National Heart, Lung, and Blood Institute
      (NHLBI) in August 1991 recommended that one priority area for research should be the
      development and evaluation of interventions for adoption and maintenance of physical activity
      including interventions that can be incorporated into primary care practice. The 1992 NHLBI
      Working Group Report on Primary Prevention of Hypertension identified physical inactivity as
      a risk factor for hypertension. Intervention research applicable to health-care settings is
      particularly important in light of national recommendations advising health-care
      professionals to intervene, including Healthy People 2000, the U.S. Preventive Services Task
      Force reports, and the American Heart Association.

      DESIGN NARRATIVE:

      Randomized, multicenter, demonstration and education study. Men and women primary care
      patients at three sites in Dallas, Palo Alto, and Memphis were randomized to two patient
      education intervention groups or to a standard care control group of physician advice.
      Intervention continued for two years for all participants. The primary outcomes were
      cardiorespiratory fitness and physical activity. Other outcomes were effects on blood
      pressure, lipoproteins, and weight; the long-term maintenance of these effects; and the
      cost-effectiveness of various intervention approaches. Recruitment took 15 months and has
      been completed with the accrual of 874 subjects.

      The National Institute on Aging participated in the ACT through the addition of a measurement
      of arterial stiffness involving approximately 700 patients. The NIA tested the hypothesis
      that increases in physical activity resulting from educational interventions could reduce
      arterial stiffness.
    </field><field name='textblock'>
        Sedentary men and women, free of coronary heart disease, who were patients in primary care
        settings.
      </field><field name='overall_status'>Completed</field><field name='start_date'>September 1994</field><field name='completion_date'>September 2002</field><field name='phase'>Phase 3</field><field name='study_type'>Interventional</field><field name='has_expanded_access'>No</field><field name='study_design_info'>
    </field><field name='allocation'>Randomized</field><field name='primary_purpose'>Prevention</field><field name='condition'>Cardiovascular Diseases</field><field name='condition'>Heart Diseases</field><field name='intervention'>
    </field><field name='intervention_type'>Behavioral</field><field name='intervention_name'>health education</field><field name='eligibility'>
    </field><field name='criteria'>
      </field><field name='gender'>All</field><field name='minimum_age'>35 Years</field><field name='maximum_age'>75 Years</field></doc></add>