<add><doc><field name='clinical_study'>
  
  </field><field name='required_header'>
    </field><field name='download_date'>ClinicalTrials.gov processed this data on September 16, 2022</field><field name='link_text'>Link to the current ClinicalTrials.gov record.</field><field name='url'>https://clinicaltrials.gov/show/NCT00000449</field><field name='id_info'>
    </field><field name='org_study_id'>NIAAAMON7850</field><field name='nct_id'>NCT00000449</field><field name='brief_title'>Behavior and Naltrexone Treatment for Alcoholics</field><field name='official_title'>Coping, Exposure, and Naltrexone Treatment With Alcoholics</field><field name='sponsors'>
    </field><field name='lead_sponsor'>
      </field><field name='agency'>National Institute on Alcohol Abuse and Alcoholism (NIAAA)</field><field name='agency_class'>NIH</field><field name='source'>National Institute on Alcohol Abuse and Alcoholism (NIAAA)</field><field name='brief_summary'>
    </field><field name='textblock'>
      The study's purpose is to improve alcoholism treatment by investigating the combined
      effectiveness of a psychotherapy (Coping Skills Training and Cue Exposure Treatment - CSTCET)
      with naltrexone in a randomized clinical trial. Individuals will receive 2 weeks of CSTCET or
      a control treatment as inpatients followed by 12 consecutive weeks of receiving either
      naltrexone or placebo as outpatients. Followups at 24, 48, and 72 weeks after treatment is
      completed.
    </field><field name='textblock'>
        Inclusion Criteria:

          -  Meets criteria for alcohol dependence.

        Exclusion Criteria:

          -  Current diagnosis of dependence on other substances except nicotine.

          -  A history of psychosis or current psychotic symptoms.

          -  Current suicidality, homocidality, or psychiatric symptoms that require additional
             medication.

          -  Current use of disulfiram (Antabuse).

          -  Evidence of significant cerebral, renal, thyroid, or cardiac disease.

          -  History of opioid abuse in the previous year.

          -  History of cirrhosis, hepatocellular disease, or elevated bilirubin.

          -  Females who are pregnant, nursing, or not using a reliable method of birth control.
      </field><field name='overall_status'>Completed</field><field name='completion_date'>March 2000</field><field name='phase'>Phase 4</field><field name='study_type'>Interventional</field><field name='has_expanded_access'>No</field><field name='study_design_info'>
    </field><field name='allocation'>Randomized</field><field name='intervention_model'>Factorial Assignment</field><field name='primary_purpose'>Treatment</field><field name='enrollment'>160</field><field name='condition'>Alcoholism</field><field name='intervention'>
    </field><field name='intervention'>
    </field><field name='intervention'>
    </field><field name='intervention_type'>Drug</field><field name='intervention_type'>Behavioral</field><field name='intervention_type'>Behavioral</field><field name='intervention_name'>naltrexone (Revia)</field><field name='intervention_name'>cognitive behavioral therapy</field><field name='intervention_name'>cue exposure treatment</field><field name='eligibility'>
    </field><field name='criteria'>
      </field><field name='gender'>All</field><field name='minimum_age'>18 Years</field><field name='maximum_age'>65 Years</field></doc></add>