<add><doc><field name='clinical_study'>
  
  </field><field name='required_header'>
    </field><field name='download_date'>ClinicalTrials.gov processed this data on September 16, 2022</field><field name='link_text'>Link to the current ClinicalTrials.gov record.</field><field name='url'>https://clinicaltrials.gov/show/NCT00000112</field><field name='id_info'>
    </field><field name='org_study_id'>NCRR-M01RR06022-0029</field><field name='nct_id'>NCT00000112</field><field name='brief_title'>Prevalence of Carbohydrate Intolerance in Lean and Obese Children</field><field name='sponsors'>
    </field><field name='lead_sponsor'>
      </field><field name='agency'>National Center for Research Resources (NCRR)</field><field name='agency_class'>NIH</field><field name='source'>National Center for Research Resources (NCRR)</field><field name='brief_summary'>
    </field><field name='textblock'>
      The prevalence of obesity in children is reaching epidemic proportions. Excess adiposity is
      more than just a cosmetic problem, having substantial metabolic consequences. Insulin
      resistance, hyperinsulinemia, impaired glucose tolerance, and frank diabetes are often seen
      in obese children. In this study the prevalence of impaired glucose (carbohydrate) tolerance
      in lean children with a family history of diabetes and obese children with acanthosis
      nigricans with or without a family history of diabetes mellitus will be studied.
    </field><field name='textblock'>
        Inclusion Criteria:

          -  Obesity: BM +/- 95% for age general good health
      </field><field name='overall_status'>Unknown status</field><field name='study_type'>Observational</field><field name='has_expanded_access'>No</field><field name='study_design_info'>
    </field><field name='condition'>Obesity</field><field name='condition'>Glucose Intolerance</field><field name='condition'>Diabetes</field><field name='condition'>Acanthosis Nigricans</field><field name='eligibility'>
    </field><field name='criteria'>
      </field><field name='gender'>All</field><field name='minimum_age'>8 Years</field><field name='maximum_age'>18 Years</field></doc></add>