<add><doc><field name='clinical_study'>
  
  </field><field name='required_header'>
    </field><field name='download_date'>ClinicalTrials.gov processed this data on September 16, 2022</field><field name='link_text'>Link to the current ClinicalTrials.gov record.</field><field name='url'>https://clinicaltrials.gov/show/NCT00000297</field><field name='id_info'>
    </field><field name='org_study_id'>NIDA-09259-14</field><field name='nct_id'>NCT00000297</field><field name='brief_title'>Effects of Labetalol on Nicotine Administration in Humans - 14</field><field name='official_title'>Effects of Labetalol on Nicotine Administration in Humans</field><field name='sponsors'>
    </field><field name='lead_sponsor'>
      </field><field name='agency'>National Institute on Drug Abuse (NIDA)</field><field name='agency'>University of Minnesota</field><field name='agency_class'>NIH</field><field name='agency_class'>Other</field><field name='source'>National Institute on Drug Abuse (NIDA)</field><field name='brief_summary'>
    </field><field name='textblock'>
      The purpose of this study is to investigate the effects of labetalol in response to
      intravenous nicotine
    </field><field name='textblock'>
      The purpose of this study is to determine whether labetalol, an alpha and beta adrenergic
      blocker, will block the subjective and physiological effects of intravenously administered
      nicotine in humans. A total of 12 subjects will participate in the double blind placebo
      controlled, outpatient study. Subjects will have 3 separate experimental sessions 3-9 days
      apart. On each of the experimental sessions, a single oral dose of low (100mg) or high dose
      of labetalol (200mg ), or placebo will be administered. Two hours after labetalol or placebo
      treatment, subjects will receive 15 variance grams nicotine base/kg intravenously. Several
      physiological endocrine and subjective measures will be obtained during the sessions. We
      propose that blockage of adrenergic receptors by labetalol will significantly block the
      physological and subjective effects of nicotine.
    </field><field name='textblock'>
        Inclusion Criteria:

        Male/Female, aged 21-55 years with a smoking history of at least 1 pack of cigarettes daily
        for at least 1 year. In good health as verified by medical history, screening examination,
        and screening laboratory tests.

        Exclusion Criteria:

        History of heart disease, peripheral vascular disease, COPD, any other medical condition
        which physician investigator deems inappropriate for subject participation. Pregnant or
        lactating or not using adequate birth control methods. Use of regular psychotropic
        medication (antidepressants, antipsychotics, or anxiolytics and recent psychiatric
        history). Chronic use of systemic steroids or antihistamines. Abuse of alcohol or any other
        recreational or prescription drug. Regular use of any other tobacco products, including
        smokeless tobacco and nicotine products.
      </field><field name='overall_status'>Completed</field><field name='start_date'>October 1998</field><field name='completion_date'>December 2001</field><field name='phase'>Phase 2</field><field name='study_type'>Interventional</field><field name='has_expanded_access'>No</field><field name='study_design_info'>
    </field><field name='primary_purpose'>Treatment</field><field name='masking'>Double</field><field name='primary_outcome'>
    </field><field name='primary_outcome'>
    </field><field name='measure'>Subjective</field><field name='measure'>Physiologic measures</field><field name='enrollment'>0</field><field name='condition'>Tobacco Use Disorder</field><field name='intervention'>
    </field><field name='intervention_type'>Drug</field><field name='intervention_name'>Labetalol</field><field name='eligibility'>
    </field><field name='criteria'>
      </field><field name='gender'>All</field><field name='minimum_age'>21 Years</field><field name='maximum_age'>55 Years</field></doc></add>