<add><doc><field name='clinical_study'>
  
  </field><field name='required_header'>
    </field><field name='download_date'>ClinicalTrials.gov processed this data on September 16, 2022</field><field name='link_text'>Link to the current ClinicalTrials.gov record.</field><field name='url'>https://clinicaltrials.gov/show/NCT00000609</field><field name='id_info'>
    </field><field name='org_study_id'>112</field><field name='nct_id'>NCT00000609</field><field name='brief_title'>Sudden Cardiac Death in Heart Failure Trial (SCD-HeFT)</field><field name='sponsors'>
    </field><field name='lead_sponsor'>
      </field><field name='agency'>National Heart, Lung, and Blood Institute (NHLBI)</field><field name='agency_class'>NIH</field><field name='source'>National Heart, Lung, and Blood Institute (NHLBI)</field><field name='brief_summary'>
    </field><field name='textblock'>
      To compare conventional treatment of congestive heart failure (CHF) with two experimental
      interventions: amiodarone and an implantable cardioverter-defibrillator (ICD).
    </field><field name='textblock'>
      BACKGROUND:

      Congestive heart failure is a major cause of mortality and morbidity, and sudden arrhythmic
      death is the cause of death in from 30 to 50 percent of those who die. The study addresses
      the problem and tests two interventions that have promise of benefit. To date, many of the
      therapies that have been tested for congestive heart failure have either been ineffective or
      actually decreased survival. Conventional therapy is still relatively ineffective in that
      recent studies such as the Congestive Heart Failure - Survival Trial of Antiarrhythmic
      Therapy (CHF-STAT) have demonstrated a mortality of 40 percent during two-and-half years of
      follow-up. The implantable cardioverter-defibrillator appears to be effective in patients who
      are resuscitated from cardiac arrest, but until recently, the devices required a thoracotomy
      and had to be reserved for patients with the highest risk for sudden death. The newer
      transvenous devices with pectoral patches can now be considered for broader applications.
      Although there have been mixed results with amiodarone in patients with congestive heart
      failure, there is a general consensus that it could be effective in the proper subset of
      patients with congestive heart failure. A comparison of the optimal device and drug is
      appropriate for such a high risk population.

      DESIGN NARRATIVE:

      Three-armed, randomized, multicenter trial conducted at over 125 North American, Australian
      and New Zealand sites. Patients were enrolled over 2.5 years after being randomly assigned to
      amiodarone, matched placebo or an implantable cardiac defibrillator (ICD). Median follow-up
      was 45.5 months. All three arms used conventional therapy for heart failure and coronary
      artery disease (ACE inhibitors, lipid lowering and beta-blockers). The central hypothesis was
      that amiodarone or the ICD would improve survival compared to placebo. The primary outcome
      was the prevention of all-cause mortality. Secondary outcome measures included cardiac
      mortality and arrhythmic mortality, morbidity, quality of life, and incremental
      cost-effectiveness of the interventions.

      The study completion date listed in this record was obtained from the "End Date" entered in
      the Protocol Registration and Results System (PRS) record.
    </field><field name='textblock'>
        Patients with New York Heart Association class II or class III heart failure and ejection
        fraction less than or equal to 35%.
      </field><field name='overall_status'>Completed</field><field name='start_date'>May 1997</field><field name='completion_date'>April 2005</field><field name='phase'>Phase 3</field><field name='study_type'>Interventional</field><field name='has_expanded_access'>No</field><field name='study_design_info'>
    </field><field name='allocation'>Randomized</field><field name='primary_purpose'>Treatment</field><field name='condition'>Arrhythmia</field><field name='condition'>Cardiovascular Diseases</field><field name='condition'>Death, Sudden, Cardiac</field><field name='condition'>Heart Diseases</field><field name='condition'>Heart Failure, Congestive</field><field name='condition'>Heart Failure</field><field name='intervention'>
    </field><field name='intervention'>
    </field><field name='intervention_type'>Drug</field><field name='intervention_type'>Device</field><field name='intervention_name'>amiodarone</field><field name='intervention_name'>defibrillators, implantable</field><field name='eligibility'>
    </field><field name='criteria'>
      </field><field name='gender'>All</field><field name='minimum_age'>19 Years</field><field name='maximum_age'>90 Years</field></doc></add>