<add><doc><field name='clinical_study'>
  
  </field><field name='required_header'>
    </field><field name='download_date'>ClinicalTrials.gov processed this data on September 16, 2022</field><field name='link_text'>Link to the current ClinicalTrials.gov record.</field><field name='url'>https://clinicaltrials.gov/show/NCT00000557</field><field name='id_info'>
    </field><field name='org_study_id'>101</field><field name='nct_id'>NCT00000557</field><field name='brief_title'>Enhancing Recovery in Coronary Heart Disease (ENRICHD) Patients</field><field name='sponsors'>
    </field><field name='lead_sponsor'>
      </field><field name='agency'>National Heart, Lung, and Blood Institute (NHLBI)</field><field name='agency_class'>NIH</field><field name='source'>National Heart, Lung, and Blood Institute (NHLBI)</field><field name='brief_summary'>
    </field><field name='textblock'>
      To evaluate the effect of psychosocial intervention on mortality and reinfarction in coronary
      heart disease patients at high psychosocial risk.
    </field><field name='textblock'>
      BACKGROUND:

      As medical treatments for coronary heart disease have become more sophisticated, they have
      also become more costly. Evidence concerning the effects of medical and rehabilitative
      therapies on post-myocardial infarction patients' quality of life, including return to work
      and to normal levels of functioning, has been mixed. At the same time. recent data suggest
      that psychosocial factors, such as social isolation and depression, are important predictors
      of morbidity and mortality in coronary heart disease patients. These studies suggest that
      interventions which provide psychological support to myocardial infarction patients may
      enhance both the psychosocial and physical recovery of these patients. To the extent that
      supportive interventions can be shown to impact favorably on survival and health-related
      quality of life in myocardial infarction patients, the human and financial costs associated
      with coronary heart disease can be reduced. The initiative originated in the Working Group on
      Psychosocial Interventions which met in June 1992.

      The initiative was given concept clearance by the October 1993 National Heart, Lung, and
      Blood Advisory Council. The Request for Proposals was released in September 1994.

      DESIGN NARRATIVE:

      The study design compared a psychosocial intervention group, in which patients were provided
      with social and psychological treatment designed to decrease social isolation and depression,
      with a standard medical care group. The combined endpoint was death and reinfarction,
      measured for up to 4.5 years following hospital discharge. Secondary endpoints included
      assessment of health quality of life (HQL).

      The protocol was approved in May 1996. Recruitment began in October 1996 and ended on October
      31, 1999 with 2,481 patients enrolled.
    </field><field name='textblock'>
        Men and women coronary heart disease/myocardial infarction patients, hospitalized for
        enzyme-documented MI and who are depressed and/or have low social support. Patients must be
        enrolled with 28 days of the index MI.
      </field><field name='overall_status'>Completed</field><field name='start_date'>September 1995</field><field name='completion_date'>September 2005</field><field name='primary_completion_date'>September 2005</field><field name='phase'>Phase 3</field><field name='study_type'>Interventional</field><field name='has_expanded_access'>No</field><field name='study_design_info'>
    </field><field name='primary_purpose'>Prevention</field><field name='condition'>Cardiovascular Diseases</field><field name='condition'>Coronary Disease</field><field name='condition'>Depression</field><field name='condition'>Heart Diseases</field><field name='condition'>Myocardial Infarction</field><field name='condition'>Myocardial Ischemia</field><field name='intervention'>
    </field><field name='intervention_type'>Behavioral</field><field name='intervention_name'>social support</field><field name='eligibility'>
    </field><field name='criteria'>
      </field><field name='gender'>All</field><field name='minimum_age'>18 Years</field><field name='maximum_age'>75 Years</field></doc></add>