<add><doc><field name='clinical_study'>
  
  </field><field name='required_header'>
    </field><field name='download_date'>ClinicalTrials.gov processed this data on September 16, 2022</field><field name='link_text'>Link to the current ClinicalTrials.gov record.</field><field name='url'>https://clinicaltrials.gov/show/NCT00000346</field><field name='id_info'>
    </field><field name='org_study_id'>NIDA-3-0010-11</field><field name='nct_id'>NCT00000346</field><field name='brief_title'>Cognitive Correlates of Substance Abuse - 11</field><field name='official_title'>Cognitive Correlates of Substance Abuse, Part 1</field><field name='sponsors'>
    </field><field name='lead_sponsor'>
      </field><field name='agency'>National Institute on Drug Abuse (NIDA)</field><field name='agency_class'>NIH</field><field name='source'>National Institute on Drug Abuse (NIDA)</field><field name='brief_summary'>
    </field><field name='textblock'>
      The purpose of this study is to characterize the cognitive performance of methamphetamine
      abusers by comparing them with cocaine abusers and normal controls.
    </field><field name='textblock'>
        Inclusion Criteria:

        M/F . Meet DSM-IV criteria for cocaine or methamphetamine dependence. Agree to conditions
        of the study and sign informed consent.
      </field><field name='overall_status'>Unknown status</field><field name='phase'>Phase 4</field><field name='study_type'>Interventional</field><field name='has_expanded_access'>No</field><field name='study_design_info'>
    </field><field name='primary_purpose'>Treatment</field><field name='enrollment'>80</field><field name='condition'>Amphetamine-Related Disorders</field><field name='intervention'>
    </field><field name='intervention_type'>Behavioral</field><field name='intervention_name'>counseling</field><field name='eligibility'>
    </field><field name='criteria'>
      </field><field name='gender'>All</field><field name='minimum_age'>N/A</field><field name='maximum_age'>N/A</field></doc></add>