<add><doc><field name='clinical_study'>
  
  </field><field name='required_header'>
    </field><field name='download_date'>ClinicalTrials.gov processed this data on September 16, 2022</field><field name='link_text'>Link to the current ClinicalTrials.gov record.</field><field name='url'>https://clinicaltrials.gov/show/NCT00000219</field><field name='id_info'>
    </field><field name='org_study_id'>NIDA-06969-1</field><field name='nct_id'>NCT00000219</field><field name='brief_title'>Buprenorphine Dose Alteration Study - 1</field><field name='official_title'>Buprenorphine Dose Alteration Study</field><field name='sponsors'>
    </field><field name='lead_sponsor'>
      </field><field name='agency'>University of Vermont</field><field name='agency'>National Institute on Drug Abuse (NIDA)</field><field name='agency_class'>Other</field><field name='agency_class'>NIH</field><field name='source'>University of Vermont</field><field name='brief_summary'>
    </field><field name='textblock'>
      The purpose of this study is to examine the effects in buprenorphine dose alterations in
      opioid dependent individuals being maintained on buprenorphine.
    </field><field name='textblock'>
        Please contact site for information.
      </field><field name='overall_status'>Completed</field><field name='start_date'>December 1991</field><field name='completion_date'>July 2001</field><field name='phase'>Phase 1</field><field name='study_type'>Interventional</field><field name='has_expanded_access'>No</field><field name='study_design_info'>
    </field><field name='primary_purpose'>Treatment</field><field name='masking'>Double</field><field name='primary_outcome'>
    </field><field name='primary_outcome'>
    </field><field name='primary_outcome'>
    </field><field name='primary_outcome'>
    </field><field name='primary_outcome'>
    </field><field name='primary_outcome'>
    </field><field name='primary_outcome'>
    </field><field name='primary_outcome'>
    </field><field name='measure'>Opioid withdrawal</field><field name='measure'>Subjective dose estimate</field><field name='measure'>Drug effect characteristics: ARCI</field><field name='measure'>Physiological changes in: pupil diameter</field><field name='measure'>Physiological changes in: blood pressure</field><field name='measure'>Physiological changes in: heart rate</field><field name='measure'>Physiological changes in: respiration</field><field name='measure'>Physiological changes in: skin temperature</field><field name='enrollment'>0</field><field name='condition'>Opioid-Related Disorders</field><field name='intervention'>
    </field><field name='intervention_type'>Drug</field><field name='intervention_name'>Buprenorphine</field><field name='eligibility'>
    </field><field name='criteria'>
      </field><field name='gender'>Male</field><field name='minimum_age'>19 Years</field><field name='maximum_age'>41 Years</field></doc></add>