<add><doc><field name='clinical_study'>
  
  </field><field name='required_header'>
    </field><field name='download_date'>ClinicalTrials.gov processed this data on September 16, 2022</field><field name='link_text'>Link to the current ClinicalTrials.gov record.</field><field name='url'>https://clinicaltrials.gov/show/NCT00000558</field><field name='url'>http://www.bsc.gwu.edu/peace/</field><field name='id_info'>
    </field><field name='org_study_id'>102</field><field name='nct_id'>NCT00000558</field><field name='brief_title'>Prevention of Events With Angiotensin-Converting Enzyme Inhibitor Therapy (PEACE)</field><field name='sponsors'>
    </field><field name='lead_sponsor'>
      </field><field name='agency'>National Heart, Lung, and Blood Institute (NHLBI)</field><field name='agency_class'>NIH</field><field name='source'>National Heart, Lung, and Blood Institute (NHLBI)</field><field name='brief_summary'>
    </field><field name='textblock'>
      To determine whether the addition of angiotensin converting enzyme (ACE) inhibitor to
      standard therapy in patients with known coronary artery disease and preserved left
      ventricular function will prevent cardiovascular mortality and reduce the risk of myocardial
      infarction.
    </field><field name='textblock'>
      BACKGROUND:

      Individuals with coronary artery disease are at heightened risk for major cardiovascular
      events. With current advances, a larger segment of our population is manifesting coronary
      artery disease at a more advanced age. The majority of these individuals have preserved left
      ventricular function. Prior studies with converting enzyme inhibitor (CEI) therapy in
      patients with depressed ejection fraction have demonstrated that their long-term
      administration leads to improved survival and reduced risk of myocardial infarction over and
      above conventional therapy. There is sufficient rationale and experience to indicate that
      these benefits will apply to the larger group of individuals with coronary artery disease and
      preserved left ventricular function and therefore have even broader public health
      implications. A definitive trial is needed to assess the capacity of CEI therapy to prevent
      mortality and reduce the risk of myocardial infarction in patients with coronary disease and
      preserved left ventricular function.

      The initiative was proposed by the former Clinical Trials Branch staff and given concept
      clearance at the May 1994 National Heart, Lung, and Blood Advisory Council. The Request for
      Proposals was released in October 1994.

      DESIGN NARRATIVE:

      A multicenter, randomized clinical trial. There are approximately 180 centers in the United
      States, Canada, Puerto Rico, and Italy. Patients are randomly assigned to treatment groups in
      which the addition of the angiotensin-converting enzyme (ACE) inhibitor trandolapril is
      compared to standard therapy. The primary endpoint includes a reduction in the incidence of
      cardiovascular death, nonfatal myocardial infarction, or the need for coronary
      revascularization (PTCA or CABG) in coronary artery disease patients with left ventricular
      ejection fraction of 40 percent or more. Secondary endpoints include the incidence of
      hospitalization for the management of either unstable angina, congestive heart failure,
      stroke, or cardiac arrhythmia. Recruitment started in November 1996 and ended in June 2000
      with a minimum follow-up of five years.
    </field><field name='textblock'>
        Men and women patients at least 50 years of age with coronary heart disease documented by
        angiography and a left ventricular ejection fraction of 40 percent or more.
      </field><field name='overall_status'>Completed</field><field name='start_date'>November 1995</field><field name='completion_date'>June 2005</field><field name='primary_completion_date'>June 2005</field><field name='phase'>Phase 3</field><field name='study_type'>Interventional</field><field name='has_expanded_access'>No</field><field name='study_design_info'>
    </field><field name='allocation'>Randomized</field><field name='primary_purpose'>Prevention</field><field name='masking'>Double</field><field name='description'>Related Info</field><field name='condition'>Cardiovascular Diseases</field><field name='condition'>Coronary Disease</field><field name='condition'>Heart Diseases</field><field name='condition'>Myocardial Infarction</field><field name='condition'>Myocardial Ischemia</field><field name='intervention'>
    </field><field name='intervention_type'>Drug</field><field name='intervention_name'>angiotensin-converting enzyme inhibitors</field><field name='description'>Related Info</field><field name='eligibility'>
    </field><field name='criteria'>
      </field><field name='gender'>All</field><field name='minimum_age'>50 Years</field><field name='maximum_age'>100 Years</field></doc></add>