<add><doc><field name='clinical_study'>
  
  </field><field name='required_header'>
    </field><field name='download_date'>ClinicalTrials.gov processed this data on September 16, 2022</field><field name='link_text'>Link to the current ClinicalTrials.gov record.</field><field name='url'>https://clinicaltrials.gov/show/NCT00000376</field><field name='id_info'>
    </field><field name='org_study_id'>R21MH052737</field><field name='nct_id'>NCT00000376</field><field name='brief_title'>Cognitive and Drug Therapy for Drug-Resistant Depression</field><field name='sponsors'>
    </field><field name='lead_sponsor'>
      </field><field name='agency'>University of Pennsylvania</field><field name='agency'>National Institute of Mental Health (NIMH)</field><field name='agency_class'>Other</field><field name='agency_class'>NIH</field><field name='source'>University of Pennsylvania</field><field name='brief_summary'>
    </field><field name='textblock'>
      To develop an effective combined cognitive therapy (CT) plus drug treatment for patients with
      drug-resistant depression (DRD) (i.e., depression that is refractory to medication). To
      develop a manual for combined treatment for DRD that integrates three existing forms of CT
      (CT for depression, CT for personality disorders, and CT for anxiety disorders), and that
      specifies interventions for combining CT and medication when two therapists (psychotherapist
      and pharmacotherapist) provide the treatment. To obtain outpatient, randomized control, pilot
      data on the clinical value of the combined CT plus drug treatment, using the standard
      antidepressant desipramine (DMI), to obtain effect sizes and to determine if the treatment
      merits further investigation in a clinical trial. To develop a therapist adherence measure
      for the combined treatment.

      Patients receive 1 of 2 treatments: CT plus DMI (n = 18) or DMI plus Clinical Management (n =
      12). The first 6 of the 18 CT plus DMI patients are treated in a pre-pilot phase before
      randomization begins. All treatments continue for 6 months. The major assessment battery is
      administered at intake, 3 months, 6 months, and follow-up 6 months later. All treatments are
      closely monitored via audiotapes and supervision for purposes of developing and refining the
      CT plus drug treatment. The audiotapes are also used for development of the adherence
      measure. The primary outcome measures are Hamilton Rating Scale for Depression scores, Beck
      Depression Inventory scores, percent of patients who achieve clinical remission of symptoms,
      and percent showing attrition from treatment. Compliance with the treatment regimens is also
      a targeted and measured outcome variable.
    </field><field name='textblock'>
      To develop an effective combined cognitive therapy (CT) plus drug treatment for patients with
      drug-resistant depression (DRD) (i.e., depression that is refractory to medication). To
      develop a manual for combined treatment for DRD that integrates three existing forms of CT
      (CT for depression, CT for personality disorders, and CT for anxiety disorders), and that
      specifies interventions for combining CT and medication when two therapists (psychotherapist
      and pharmacotherapist) provide the treatment. To obtain outpatient, randomized control, pilot
      data on the clinical value of the combined CT plus drug treatment, using the standard
      antidepressant desipramine (DMI), to obtain effect sizes and to determine if the treatment
      merits further investigation in a clinical trial. To develop a therapist adherence measure
      for the combined treatment.

      Patients receive 1 of 2 treatments: CT plus DMI (n = 18) or DMI plus Clinical Management (n =
      12). The first 6 of the 18 CT plus DMI patients are treated in a pre-pilot phase before
      randomization begins. All treatments continue for 6 months. The major assessment battery is
      administered at intake, 3 months, 6 months, and follow-up 6 months later. All treatments are
      closely monitored via audiotapes and supervision for purposes of developing and refining the
      CT plus drug treatment. The audiotapes are also used for development of the adherence
      measure. The primary outcome measures are Hamilton Rating Scale for Depression scores, Beck
      Depression Inventory scores, percent of patients who achieve clinical remission of symptoms,
      and percent showing attrition from treatment. Compliance with the treatment regimens is also
      a targeted and measured outcome variable.
    </field><field name='textblock'>
        Inclusion Criteria:

        -

        Patients must have:

        Drug-resistant depression (DRD).
      </field><field name='overall_status'>Completed</field><field name='start_date'>March 1996</field><field name='completion_date'>February 1999</field><field name='phase'>N/A</field><field name='study_type'>Interventional</field><field name='has_expanded_access'>No</field><field name='study_design_info'>
    </field><field name='allocation'>Randomized</field><field name='primary_purpose'>Treatment</field><field name='condition'>Depression</field><field name='condition'>Anxiety Disorders</field><field name='condition'>Personality Disorders</field><field name='condition'>Drug-resistant Depression</field><field name='intervention'>
    </field><field name='intervention'>
    </field><field name='intervention_type'>Behavioral</field><field name='intervention_type'>Drug</field><field name='intervention_name'>Cognitive therapy</field><field name='intervention_name'>Desipramine</field><field name='eligibility'>
    </field><field name='criteria'>
      </field><field name='gender'>All</field><field name='minimum_age'>21 Years</field><field name='maximum_age'>60 Years</field></doc></add>