<add><doc><field name='clinical_study'>
  
  </field><field name='required_header'>
    </field><field name='download_date'>ClinicalTrials.gov processed this data on September 16, 2022</field><field name='link_text'>Link to the current ClinicalTrials.gov record.</field><field name='url'>https://clinicaltrials.gov/show/NCT00000217</field><field name='id_info'>
    </field><field name='org_study_id'>NIDA-06954-1</field><field name='nct_id'>NCT00000217</field><field name='brief_title'>Pharmacotherapy and Intensive Treatment of Drug Abuse - 1</field><field name='official_title'>Pharmacotherapy and Intensive Treatment of Drug Abuse</field><field name='sponsors'>
    </field><field name='lead_sponsor'>
      </field><field name='agency'>University of Kansas</field><field name='agency'>National Institute on Drug Abuse (NIDA)</field><field name='agency'>US Department of Veterans Affairs</field><field name='agency_class'>Other</field><field name='agency_class'>NIH</field><field name='agency_class'>U.S. Fed</field><field name='source'>University of Kansas Medical Center</field><field name='brief_summary'>
    </field><field name='textblock'>
      The purpose of this study is to evaluate desipramine and carbamazepine in reducing cocaine
      craving; increase outpatient treatment capacity and evaluate their incidence of psychiatric
      disorders.
    </field><field name='textblock'>
        Please contact site for information.
      </field><field name='overall_status'>Completed</field><field name='start_date'>September 1990</field><field name='primary_completion_date'>October 1996</field><field name='phase'>Phase 2</field><field name='study_type'>Interventional</field><field name='has_expanded_access'>No</field><field name='study_design_info'>
    </field><field name='primary_purpose'>Treatment</field><field name='primary_outcome'>
    </field><field name='primary_outcome'>
    </field><field name='primary_outcome'>
    </field><field name='primary_outcome'>
    </field><field name='primary_outcome'>
    </field><field name='measure'>Drug use</field><field name='measure'>Effectiveness of medication</field><field name='measure'>Level of pharm</field><field name='measure'>Retention</field><field name='measure'>Depression, anxiety</field><field name='condition'>Cocaine-Related Disorders</field><field name='condition'>Substance-Related Disorders</field><field name='intervention'>
    </field><field name='intervention_type'>Drug</field><field name='intervention_name'>Carbamazepine</field><field name='eligibility'>
    </field><field name='criteria'>
      </field><field name='gender'>All</field><field name='minimum_age'>18 Years</field><field name='maximum_age'>60 Years</field></doc></add>