<add><doc><field name='clinical_study'>
  
  </field><field name='required_header'>
    </field><field name='download_date'>ClinicalTrials.gov processed this data on September 16, 2022</field><field name='link_text'>Link to the current ClinicalTrials.gov record.</field><field name='url'>https://clinicaltrials.gov/show/NCT00000374</field><field name='id_info'>
    </field><field name='org_study_id'>R01MH060004-01</field><field name='nct_id'>NCT00000374</field><field name='brief_title'>Treatment for First-Episode Schizophrenia</field><field name='official_title'>Preventing Morbidity in First-Episode Schizophrenia</field><field name='sponsors'>
    </field><field name='lead_sponsor'>
      </field><field name='agency'>Northwell Health</field><field name='agency'>National Institute of Mental Health (NIMH)</field><field name='agency'>The Zucker Hillside Hospital</field><field name='agency_class'>Other</field><field name='agency_class'>NIH</field><field name='agency_class'>Other</field><field name='source'>Northwell Health</field><field name='oversight_info'>
    </field><field name='brief_summary'>
    </field><field name='textblock'>
      This 3-year study will determine if the antipsychotic medications olanzapine (Zyprexa�) and
      risperidone (Risperdal�) can help patients with first-episode schizophrenia.
    </field><field name='textblock'>
      The goal of the study is to prevent morbidity in first-episode schizophrenia using
      second-generation antipsychotic drugs: olanzapine, risperidone.

      Long-term studies of first-episode schizophrenia patients have clearly indicated excellent
      initial responsiveness of positive psychotic symptoms to treatment with conventional
      antipsychotic medications. However, in the years immediately following this initial good
      response, morbidity increases. Relapses, often multiple ones, are the rule and are usually
      precipitated by medication noncompliance. There is some evidence that the second-generation
      antipsychotic drugs may have superior efficacy in terms of these outcome domains. However,
      these newer agents have been studied primarily in chronic and/or treatment-resistant patient
      samples and there are virtually no long-term studies or studies comparing the new drugs with
      one another.

      First episode patients are randomly assigned to treatment with olanzapine or risperidone for
      3 years. Outcome measures for the initial episode include psychopathology (positive,
      negative, and affective symptoms), side effects, neurocognition (executive function, memory,
      and attention), social and occupational function and service utilization. The effects on
      long-term course are measured in terms of frequency and timing of relapses, level of recovery
      from subsequent episodes and prospectively assessed course of psychopathology, neurocognitive
      function, social/vocational function, and service utilization.

      For information on a related study, please follow this link:

      http://clinicaltrials.gov/show/NCT00320671
    </field><field name='textblock'>
        Inclusion Criteria:

          -  First episode schizophrenia, schizophreniform disorder or schizoaffective disorder

        Exclusion Criteria:

          -  Prior treatment with antipsychotic medications.
      </field><field name='overall_status'>Completed</field><field name='start_date'>September 1998</field><field name='completion_date'>May 2007</field><field name='primary_completion_date'>May 2007</field><field name='phase'>Phase 4</field><field name='study_type'>Interventional</field><field name='has_expanded_access'>No</field><field name='study_design_info'>
    </field><field name='allocation'>Randomized</field><field name='intervention_model'>Parallel Assignment</field><field name='primary_purpose'>Treatment</field><field name='masking'>Single (Outcomes Assessor)</field><field name='primary_outcome'>
    </field><field name='measure'>Treatment response</field><field name='time_frame'>8 consecutive weeks</field><field name='description'>The dosage for Olanzapine will be 2.5 mg to 20mg per day. The dose of the Olanzapine will be based on the participant's clinical improvement and side effects.</field><field name='description'>The dosage for Risperidone will be 1 mg to 6mg per day. The dose of the Risperidone will be based on the participant's clinical improvement and side effects.</field><field name='enrollment'>125</field><field name='condition'>Schizophrenia</field><field name='intervention'>
    </field><field name='intervention'>
    </field><field name='intervention_type'>Drug</field><field name='intervention_type'>Drug</field><field name='intervention_name'>Olanzapine</field><field name='intervention_name'>Risperidone</field><field name='description'>The dosage for Olanzapine will be 2.5 mg to 20mg per day. The dose of the Olanzapine will be based on the participant's clinical improvement and side effects.</field><field name='description'>The dosage for Risperidone will be 1 mg to 6mg per day. The dose of the Risperidone will be based on the participant's clinical improvement and side effects.</field><field name='eligibility'>
    </field><field name='criteria'>
      </field><field name='gender'>All</field><field name='minimum_age'>16 Years</field><field name='maximum_age'>40 Years</field></doc></add>