<add><doc><field name='clinical_study'>
  
  </field><field name='required_header'>
    </field><field name='download_date'>ClinicalTrials.gov processed this data on September 16, 2022</field><field name='link_text'>Link to the current ClinicalTrials.gov record.</field><field name='url'>https://clinicaltrials.gov/show/NCT00000235</field><field name='id_info'>
    </field><field name='org_study_id'>NIDA-06969-17</field><field name='nct_id'>NCT00000235</field><field name='brief_title'>Alternate Day Buprenorphine Administration, Phase XII - 17</field><field name='official_title'>Alternate Day Buprenorphine Administration, Phase XII</field><field name='sponsors'>
    </field><field name='lead_sponsor'>
      </field><field name='agency'>National Institute on Drug Abuse (NIDA)</field><field name='agency'>University of Vermont</field><field name='agency_class'>NIH</field><field name='agency_class'>Other</field><field name='source'>National Institute on Drug Abuse (NIDA)</field><field name='brief_summary'>
    </field><field name='textblock'>
      The purpose of this study is to determine if six times daily buprenorphine dose is effective
      in achieving 120 hour buprenorphine dosing.
    </field><field name='textblock'>
        Please contact site for information.
      </field><field name='overall_status'>Completed</field><field name='phase'>Phase 2</field><field name='study_type'>Interventional</field><field name='has_expanded_access'>No</field><field name='study_design_info'>
    </field><field name='intervention_model'>Crossover Assignment</field><field name='primary_purpose'>Treatment</field><field name='primary_outcome'>
    </field><field name='primary_outcome'>
    </field><field name='primary_outcome'>
    </field><field name='primary_outcome'>
    </field><field name='measure'>Drug use</field><field name='measure'>Opioid withdrawal</field><field name='measure'>Opioid agonist effects</field><field name='measure'>Dose choice</field><field name='enrollment'>0</field><field name='condition'>Opioid-Related Disorders</field><field name='intervention'>
    </field><field name='intervention_type'>Drug</field><field name='intervention_name'>Buprenorphine</field><field name='eligibility'>
    </field><field name='criteria'>
      </field><field name='gender'>All</field><field name='minimum_age'>18 Years</field><field name='maximum_age'>N/A</field></doc></add>