<add><doc><field name='clinical_study'>
  
  </field><field name='required_header'>
    </field><field name='download_date'>ClinicalTrials.gov processed this data on September 16, 2022</field><field name='link_text'>Link to the current ClinicalTrials.gov record.</field><field name='url'>https://clinicaltrials.gov/show/NCT00000383</field><field name='id_info'>
    </field><field name='org_study_id'>R10MH055963</field><field name='nct_id'>NCT00000383</field><field name='brief_title'>Treatment of Post-Traumatic Stress Disorder (PTSD) in Sexually Abused Children</field><field name='official_title'>Treatment of PTSD in Sexually Abused Children</field><field name='sponsors'>
    </field><field name='lead_sponsor'>
      </field><field name='agency'>Allegheny Singer Research Institute (also known as Allegheny Health Network Research Institute)</field><field name='agency'>National Institute of Mental Health (NIMH)</field><field name='agency'>University of Medicine and Dentistry of New Jersey</field><field name='agency_class'>Other</field><field name='agency_class'>NIH</field><field name='agency_class'>Other</field><field name='source'>Allegheny Singer Research Institute (also known as Allegheny Health Network Research Institute)</field><field name='oversight_info'>
    </field><field name='brief_summary'>
    </field><field name='textblock'>
      The purpose of this study is to compare the effectiveness of two psychological therapies used
      to treat PTSD in children who have recently been sexually abused: Trauma-Focused Cognitive
      Behavioral Therapy (TF-CBT) vs Child Centered Therapy (CCT).

      Child sexual abuse is a common experience that has serious mental health consequences,
      including the development of PTSD and other abuse-related problems.

      All children will be assigned randomly (like tossing a coin) to receive either SAS-CBT or NST
      at each of two sites. In addition, the parents and the child will receive individual therapy
      for 12 weeks. The child will be monitored to evaluate his/her response to therapy.
      Assessments will take place before and just following treatment, and then 6 and 12 months
      post-treatment.

      A child may be eligible for this study if he/she:

      Has been sexually abused, is suffering from PTSD as a result of the abuse, and is 8 to 14
      years old.
    </field><field name='textblock'>
      To evaluate the comparative efficacy of Trauma-Focused Cognitive Behavioral Therapy (TF-CBT)
      vs Child Centered Therapy (CCT) in decreasing symptoms of Post-Traumatic Stress Disorder
      (PTSD) following recent sexual abuse.

      Child sexual abuse is a common experience that has serious mental health consequences,
      including the development of PTSD and other abuse-related and general psychopathological
      symptoms.

      Patients are randomly assigned to receive either TF-CBT or CCT at each of two sites, and will
      be provided with 12 weeks of individual therapy for children and parents. Treatment is
      monitored for compliance with the respective treatment models through intensive supervision,
      audiotaping of sessions, rating of sessions with use of adherence checklists, and independent
      blind rating of audiotapes. Treatment outcome is evaluated through the use of several self-,
      parent-, and teacher-report standardized instruments, administered at pre- and
      post-treatment, and follow-up evaluations at 6 and 12 months. The project also assesses
      differential treatment impact by gender and ethnicity, and attempts to evaluate the impact of
      specific components of the treatment process in mediating treatment outcome. Specifically,
      the project evaluates the differential effectiveness of the two treatment modalities in
      improving the subject's abuse-related attributions and perceptions, parenting practices,
      familial adaptability and cohesiveness, parent support, and parental emotional reaction to
      the abuse, and the impact of improving these variables on treatment outcome.
    </field><field name='textblock'>
        Inclusion Criteria:

        -

        Patients must have:

          1. Post-Traumatic Stress Disorder (PTSD) symptoms (at least 5 with at least one symptom
             in each of 3 PTSD clusters) related to sexual abuse

          2. Confirmed child sexual abuse history

          3. Speak English

          4. Parent willing to participate in treatment

        Exclusion Criteria:

          1. Active psychotic disorder resulting in inability to participate in CBT

          2. Active substance abuse disorder that resulted in significant impairment 3 Serious
             developmental disorder precluding participation in CBT

        4) If on psychotropic medication, not on stable dose for at least 4 weeks 5) Receiving
        ongoing psychotherapy outside of study
      </field><field name='overall_status'>Completed</field><field name='start_date'>September 1997</field><field name='completion_date'>September 2002</field><field name='primary_completion_date'>September 2001</field><field name='phase'>N/A</field><field name='study_type'>Interventional</field><field name='has_expanded_access'>No</field><field name='study_design_info'>
    </field><field name='allocation'>Randomized</field><field name='intervention_model'>Parallel Assignment</field><field name='primary_purpose'>Treatment</field><field name='masking'>Double (Investigator, Outcomes Assessor)</field><field name='primary_outcome'>
    </field><field name='measure'>PTSD</field><field name='measure'>Depression</field><field name='measure'>Anxiety</field><field name='measure'>Maldaptive Cognitions</field><field name='measure'>Shame</field><field name='measure'>Parent depression</field><field name='measure'>Parent Emotional Distress</field><field name='measure'>Parental Support</field><field name='measure'>Positive Parenting Practices</field><field name='time_frame'>12 weeks; 6- and 12- month follow-up</field><field name='time_frame'>12 weeks; 6- and 12-month follow up</field><field name='time_frame'>12 weeks; 6 and 12-month follow-up</field><field name='time_frame'>12 weeks; 6 and 12 month follow-up</field><field name='time_frame'>12 weeks; 6 and 12 month follow up</field><field name='time_frame'>12 weeks; 6 and 12 month follow up</field><field name='time_frame'>12 weeks; 6 and 12 month follow up</field><field name='time_frame'>12 weeks; 6 and 12 month follow up</field><field name='time_frame'>12 weeks; 6 and 12 month follow up</field><field name='description'>Change in child PTSD total PTSD symptoms, PTSD cluster symptoms, PTSD diagnosis as measured by the K-SADS-PL</field><field name='description'>Change in child depressive symptoms measured by the Child Depression Inventory</field><field name='description'>Change in child anxiety symptoms measured by State Trait Anxiety Inventory</field><field name='description'>Change in maladaptive trauma-related cognitions measured by the Children'sAttributions and Perceptions Scale</field><field name='description'>Change in child shame measured by SHAME scale</field><field name='description'>Change in parental depression measured by Beck Depression Inventory</field><field name='description'>Change in parental distress related to child's abuse measured by Parental Emotional Reaction Questionnaire</field><field name='description'>Change in parental support of child measured by Parental Support Questionnaire</field><field name='description'>Change in positive parenting measured by Parenting Practices Questionnaire</field><field name='description'>Trauma -Focused CBT provides 12 sessions (45 minutes child, 45 minutes parent) of CBT treatment. This includes therapist-directed trauma-focused skills training, exposure, parenting, conjoint parent-child sessions, and safety component provided to child and parent.</field><field name='description'>Child Centered Therapy provides 12 sessions (45 minutes child, 45 minutes parent) of supportive interventions. This includes client-directed activities focused on the needs and interests of the child or parent, respectively.</field><field name='description'>Structured skills, exposure, trauma-specific interventions</field><field name='description'>Client-directed supportive interventions</field><field name='number_of_arms'>2</field><field name='enrollment'>229</field><field name='condition'>Stress Disorders, Post-Traumatic</field><field name='arm_group'>
    </field><field name='arm_group'>
    </field><field name='arm_group_label'>Trauma-Focused CBT</field><field name='arm_group_label'>Child Centered Therapy</field><field name='arm_group_label'>Trauma-Focused CBT</field><field name='arm_group_label'>Child Centered Therapy</field><field name='arm_group_type'>Experimental</field><field name='arm_group_type'>Active Comparator</field><field name='intervention'>
    </field><field name='intervention'>
    </field><field name='intervention_type'>Behavioral</field><field name='intervention_type'>Behavioral</field><field name='intervention_name'>Trauma-Focused CBT</field><field name='intervention_name'>Child-Centered Therapy</field><field name='description'>Change in child PTSD total PTSD symptoms, PTSD cluster symptoms, PTSD diagnosis as measured by the K-SADS-PL</field><field name='description'>Change in child depressive symptoms measured by the Child Depression Inventory</field><field name='description'>Change in child anxiety symptoms measured by State Trait Anxiety Inventory</field><field name='description'>Change in maladaptive trauma-related cognitions measured by the Children'sAttributions and Perceptions Scale</field><field name='description'>Change in child shame measured by SHAME scale</field><field name='description'>Change in parental depression measured by Beck Depression Inventory</field><field name='description'>Change in parental distress related to child's abuse measured by Parental Emotional Reaction Questionnaire</field><field name='description'>Change in parental support of child measured by Parental Support Questionnaire</field><field name='description'>Change in positive parenting measured by Parenting Practices Questionnaire</field><field name='description'>Trauma -Focused CBT provides 12 sessions (45 minutes child, 45 minutes parent) of CBT treatment. This includes therapist-directed trauma-focused skills training, exposure, parenting, conjoint parent-child sessions, and safety component provided to child and parent.</field><field name='description'>Child Centered Therapy provides 12 sessions (45 minutes child, 45 minutes parent) of supportive interventions. This includes client-directed activities focused on the needs and interests of the child or parent, respectively.</field><field name='description'>Structured skills, exposure, trauma-specific interventions</field><field name='description'>Client-directed supportive interventions</field><field name='arm_group_label'>Trauma-Focused CBT</field><field name='arm_group_label'>Child Centered Therapy</field><field name='arm_group_label'>Trauma-Focused CBT</field><field name='arm_group_label'>Child Centered Therapy</field><field name='eligibility'>
    </field><field name='criteria'>
      </field><field name='gender'>All</field><field name='minimum_age'>8 Years</field><field name='maximum_age'>14 Years</field></doc></add>