<add><doc><field name='clinical_study'>
  
  </field><field name='required_header'>
    </field><field name='download_date'>ClinicalTrials.gov processed this data on September 16, 2022</field><field name='link_text'>Link to the current ClinicalTrials.gov record.</field><field name='url'>https://clinicaltrials.gov/show/NCT00000179</field><field name='url'>http://www.alzheimers.org/</field><field name='id_info'>
    </field><field name='org_study_id'>IA0003</field><field name='nct_id'>NCT00000179</field><field name='brief_title'>Agitation in Alzheimer's Disease</field><field name='sponsors'>
    </field><field name='lead_sponsor'>
      </field><field name='agency'>National Institute on Aging (NIA)</field><field name='agency_class'>NIH</field><field name='source'>National Institute on Aging (NIA)</field><field name='brief_summary'>
    </field><field name='textblock'>
      Agitation affects 70 to 90 percent of patients with AD. Signs of agitation include verbal and
      physical aggressiveness, irritability, wandering, and restlessness. These behaviors often
      make caring for patients at home very difficult. Trazodone and haldol are two of the most
      commonly prescribed drugs for agitation in AD patients. Behavior management, a non drug
      approach, has been effective in reducing signs of agitation. Researchers have yet to compare
      the effectiveness of drug versus non drug therapy to treat agitation in AD patients and
      determine which is the best treatment. The Alzheimer's Disease Cooperative Study, with
      funding from the National Institute on Aging, is conducting an agitation treatment program at
      21 sites in 16 States. This study will assess which of the above treatments is most
      effective.
    </field><field name='textblock'>
        Inclusion Criteria:

          -  Memory problem consistent with a probable diagnosis of Alzheimer's disease (AD)

          -  Agitation symptoms for at least the past 2 weeks

          -  Patient has caregiver who can participate

          -  Patient lives in the same household as the caregiver
      </field><field name='overall_status'>Completed</field><field name='phase'>Phase 3</field><field name='study_type'>Interventional</field><field name='has_expanded_access'>No</field><field name='study_design_info'>
    </field><field name='allocation'>Randomized</field><field name='primary_purpose'>Treatment</field><field name='masking'>Double</field><field name='description'>The Alzheimer's Disease Education and Referral (ADEAR) Center is a service of the National Institute on Aging (NIA)</field><field name='condition'>Alzheimer Disease</field><field name='intervention'>
    </field><field name='intervention'>
    </field><field name='intervention_type'>Drug</field><field name='intervention_type'>Drug</field><field name='intervention_name'>Trazodone</field><field name='intervention_name'>Haloperidol</field><field name='description'>The Alzheimer's Disease Education and Referral (ADEAR) Center is a service of the National Institute on Aging (NIA)</field><field name='eligibility'>
    </field><field name='criteria'>
      </field><field name='gender'>All</field><field name='minimum_age'>50 Years</field><field name='maximum_age'>N/A</field></doc></add>