<add><doc><field name='clinical_study'>
  
  </field><field name='required_header'>
    </field><field name='download_date'>ClinicalTrials.gov processed this data on September 16, 2022</field><field name='link_text'>Link to the current ClinicalTrials.gov record.</field><field name='url'>https://clinicaltrials.gov/show/NCT00000581</field><field name='id_info'>
    </field><field name='org_study_id'>301</field><field name='nct_id'>NCT00000581</field><field name='brief_title'>Granulocyte Transfusion Study</field><field name='sponsors'>
    </field><field name='lead_sponsor'>
      </field><field name='agency'>National Heart, Lung, and Blood Institute (NHLBI)</field><field name='agency_class'>NIH</field><field name='source'>National Heart, Lung, and Blood Institute (NHLBI)</field><field name='brief_summary'>
    </field><field name='textblock'>
      To evaluate granulocyte transfusion therapy with respect to its prophylactic and therapeutic
      effectiveness to prevent and aid recovery from infection. The study trials were conducted
      simultaneously.
    </field><field name='textblock'>
      BACKGROUND:

      Infection remains a major cause of death in patients receiving chemotherapy for malignant
      diseases. One approach to the problem of septicemia and high mortality in these patients was
      the therapeutic use of granulocyte transfusions. Improvements in collection techniques,
      employing continuous flow centrifugation, permitted the collection of granulocytes from a
      single, normal donor in sufficient numbers to study their application in the treatment of
      infections in granulocytopenic patients. Studies had demonstrated the efficacy of granulocyte
      transfusions as an adjunct in the therapy of septicemia due to gram negative microorganisms
      associated with granulocytopenia.

      The aims of the study were to determine (1) whether infections could be prevented in patients
      who received granulocytes prophylactically and (2) whether recovery from infection was aided
      in patients who received granulocytes therapeutically. Both trials utilized controls who
      received no granulocytes.

      Four contracts were awarded in September 1976. The protocol designed to evaluate the efficacy
      of prophylactic granulocyte transfusions was completed at the close of 1977. The protocol for
      the therapeutic trial was completed in April 1978. Approximately 90 patients were randomized
      in the prophylactic trial and 51 in the therapeutic trial. The Recruitment and Intervention
      Phase ended in February 1980. The trial has concluded.

      DESIGN NARRATIVE:

      Prophylactic Trial and Therapeutic Trial: randomized, non-blind, sequential. Eligible
      patients were randomized to daily granulocyte transfusions or no granulocyte transfusions.

      The study completion date listed in this record was inferred from the first publication
      listed in the Citations section of this study record.
    </field><field name='textblock'>
        Prophylactic Trial: males and females, 12 years or older, who were in the first induction
        phase of chemotherapy for acute leukemia, who had severe neutropenia, and who did not have
        documented infection.

        Therapeutic Trial: males and females, any
      </field><field name='overall_status'>Completed</field><field name='start_date'>September 1976</field><field name='completion_date'>September 1981</field><field name='phase'>Phase 3</field><field name='study_type'>Interventional</field><field name='has_expanded_access'>No</field><field name='study_design_info'>
    </field><field name='allocation'>Randomized</field><field name='primary_purpose'>Prevention</field><field name='condition'>Blood Transfusion</field><field name='condition'>Infection</field><field name='intervention'>
    </field><field name='intervention_type'>Procedure</field><field name='intervention_name'>leukocyte transfusions</field><field name='eligibility'>
    </field><field name='criteria'>
      </field><field name='gender'>All</field><field name='minimum_age'>12 Years</field><field name='maximum_age'>N/A</field></doc></add>