<add><doc><field name='clinical_study'>
  
  </field><field name='required_header'>
    </field><field name='download_date'>ClinicalTrials.gov processed this data on September 16, 2022</field><field name='link_text'>Link to the current ClinicalTrials.gov record.</field><field name='url'>https://clinicaltrials.gov/show/NCT00000523</field><field name='id_info'>
    </field><field name='org_study_id'>42</field><field name='nct_id'>NCT00000523</field><field name='brief_title'>Optimal Exercise Regimens for Persons at Increased Risk</field><field name='sponsors'>
    </field><field name='lead_sponsor'>
      </field><field name='agency'>National Heart, Lung, and Blood Institute (NHLBI)</field><field name='agency_class'>NIH</field><field name='source'>National Heart, Lung, and Blood Institute (NHLBI)</field><field name='brief_summary'>
    </field><field name='textblock'>
      To assess exercise training adherence and compliance over two years in subjects who were at
      relatively high risk for coronary artery disease. Also, to test strategies for improving
      adherence and compliance and to assess the effect of exercise training.
    </field><field name='textblock'>
      BACKGROUND:

      Regular physical exercise is associated with lower coronary heart disease mortality,
      favorably affects coronary risk factors, and increases cardiovascular functional capacity.
      Fewer than one-third of Americans engage in regular physical exercise and only 20 percent of
      men and 10 percent of women over age 45 do so. This is largely because effective strategies
      for increasing the exercise habit in a broadly-based segment of Americans have not been
      developed. This study applied physiological and behavioral knowledge derived in numerous
      laboratories over the past 10-15 years to a clinical setting.

      DESIGN NARRATIVE:

      Following stratification by gender and cigarette smoking status, subjects were randomized to
      one of four groups: home exercise of moderate intensity which was individually monitored;
      home exercise of high intensity which was individually monitored; exercise of high intensity
      which was group supervised; and a no program control group. The intervention program was
      conducted for one year followed by a one-year maintenance program. Main outcome measures
      included treadmill exercise test performance, exercise participation rates, and heart disease
      risk factors. Variables measured over two years included plasma lipids, lipoproteins,
      apoproteins, lipase activity, glucose and insulin, sex hormones, cardiovascular reactivity to
      psychological stress, cigarette smoking, nutrient intake, psychological status, and
      cardiovascular functional capacity.
    </field><field name='textblock'>
        Sedentary men and women, ages 50 to 65. Women were postmenopausal and not taking hormone
        replacement therapy. All subjects were free from, but at increased risk for, coronary heart
        disease.
      </field><field name='overall_status'>Completed</field><field name='start_date'>April 1986</field><field name='phase'>Phase 2</field><field name='study_type'>Interventional</field><field name='has_expanded_access'>No</field><field name='study_design_info'>
    </field><field name='allocation'>Randomized</field><field name='primary_purpose'>Prevention</field><field name='condition'>Cardiovascular Diseases</field><field name='condition'>Coronary Disease</field><field name='condition'>Heart Diseases</field><field name='condition'>Myocardial Ischemia</field><field name='intervention'>
    </field><field name='intervention_type'>Behavioral</field><field name='intervention_name'>exercise</field><field name='eligibility'>
    </field><field name='criteria'>
      </field><field name='gender'>All</field><field name='minimum_age'>50 Years</field><field name='maximum_age'>65 Years</field></doc></add>