<add><doc><field name='clinical_study'>
  
  </field><field name='required_header'>
    </field><field name='download_date'>ClinicalTrials.gov processed this data on September 16, 2022</field><field name='link_text'>Link to the current ClinicalTrials.gov record.</field><field name='url'>https://clinicaltrials.gov/show/NCT00000290</field><field name='id_info'>
    </field><field name='org_study_id'>NIDA-09259-7</field><field name='nct_id'>NCT00000290</field><field name='brief_title'>Stress Hormones and Human Cocaine Use - 7</field><field name='official_title'>Stress Hormones and Human Cocaine Use</field><field name='sponsors'>
    </field><field name='lead_sponsor'>
      </field><field name='agency'>National Institute on Drug Abuse (NIDA)</field><field name='agency'>University of Minnesota</field><field name='agency_class'>NIH</field><field name='agency_class'>Other</field><field name='source'>National Institute on Drug Abuse (NIDA)</field><field name='brief_summary'>
    </field><field name='textblock'>
      The purpose of this study is to determine the HPA axis and adrenergic system activation in
      response to cocaine administration.
    </field><field name='textblock'>
      The goal of this study was to investigate the role of sympathetic-adrenal medullary (SAM) and
      hy0pothalamo-pituitary-adrenal (HPA) systems in mediating the addictive effects of cocaine. A
      toal of 6 male subjects were enrolled for this 5 day inpatient study. Subjects were assigned
      to either cocaine (32mg /70kg iv) or placebo (saline iv) treatment during the first
      experimental sessions and were crossed over to the alternative treatment during the second
      experimental session. Endpoints that were followed during the experimental sessions included
      neuroendocrine (serum epinephrine, norepinephrine and cortisol levels), physological (heart
      rate/blood pressure, EKG) and subjective measures (Beck Depression Inventory, Craving
      Questionnaire). We hypothesized that cocaine administration would lead to increased blood
      levels of norpinephrine, epinephrine and cortisol in cocaine dependent subjects.
    </field><field name='textblock'>
        Inclusion Criteria:

        Males between the ages of 20-45. History of smoked or intravenous cocaine use on the
        average of at least once a week over a 6 month period. Current history of good health and
        normal EKG.

        Exclusion Criteria:

        History of suicide attempt, bipolar disorder, schizophrenia, or generalized anxiety
        disorder. Current problem with major depressive disorder. Current use of alcohol or other
        drugs on a daily basis. History of major medical illnesses. Currently on parole, probation
        or a legal history of violence. Treatment for chemical dependency within the past 6 months.
        History of sensitivity to tricyclic compounds or other prescription drugs. Use of any
        psychotropic drugs including MAOIs in the past 6 months.
      </field><field name='overall_status'>Completed</field><field name='start_date'>May 1997</field><field name='completion_date'>December 2001</field><field name='phase'>Phase 1</field><field name='study_type'>Interventional</field><field name='has_expanded_access'>No</field><field name='study_design_info'>
    </field><field name='intervention_model'>Crossover Assignment</field><field name='primary_purpose'>Treatment</field><field name='masking'>Double</field><field name='primary_outcome'>
    </field><field name='primary_outcome'>
    </field><field name='measure'>Physiological measures</field><field name='measure'>Biochemical</field><field name='enrollment'>0</field><field name='condition'>Cocaine-Related Disorders</field><field name='intervention'>
    </field><field name='intervention_type'>Drug</field><field name='intervention_name'>Cocaine</field><field name='eligibility'>
    </field><field name='criteria'>
      </field><field name='gender'>Male</field><field name='minimum_age'>20 Years</field><field name='maximum_age'>45 Years</field></doc></add>