<add><doc><field name='clinical_study'>
  
  </field><field name='required_header'>
    </field><field name='download_date'>ClinicalTrials.gov processed this data on September 16, 2022</field><field name='link_text'>Link to the current ClinicalTrials.gov record.</field><field name='url'>https://clinicaltrials.gov/show/NCT00000253</field><field name='id_info'>
    </field><field name='org_study_id'>NIDA-08391-5</field><field name='nct_id'>NCT00000253</field><field name='brief_title'>Effects of Nitrous Oxide: A Dose-Response Analysis - 5</field><field name='official_title'>Effects of Nitrous Oxide: A Dose-Response Analysis</field><field name='sponsors'>
    </field><field name='lead_sponsor'>
      </field><field name='agency'>University of Chicago</field><field name='agency'>National Institute on Drug Abuse (NIDA)</field><field name='agency_class'>Other</field><field name='agency_class'>NIH</field><field name='source'>University of Chicago</field><field name='brief_summary'>
    </field><field name='textblock'>
      The purpose of this study is to conduct experiments to examine subjective and reinforcing
      effects of nitrous oxide. Mood altering and psychomotor effects will be tested on non-drug
      abusers and preference procedures will be used to assess reinforcing effects. To examine the
      subjective, psychomotor, and reinforcing effects of nitrous oxide in healthy volunteers. This
      is a dose-response analysis.
    </field><field name='textblock'>
        Please contact site for information.
      </field><field name='overall_status'>Completed</field><field name='start_date'>November 1994</field><field name='completion_date'>March 1996</field><field name='primary_completion_date'>March 1996</field><field name='phase'>N/A</field><field name='study_type'>Interventional</field><field name='has_expanded_access'>No</field><field name='study_design_info'>
    </field><field name='allocation'>Non-Randomized</field><field name='intervention_model'>Crossover Assignment</field><field name='masking'>Double (Participant, Investigator)</field><field name='primary_outcome'>
    </field><field name='measure'>Choice of N2O vs. placebo</field><field name='time_frame'>After each pair of sample tests</field><field name='description'>Subjects underwent 4 sessions consisting of 2 sample tests (inhaling placebo and inhaling varying doses of N2O), then choosing which inhalant they wanted for a choice test. The subject & the technician administering the inhalant were blinded. During each intervention and each session, subjects underwent psychomotor testing.</field><field name='description'>0% N2O inhaled during psychomotor testing, 10% N2O inhaled during psycho motor testing, then subject's choice of the 2.</field><field name='description'>Placebo inhaled during psychomotor testing, 20% N2O inhaled during psychomotor testing, then subject's choice of the 2.</field><field name='description'>Placebo inhaled during psychomotor testing, 30% N2O inhaled during psychomotor testing, then subject's choice of the 2.</field><field name='description'>Placebo inhaled during psychomotor testing, 40% N2O inhaled during psychomotor testing, then subject's choice of the 2.</field><field name='number_of_arms'>4</field><field name='enrollment'>16</field><field name='condition'>Opioid-Related Disorders</field><field name='condition'>Substance-Related Disorders</field><field name='arm_group'>
    </field><field name='arm_group'>
    </field><field name='arm_group'>
    </field><field name='arm_group'>
    </field><field name='arm_group_label'>Placebo + 10% N2O</field><field name='arm_group_label'>Placebo + 20% N2O</field><field name='arm_group_label'>Placebo + 30% N2O</field><field name='arm_group_label'>Placebo + 40% N2O</field><field name='arm_group_label'>Placebo + 10% N2O</field><field name='arm_group_label'>Placebo + 20% N2O</field><field name='arm_group_label'>Placebo + 30% N2O</field><field name='arm_group_label'>Placebo + 40% N2O</field><field name='arm_group_type'>Active Comparator</field><field name='arm_group_type'>Active Comparator</field><field name='arm_group_type'>Active Comparator</field><field name='arm_group_type'>Active Comparator</field><field name='intervention'>
    </field><field name='intervention'>
    </field><field name='intervention'>
    </field><field name='intervention'>
    </field><field name='intervention_type'>Drug</field><field name='intervention_type'>Drug</field><field name='intervention_type'>Drug</field><field name='intervention_type'>Drug</field><field name='intervention_name'>10% N2O</field><field name='intervention_name'>20% N2O</field><field name='intervention_name'>30% N2O</field><field name='intervention_name'>40% N2O</field><field name='description'>Subjects underwent 4 sessions consisting of 2 sample tests (inhaling placebo and inhaling varying doses of N2O), then choosing which inhalant they wanted for a choice test. The subject & the technician administering the inhalant were blinded. During each intervention and each session, subjects underwent psychomotor testing.</field><field name='description'>0% N2O inhaled during psychomotor testing, 10% N2O inhaled during psycho motor testing, then subject's choice of the 2.</field><field name='description'>Placebo inhaled during psychomotor testing, 20% N2O inhaled during psychomotor testing, then subject's choice of the 2.</field><field name='description'>Placebo inhaled during psychomotor testing, 30% N2O inhaled during psychomotor testing, then subject's choice of the 2.</field><field name='description'>Placebo inhaled during psychomotor testing, 40% N2O inhaled during psychomotor testing, then subject's choice of the 2.</field><field name='arm_group_label'>Placebo + 10% N2O</field><field name='arm_group_label'>Placebo + 20% N2O</field><field name='arm_group_label'>Placebo + 30% N2O</field><field name='arm_group_label'>Placebo + 40% N2O</field><field name='arm_group_label'>Placebo + 10% N2O</field><field name='arm_group_label'>Placebo + 20% N2O</field><field name='arm_group_label'>Placebo + 30% N2O</field><field name='arm_group_label'>Placebo + 40% N2O</field><field name='eligibility'>
    </field><field name='criteria'>
      </field><field name='gender'>All</field><field name='minimum_age'>21 Years</field><field name='maximum_age'>37 Years</field></doc></add>