<add><doc><field name='clinical_study'>
  
  </field><field name='required_header'>
    </field><field name='download_date'>ClinicalTrials.gov processed this data on September 16, 2022</field><field name='link_text'>Link to the current ClinicalTrials.gov record.</field><field name='url'>https://clinicaltrials.gov/show/NCT00000413</field><field name='id_info'>
    </field><field name='org_study_id'>P60AR020618</field><field name='nct_id'>NCT00000413</field><field name='brief_title'>Osteoporosis Prevention in Preadolescent Girls</field><field name='official_title'>Osteoporosis Prevention in Preadolescent Girls</field><field name='sponsors'>
    </field><field name='lead_sponsor'>
      </field><field name='agency'>National Institute of Arthritis and Musculoskeletal and Skin Diseases (NIAMS)</field><field name='agency_class'>NIH</field><field name='source'>National Institute of Arthritis and Musculoskeletal and Skin Diseases (NIAMS)</field><field name='brief_summary'>
    </field><field name='textblock'>
      This study will test an osteoporosis prevention program aimed at preadolescent girls between
      the ages of 10 and 12 who have not yet started their menstrual periods. Girls in this age
      group are adding large amounts of new bone to their skeletons. Adding more bone at this time
      of life can reduce a person's chances of developing osteoporosis (thinning bones) in later
      years.

      We will look at how this osteoporosis prevention program affects the amount of calcium in the
      girls' diets, the amount of weight-bearing exercise they do, and their bone mass measured
      using ultrasound testing of the heel.
    </field><field name='textblock'>
      The study's objective is to demonstrate the efficacy of a behavioral/educational intervention
      in increasing levels of dietary calcium intake and weight-bearing exercise within an at-risk
      population in a stage of rapid accrual of bone mass-specifically, premenarchal girls between
      the ages of 10 and 12. We will use cluster randomization to randomize girls to either the
      intervention or a program of education only. We will randomize eighteen groups of girls into
      each arm of the study.

      The intervention consists of six interactive sessions using various media (i.e., overhead
      transparencies, graphics, and three-dimensional demonstrations) to present instructional
      material. Topics include an explanation of osteoporosis and its modifiable and nonmodifiable
      risk factors, prevention of osteoporosis via healthy food choices (i.e., high calcium, low
      fat foods), and prevention of osteoporosis via weight-bearing exercise. Each girl monitors
      her own progress toward the goal of 1350 to 1500 milligrams of calcium per day. A similar
      method allows simple self-monitoring of weight-bearing activity. The intervention program is
      reinforced via monthly self-monitoring for 18 months. The education-only program consists of
      six generic sessions on healthy eating, physical fitness, and healthy lifestyle choices.

      The primary outcomes of interest are higher calcium intake and higher levels of
      weight-bearing exercise. A secondary outcome of interest is increased broadband ultrasound
      attenuation of the os calcis, assessed using quantitative ultrasound. In summary, the group
      of girls targeted is ideal for this intervention because they are at a stage of rapid accrual
      of bone mass.
    </field><field name='textblock'>
        Inclusion Criteria:

          -  9- and 10-year-old premenarchal girls (girls who have not started their periods).

        Exclusion Criteria:

          -  Comorbid conditions or medications that are associated with decreased bone density
             such as the following: corticosteroids; anticonvulsants; thiazide diuretics; history
             of cancer; Type I diabetes; thyrotoxicosis; hyperparathyroidism; Cushing's syndrome;
             juvenile rheumatoid arthritis; connective tissue disease or hemolytic anemia; asthma
             which may limit ability to participate in the exercise intervention; known history of
             dietary disorder, including anorexia, bulimia or lactose intolerance; postmenarchal.
      </field><field name='overall_status'>Completed</field><field name='start_date'>July 1998</field><field name='completion_date'>June 2002</field><field name='phase'>Phase 2</field><field name='study_type'>Interventional</field><field name='has_expanded_access'>No</field><field name='study_design_info'>
    </field><field name='allocation'>Randomized</field><field name='intervention_model'>Parallel Assignment</field><field name='primary_purpose'>Prevention</field><field name='masking'>Single</field><field name='enrollment'>340</field><field name='condition'>Osteoporosis</field><field name='intervention'>
    </field><field name='intervention_type'>Behavioral</field><field name='intervention_name'>Psychoeducational program</field><field name='eligibility'>
    </field><field name='criteria'>
      </field><field name='gender'>Female</field><field name='minimum_age'>9 Years</field><field name='maximum_age'>13 Years</field></doc></add>