<add><doc><field name='clinical_study'>
  
  </field><field name='required_header'>
    </field><field name='download_date'>ClinicalTrials.gov processed this data on September 16, 2022</field><field name='link_text'>Link to the current ClinicalTrials.gov record.</field><field name='url'>https://clinicaltrials.gov/show/NCT00000367</field><field name='id_info'>
    </field><field name='org_study_id'>R01MH059366</field><field name='nct_id'>NCT00000367</field><field name='brief_title'>Prevention of Suicide in the Elderly</field><field name='sponsors'>
    </field><field name='lead_sponsor'>
      </field><field name='agency'>Weill Medical College of Cornell University</field><field name='agency'>National Institute of Mental Health (NIMH)</field><field name='agency_class'>Other</field><field name='agency_class'>NIH</field><field name='source'>Weill Medical College of Cornell University</field><field name='brief_summary'>
    </field><field name='textblock'>
      The purpose of this study is to design a program to prevent suicide in elderly patients by
      educating patients, their families, and physicians on depression and suicidal thoughts.

      A program to prevent suicide in elderly patients needs to be developed. Since elderly
      patients frequently have doctor's visits, it may be best to have a suicide prevention program
      based in the patient's doctor's office.

      When an older person visits a primary care physician, he/she will check for signs of
      depression, including thoughts of suicide. The doctor will speak to the patient about
      depression and how to recognize it. If the individual is diagnosed with depression, the
      doctor will offer treatment. During this study, the information the doctor collects will be
      used to evaluate the effectiveness of the program. The study will last for 2 years.

      Eligibility for this study is age of at least 60 years and diagnosis of depression.
      (Depression required for 920 of the 1200 patients; 280 patients should have no symptoms of
      depression.)
    </field><field name='textblock'>
      To investigate the effectiveness of an intervention aimed at improving the recognition of
      suicidal ideation and depression in elderly patients and facilitating the implementation of a
      treatment algorithm based on the AHCPR (Agency for Health Care Policy and Research)
      guidelines. To implement procedures aimed at educating patients, families, and physicians on
      depression and suicidal ideation.

      There is a need to test models of depression recognition and treatment to prevent and reduce
      suicidal behavior in older patients in primary care settings. Elderly suicide most frequently
      occurs in the context of mild to moderate depression. In primary care patients, suicidal
      ideation is a risk factor for suicide and has been identified almost exclusively in patients
      with depressive symptoms and signs. Since most suicide victims are seen by their primary care
      physicians within a few weeks prior to their death, intervening at the doctor's office may be
      life-saving.

      The intervention is offered in 6 primary care practices from 3 geographic areas (metropolitan
      and suburban New York, Philadelphia, and Pittsburgh) and its impact is contrasted to that of
      6 comparable practices offering usual care. Patients are selected through an age-stratified,
      two-stage sampling design and followed for 2 years. The group consists of 1,200 subjects and
      is comprised of patients with depressive symptoms and signs and a random sample of patients
      without significant depressive symptomatology. Depression Specialists (DS) collaborate with
      physicians and help them increase recognition, offer timely and appropriately-targeted
      treatment recommendations, and encourage patients to adhere to treatment. Beyond direct
      systematic clinical assessment of patients, information is obtained on health services
      utilization from practice-based medical records and on cause of death from death
      certificates. Data are also collected to document the impact of intervention on patient care,
      and on physician knowledge, attitudes, and satisfaction and test hypotheses derived from
      preliminary studies of the three Intervention Research Centers (IRCs), Cornell, University of
      Pennsylvania, and University of Pittsburgh, where the study will be conducted.
    </field><field name='textblock'>
        Inclusion Criteria:

        -

        Patients must have:

        Depressive symptoms and signs. (Required for 920 of the 1200 patients; 280 patients should
        have no significant depressive symptomatology.)
      </field><field name='overall_status'>Completed</field><field name='start_date'>September 1998</field><field name='completion_date'>August 2003</field><field name='phase'>N/A</field><field name='study_type'>Interventional</field><field name='has_expanded_access'>No</field><field name='study_design_info'>
    </field><field name='primary_purpose'>Prevention</field><field name='condition'>Depression</field><field name='intervention'>
    </field><field name='intervention'>
    </field><field name='intervention'>
    </field><field name='intervention_type'>Drug</field><field name='intervention_type'>Behavioral</field><field name='intervention_type'>Drug</field><field name='intervention_name'>Treatment of depression</field><field name='intervention_name'>Suicide prevention intervention</field><field name='intervention_name'>Suicide prevention treatment</field><field name='eligibility'>
    </field><field name='criteria'>
      </field><field name='gender'>All</field><field name='minimum_age'>60 Years</field><field name='maximum_age'>N/A</field></doc></add>