<add><doc><field name='clinical_study'>
  
  </field><field name='required_header'>
    </field><field name='download_date'>ClinicalTrials.gov processed this data on September 16, 2022</field><field name='link_text'>Link to the current ClinicalTrials.gov record.</field><field name='url'>https://clinicaltrials.gov/show/NCT00000626</field><field name='id_info'>
    </field><field name='org_study_id'>ACTG 149</field><field name='nct_id'>NCT00000626</field><field name='brief_title'>Phase II Study of Filgrastim (G-CSF) Plus ABVD in the Treatment of HIV-Associated Hodgkin's Disease</field><field name='official_title'>Phase II Study of Filgrastim (G-CSF) Plus ABVD in the Treatment of HIV-Associated Hodgkin's Disease</field><field name='sponsors'>
    </field><field name='lead_sponsor'>
      </field><field name='agency'>National Institute of Allergy and Infectious Diseases (NIAID)</field><field name='agency'>Amgen</field><field name='agency_class'>NIH</field><field name='agency_class'>Industry</field><field name='source'>National Institute of Allergy and Infectious Diseases (NIAID)</field><field name='brief_summary'>
    </field><field name='textblock'>
      Primary: To assess the toxicity of chemotherapy with ABVD (doxorubicin / bleomycin /
      vinblastine / dacarbazine) when given with filgrastim ( granulocyte colony-stimulating
      factor; G-CSF ) in patients with underlying HIV infection and Hodgkin's disease; to observe
      the efficacy of ABVD and G-CSF in reducing tumor burden in HIV-infected patients with
      Hodgkin's disease.

      Secondary: To determine the durability of tumor response to ABVD plus G-CSF over the 2-year
      study period; to observe the incidence of bacterial and opportunistic infections in
      HIV-infected patients with Hodgkin's disease receiving this regimen; to document quality of
      life of patients receiving this regimen.

      Addition of granulocyte colony-stimulating factor may prevent neutropenia caused by
      chemotherapy, allowing more timely administration of chemotherapy and improved response.
    </field><field name='textblock'>
      Addition of granulocyte colony-stimulating factor may prevent neutropenia caused by
      chemotherapy, allowing more timely administration of chemotherapy and improved response.

      Study drugs are administered in 28-day cycles to twenty-seven HIV-infected patients with
      Hodgkin's disease. ABVD (doxorubicin / bleomycin / vinblastine / dacarbazine) is administered
      on days 1 and 15 of each cycle, and G-CSF is given on days 2 through 14 and 16 through 28 of
      each cycle. All patients receive four cycles of treatment and are then restaged. Patients
      with a complete response (CR) following the initial four cycles receive two additional cycles
      of ABVD / G-CSF. Patients with a partial response following the initial four cycles receive
      two additional cycles of ABVD / G-CSF and are again restaged; those who have achieved a CR at
      that point then receive two more cycles, while those without CR discontinue study therapy.
      Patients with disease progression following the initial four cycles of therapy discontinue
      treatment on the study. Concomitant PCP prophylaxis is administered.
    </field><field name='textblock'>
        Inclusion Criteria

        Concurrent Medication:

        Required:

          -  PCP prophylaxis consisting of Bactrim, aerosolized pentamidine, or dapsone.

        Recommended:

          -  Antiemetic therapy within 30 minutes of chemotherapy.

        Allowed:

          -  Antiretroviral medication after two cycles of chemotherapy, provided the patient has
             not experienced grade 3 neutropenia while on chemotherapy or on previous
             antiretroviral therapy.

          -  Acetaminophen and/or nonsteroidal anti-inflammatory agents.

          -  Bone marrow-suppressive agents, such as ganciclovir, Fansidar, Bactrim, and dapsone.

          -  Maintenance therapy for chronic opportunistic infection.

        Concurrent Treatment:

        Allowed:

          -  Cranial irradiation (2400 rads) for patients with CNS involvement.

        Patients must have:

          -  Documented HIV infection or diagnosis of AIDS.

          -  Hodgkin's disease.

          -  Consent of parent or guardian and have care directly supervised by a pediatric
             oncologist if under 18 years of age.

        Prior Medication:

        Allowed:

          -  Maintenance therapy for opportunistic infections.

        Exclusion Criteria

        Co-existing Condition:

        Patients with the following symptoms or conditions are excluded:

          -  Second primary cancer other than Kaposi's sarcoma that does not require systemic
             therapy, nonmelanomatous skin cancer, Bowen's disease, or carcinoma in situ of the
             cervix.

          -  Acute, active bacterial or opportunistic infection requiring ongoing therapy if such
             therapy has been initiated within the past 2 weeks.

          -  Known hypersensitivity (e.g., anaphylactoid reaction, bronchospasm) to E. coli-derived
             proteins.

        Prior Medication:

        Excluded:

          -  Prior chemotherapy for Hodgkin's disease.

          -  Antiretroviral therapy within 2 weeks prior to study entry.

        Prior Treatment:

        Excluded:

          -  Prior radiotherapy for Hodgkin's disease.
      </field><field name='overall_status'>Completed</field><field name='completion_date'>February 1999</field><field name='phase'>Phase 2</field><field name='study_type'>Interventional</field><field name='has_expanded_access'>No</field><field name='study_design_info'>
    </field><field name='primary_purpose'>Treatment</field><field name='enrollment'>27</field><field name='condition'>HIV Infections</field><field name='condition'>Hodgkin's Disease</field><field name='intervention'>
    </field><field name='intervention'>
    </field><field name='intervention'>
    </field><field name='intervention'>
    </field><field name='intervention'>
    </field><field name='intervention_type'>Drug</field><field name='intervention_type'>Drug</field><field name='intervention_type'>Drug</field><field name='intervention_type'>Drug</field><field name='intervention_type'>Drug</field><field name='intervention_name'>Vinblastine sulfate</field><field name='intervention_name'>Dacarbazine</field><field name='intervention_name'>Filgrastim</field><field name='intervention_name'>Bleomycin sulfate</field><field name='intervention_name'>Doxorubicin hydrochloride</field><field name='eligibility'>
    </field><field name='criteria'>
      </field><field name='gender'>All</field><field name='minimum_age'>12 Years</field><field name='maximum_age'>N/A</field></doc></add>