<add><doc><field name='clinical_study'>
  
  </field><field name='required_header'>
    </field><field name='download_date'>ClinicalTrials.gov processed this data on September 16, 2022</field><field name='link_text'>Link to the current ClinicalTrials.gov record.</field><field name='url'>https://clinicaltrials.gov/show/NCT00000298</field><field name='id_info'>
    </field><field name='org_study_id'>NIDA-09260-1</field><field name='nct_id'>NCT00000298</field><field name='brief_title'>Buprenorphine Combination Tablet Feasibility - 1</field><field name='official_title'>Buprenorphine Combination Tablet Feasibility</field><field name='sponsors'>
    </field><field name='lead_sponsor'>
      </field><field name='agency'>National Institute on Drug Abuse (NIDA)</field><field name='agency_class'>NIH</field><field name='source'>National Institute on Drug Abuse (NIDA)</field><field name='brief_summary'>
    </field><field name='textblock'>
      The purpose of this study is to determine target dose range of buprenorphine/naloxone
      combination tablet that provides therapeutic response in opiate addicts with low to moderate
      dependence, and to identify appropriate initial induction dose in opiate addicts with low to
      moderate dependence."
    </field><field name='textblock'>
        Inclusion Criteria:

        Males/Females ages 21-50, opiate dependence according to DSM-IV criteria, self-reported use
        within the last 30 days, agreeable to conditions of study and signed informed consent

        Exclusion Criteria:

        Psychiatric disorder that requires medication therapy, history of seizures, pregnant and/or
        nursing women, dependence on etoh or benzodiazepines or other sedative-hypnotics, acute
        hepatitis, other medical conditions that deem participation to be unsafe.
      </field><field name='overall_status'>Completed</field><field name='start_date'>August 1995</field><field name='phase'>Phase 2</field><field name='study_type'>Interventional</field><field name='has_expanded_access'>No</field><field name='study_design_info'>
    </field><field name='primary_purpose'>Treatment</field><field name='masking'>Double</field><field name='primary_outcome'>
    </field><field name='primary_outcome'>
    </field><field name='primary_outcome'>
    </field><field name='measure'>Withdrawal symptoms</field><field name='measure'>Opiate use</field><field name='measure'>Opiate craving</field><field name='enrollment'>0</field><field name='condition'>Opioid-Related Disorders</field><field name='intervention'>
    </field><field name='intervention_type'>Drug</field><field name='intervention_name'>Buprenorphine/naloxone</field><field name='eligibility'>
    </field><field name='criteria'>
      </field><field name='gender'>All</field><field name='minimum_age'>21 Years</field><field name='maximum_age'>50 Years</field></doc></add>