<add><doc><field name='clinical_study'>
  
  </field><field name='required_header'>
    </field><field name='download_date'>ClinicalTrials.gov processed this data on September 16, 2022</field><field name='link_text'>Link to the current ClinicalTrials.gov record.</field><field name='url'>https://clinicaltrials.gov/show/NCT00000310</field><field name='id_info'>
    </field><field name='org_study_id'>NIDA-09330-2</field><field name='nct_id'>NCT00000310</field><field name='brief_title'>Serotonin/Dopamine Antagonism of Cocaine Effect: 2 - 2</field><field name='official_title'>Serotonin/Dopamine Antagonism of Cocaine Effect</field><field name='sponsors'>
    </field><field name='lead_sponsor'>
      </field><field name='agency'>National Institute on Drug Abuse (NIDA)</field><field name='agency'>VA Boston Healthcare System</field><field name='agency_class'>NIH</field><field name='agency_class'>U.S. Fed</field><field name='source'>National Institute on Drug Abuse (NIDA)</field><field name='brief_summary'>
    </field><field name='textblock'>
      The purpose of this study is to evaluate use of risperidone with cocaine abusers. Study
      measures incorporate an appropriate integration of behavioral and neurobiological indices.
    </field><field name='textblock'>
      Risperidone in low doses is compared with placebo in a 6-week randomized trial. Subjects also
      receive supportive counseling. Outcome measure include rating of behavior, mood, drug abuse,
      global function, and urine toxicology.
    </field><field name='textblock'>
        Inclusion Criteria:

        Cocaine abuse or dependence

        Exclusion Criteria:

        Dependence on other drugs. Major psychiatric illness
      </field><field name='overall_status'>Terminated</field><field name='start_date'>January 1996</field><field name='completion_date'>March 1996</field><field name='primary_completion_date'>March 1996</field><field name='phase'>Phase 2</field><field name='study_type'>Interventional</field><field name='has_expanded_access'>No</field><field name='study_design_info'>
    </field><field name='allocation'>Randomized</field><field name='primary_purpose'>Treatment</field><field name='masking'>Double</field><field name='primary_outcome'>
    </field><field name='primary_outcome'>
    </field><field name='primary_outcome'>
    </field><field name='primary_outcome'>
    </field><field name='measure'>Urine toxicology for cocaine</field><field name='measure'>Analog mood scales</field><field name='measure'>POMS</field><field name='measure'>EPS sx</field><field name='enrollment'>0</field><field name='condition'>Cocaine-Related Disorders</field><field name='intervention'>
    </field><field name='intervention_type'>Drug</field><field name='intervention_name'>Risperidone</field><field name='eligibility'>
    </field><field name='criteria'>
      </field><field name='gender'>All</field><field name='minimum_age'>18 Years</field><field name='maximum_age'>50 Years</field></doc></add>