<add><doc><field name='clinical_study'>
  
  </field><field name='required_header'>
    </field><field name='download_date'>ClinicalTrials.gov processed this data on September 16, 2022</field><field name='link_text'>Link to the current ClinicalTrials.gov record.</field><field name='url'>https://clinicaltrials.gov/show/NCT00000414</field><field name='id_info'>
    </field><field name='org_study_id'>P01 AR43584 Substudy 004</field><field name='nct_id'>NCT00000414</field><field name='brief_title'>Patient Education in Rheumatoid Arthritis and Osteoarthritis</field><field name='official_title'>Patient Education Strategies for Better Outcomes in Rheumatoid Arthritis (RA) and Osteoarthritis (OA)</field><field name='sponsors'>
    </field><field name='lead_sponsor'>
      </field><field name='agency'>Stanford University</field><field name='agency'>National Institute of Arthritis and Musculoskeletal and Skin Diseases (NIAMS)</field><field name='agency_class'>Other</field><field name='agency_class'>NIH</field><field name='source'>Stanford University</field><field name='oversight_info'>
    </field><field name='brief_summary'>
    </field><field name='textblock'>
      This project will evaluate the effectiveness and general usefulness of two arthritis patient
      education programs. The first, the Arthritis Self-Management Program, is a 6-week,
      community-based program taught in small groups by peer leaders. The second, the Self-Managed
      Arthritis Relief Therapy (SMART) Program, is a computer-driven program delivered through the
      mail. Participants in this project are people with rheumatoid arthritis or osteoarthritis who
      are taking part in the larger long-term studies being conducted by ARAMIS (the Arthritis,
      Rheumatism and Aging Medical Information System).
    </field><field name='textblock'>
      In a changing health care environment, the role of patients in managing their arthritis is
      increasingly important. Patient education is the primary means for teaching patients how to
      fulfill this role successfully. The goal of self-management health education is not merely to
      provide information but also to change patient attitudes and behavior so that patient
      outcomes are improved. These programs represent a new treatment for arthritis.

      This project will evaluate the relative effect on health status and cost-effectiveness of two
      arthritis patient education programs that use different delivery systems. The Arthritis
      Self-Management Program (ASMP) uses a small group, multi-class format. It is taught by
      trained lay leaders and has been evaluated for effectiveness and widely disseminated. The
      Self-Managed Arthritis Relief Therapy (SMART) Program is a computer-driven, individualized,
      mail-delivered intervention. Results of a pilot study suggest that it is effective in
      improving health status and reducing health care use.

      The project will also evaluate how generalizable the SMART program is and its effectiveness
      for patients with different diagnoses (OA and RA). It will also determine the attributes of
      patients who choose and do not choose to participate in patient education programs as well as
      the attributes of those who complete and do not complete the ASMP and SMART programs.

      Through use of the ARAMIS data collection system, the project allows us to describe the
      differences between people who volunteer to receive patient education and those who refuse
      patient education. This project is directed at improving patient outcomes in both RA and OA
      through wide availability of a low-cost, mail-delivered arthritis self-management program
      that is the next generation in arthritis health education.
    </field><field name='textblock'>
        Inclusion Criteria:

          -  Physician diagnosis of OA or RA

          -  Participation in the ARAMIS longitudinal study

        Exclusion Criteria:

          -  Age under 18
      </field><field name='overall_status'>Completed</field><field name='start_date'>July 1996</field><field name='completion_date'>April 2001</field><field name='primary_completion_date'>April 2001</field><field name='phase'>N/A</field><field name='study_type'>Interventional</field><field name='has_expanded_access'>No</field><field name='study_design_info'>
    </field><field name='allocation'>Randomized</field><field name='intervention_model'>Parallel Assignment</field><field name='primary_purpose'>Treatment</field><field name='masking'>None (Open Label)</field><field name='description'>small group self-management program</field><field name='description'>Self-Managed Arthritis Relief Therapy: mailed self management material</field><field name='number_of_arms'>2</field><field name='enrollment'>1200</field><field name='condition'>Rheumatoid Arthritis</field><field name='condition'>Osteoarthritis</field><field name='arm_group'>
    </field><field name='arm_group'>
    </field><field name='arm_group_label'>Arthritis Self-Management Program</field><field name='arm_group_label'>SMART Program</field><field name='arm_group_label'>Arthritis Self-Management Program</field><field name='arm_group_label'>SMART Program</field><field name='arm_group_type'>Experimental</field><field name='arm_group_type'>Experimental</field><field name='intervention'>
    </field><field name='intervention'>
    </field><field name='intervention_type'>Behavioral</field><field name='intervention_type'>Behavioral</field><field name='intervention_name'>Arthritis Self-Management Program</field><field name='intervention_name'>SMART Program</field><field name='description'>small group self-management program</field><field name='description'>Self-Managed Arthritis Relief Therapy: mailed self management material</field><field name='arm_group_label'>Arthritis Self-Management Program</field><field name='arm_group_label'>SMART Program</field><field name='arm_group_label'>Arthritis Self-Management Program</field><field name='arm_group_label'>SMART Program</field><field name='eligibility'>
    </field><field name='criteria'>
      </field><field name='gender'>All</field><field name='minimum_age'>18 Years</field><field name='maximum_age'>N/A</field></doc></add>