<add><doc><field name='clinical_study'>
  
  </field><field name='required_header'>
    </field><field name='download_date'>ClinicalTrials.gov processed this data on September 16, 2022</field><field name='link_text'>Link to the current ClinicalTrials.gov record.</field><field name='url'>https://clinicaltrials.gov/show/NCT00000339</field><field name='id_info'>
    </field><field name='org_study_id'>NIDA-3-0010-4</field><field name='nct_id'>NCT00000339</field><field name='brief_title'>Infusion Laboratory: Protocol 3 (Risperidone) - 4</field><field name='official_title'>Infusion Laboratory: Protocol 3 (Risperidone)</field><field name='sponsors'>
    </field><field name='lead_sponsor'>
      </field><field name='agency'>National Institute on Drug Abuse (NIDA)</field><field name='agency_class'>NIH</field><field name='source'>National Institute on Drug Abuse (NIDA)</field><field name='brief_summary'>
    </field><field name='textblock'>
      The purpose of this study is to evaluate clinical safety issues pertaining to risperidone, to
      cocaine and to its interaction, and to determine how pretreatment with risperidone modifies
      the subjective as well as physiological effects of cocaine.
    </field><field name='textblock'>
        Inclusion Criteria:

        M/F ages 21-50. Meet DSM-IV criteria for cocaine dependence. Agree to conditions of the
        study and sign informed consent.

        Exclusion Criteria:

        Psychiatric disorder that requires medication therapy. History of seizures. Pregnant and/or
        nuring women. Dependence on ETOH or benzodiazepines or other sedative/hypnotics. Acute
        hepatitis. Other medical condtions that deem participation to be unsafe.
      </field><field name='overall_status'>Unknown status</field><field name='start_date'>June 1996</field><field name='phase'>Phase 1</field><field name='study_type'>Interventional</field><field name='has_expanded_access'>No</field><field name='study_design_info'>
    </field><field name='intervention_model'>Crossover Assignment</field><field name='primary_purpose'>Treatment</field><field name='masking'>Single</field><field name='primary_outcome'>
    </field><field name='primary_outcome'>
    </field><field name='primary_outcome'>
    </field><field name='primary_outcome'>
    </field><field name='primary_outcome'>
    </field><field name='primary_outcome'>
    </field><field name='primary_outcome'>
    </field><field name='primary_outcome'>
    </field><field name='primary_outcome'>
    </field><field name='primary_outcome'>
    </field><field name='measure'>Evidence of change in neurotoxicity based on chore</field><field name='measure'>Degree of drug craving</field><field name='measure'>History, incidence and amount of drug use</field><field name='measure'>Type and severity of stimulant withdrawal symptoms</field><field name='measure'>Characterization of study population</field><field name='measure'>Population incidence of symptoms of depression, po</field><field name='measure'>Frequency and intensity of drug use and sexual beh</field><field name='measure'>Evidence of change in subjective responses to coca</field><field name='measure'>Clinical physiological response to cocaine challen</field><field name='measure'>Degree to which study medication influences change</field><field name='enrollment'>13</field><field name='condition'>Cocaine-Related Disorders</field><field name='intervention'>
    </field><field name='intervention_type'>Drug</field><field name='intervention_name'>Risperidone</field><field name='eligibility'>
    </field><field name='criteria'>
      </field><field name='gender'>All</field><field name='minimum_age'>21 Years</field><field name='maximum_age'>50 Years</field></doc></add>