<add><doc><field name='clinical_study'>
  
  </field><field name='required_header'>
    </field><field name='download_date'>ClinicalTrials.gov processed this data on September 16, 2022</field><field name='link_text'>Link to the current ClinicalTrials.gov record.</field><field name='url'>https://clinicaltrials.gov/show/NCT00000439</field><field name='id_info'>
    </field><field name='org_study_id'>NIAAASAL10523</field><field name='nct_id'>NCT00000439</field><field name='brief_title'>Drug Treatment for Alcoholics With Bipolar Disorder</field><field name='official_title'>Efficacy of Valproate Maintenance in Bipolar Alcoholics</field><field name='sponsors'>
    </field><field name='lead_sponsor'>
      </field><field name='agency'>National Institute on Alcohol Abuse and Alcoholism (NIAAA)</field><field name='agency'>University of Pittsburgh</field><field name='agency_class'>NIH</field><field name='agency_class'>Other</field><field name='source'>National Institute on Alcohol Abuse and Alcoholism (NIAAA)</field><field name='oversight_info'>
    </field><field name='brief_summary'>
    </field><field name='textblock'>
      The purpose of this study is to test the effectiveness of sodium valproate (Depacon) in
      treating individuals with alcohol dependence and comorbid bipolar disorder.
    </field><field name='textblock'>
      The aim of this study is to test the mood stabilizer, anticonvulsant, sodium valproate in
      individuals with alcohol dependence and bipolar disorder, in a double-blind,
      placebo-controlled, and randomized trial of 6 months duration. All subjects are treated with
      treatment as usual, which include lithium carbonate and individual dual recovery counseling
      and are randomized to either sodium valproate or placebo.
    </field><field name='textblock'>
        Inclusion Criteria:

          -  Meets the criteria for alcohol dependence with comorbid bipolar disorder.

          -  Agreement to participate in outpatient treatment.

          -  Ability to tolerate lithium carbonate and be randomized to receive sodium valproate or
             placebo.

          -  Stable living situation.

          -  Ability to provide informed consent.

        Exclusion Criteria:

          -  Psychiatric conditions including schizophrenia, schizoaffective disorder, any
             non-bipolar psychotic disorder, unipolar major depression, mental retardation, or
             signs of impaired cognitive functioning.

          -  Neurological conditions including epilepsy, history of brain injury, encephalitis, or
             any organic brain syndrome or focally abnormal electroencephalographic examination.

          -  Medical conditions including severe cardiac, liver, kidney, endocrine, hematologic,
             other impairing or unstable medical condition or impending surgery.

          -  Persistent elevation of liver function enzymes indicating active liver disease.

          -  Pregnancy or not using an acceptable contraceptive method.

          -  Inability to read or understand study forms; agree to informed consent.

          -  Impending incarceration or a mandate to attend treatment by the legal system for an
             alcohol use disorder.

          -  The presence of either/or cocaine dependence, opioid dependence, and intravenous drug
             use.
      </field><field name='overall_status'>Completed</field><field name='start_date'>October 2000</field><field name='completion_date'>August 2003</field><field name='primary_completion_date'>August 2003</field><field name='phase'>Phase 2</field><field name='study_type'>Interventional</field><field name='has_expanded_access'>No</field><field name='study_design_info'>
    </field><field name='allocation'>Randomized</field><field name='intervention_model'>Parallel Assignment</field><field name='primary_purpose'>Treatment</field><field name='masking'>Quadruple (Participant, Care Provider, Investigator, Outcomes Assessor)</field><field name='primary_outcome'>
    </field><field name='measure'>Change in proportion of heavy drinking days</field><field name='measure'>Changes in depressive and manic symptoms</field><field name='time_frame'>6 months</field><field name='time_frame'>6 months</field><field name='description'>Change from baseline</field><field name='description'>Changes in depressive and manic symptoms scores from baseline</field><field name='description'>sodium valproate was added on treatment as usual and dose monitored by blood level measurements</field><field name='description'>Placebo comparator was added on treatment as usual and dose monitored by blood level measurements</field><field name='description'>subjects were randomized to sodium valproate vs placebo. Serum sodium valproate was monitored. This intervention was added on treatment as usual which was defined as being on lithium carbonate and also attending individual dual recovery counseling.</field><field name='number_of_arms'>2</field><field name='enrollment'>72</field><field name='condition'>Alcoholism</field><field name='condition'>Bipolar Disorder</field><field name='arm_group'>
    </field><field name='arm_group'>
    </field><field name='arm_group_label'>sodium valproate</field><field name='arm_group_label'>placebo</field><field name='arm_group_label'>placebo</field><field name='arm_group_label'>sodium valproate</field><field name='arm_group_type'>Active Comparator</field><field name='arm_group_type'>Placebo Comparator</field><field name='intervention'>
    </field><field name='intervention_type'>Drug</field><field name='intervention_name'>sodium valproate</field><field name='description'>Change from baseline</field><field name='description'>Changes in depressive and manic symptoms scores from baseline</field><field name='description'>sodium valproate was added on treatment as usual and dose monitored by blood level measurements</field><field name='description'>Placebo comparator was added on treatment as usual and dose monitored by blood level measurements</field><field name='description'>subjects were randomized to sodium valproate vs placebo. Serum sodium valproate was monitored. This intervention was added on treatment as usual which was defined as being on lithium carbonate and also attending individual dual recovery counseling.</field><field name='arm_group_label'>sodium valproate</field><field name='arm_group_label'>placebo</field><field name='arm_group_label'>placebo</field><field name='arm_group_label'>sodium valproate</field><field name='eligibility'>
    </field><field name='criteria'>
      </field><field name='gender'>All</field><field name='minimum_age'>18 Years</field><field name='maximum_age'>65 Years</field></doc></add>