<add><doc><field name='clinical_study'>
  
  </field><field name='required_header'>
    </field><field name='download_date'>ClinicalTrials.gov processed this data on September 16, 2022</field><field name='link_text'>Link to the current ClinicalTrials.gov record.</field><field name='url'>https://clinicaltrials.gov/show/NCT00000536</field><field name='id_info'>
    </field><field name='org_study_id'>79</field><field name='nct_id'>NCT00000536</field><field name='brief_title'>Sodium Sensitivity in African Americans</field><field name='sponsors'>
    </field><field name='lead_sponsor'>
      </field><field name='agency'>University of Minnesota</field><field name='agency'>National Heart, Lung, and Blood Institute (NHLBI)</field><field name='agency_class'>Other</field><field name='agency_class'>NIH</field><field name='source'>University of Minnesota</field><field name='brief_summary'>
    </field><field name='textblock'>
      To compare the effects of two levels of dietary sodium on blood pressure in Black men and
      women, and to determine what factors predict the degree of response.
    </field><field name='textblock'>
      BACKGROUND:

      The study permitted a more precise estimate of the effects of sodium chloride on blood
      pressure in Blacks and a systematic examination of sodium sensitivity defined by various
      methods. The results had significance in answering questions about risk factors for blood
      pressure in Blacks and for defining sodium sensitivity.

      DESIGN NARRATIVE:

      Double-blind, two-period cross-over. All participants were given six weeks of intensive
      nutritional counseling to lower 24-hour urine sodium output from an estimated 165 mEq/24
      hours at baseline to less than 140 mEq/24 hours. Only those participants who excreted less
      than 140 mEq /24 hours after six weeks of intensive dietary sodium intervention and had
      greater than 70 percent adherence to study capsules were eligible for randomization. Eligible
      subjects were assigned to one of two treatment sequences: 100 mEq of sodium chloride capsules
      per day during period one followed by placebo capsules during period two; placebo capsules
      during period one followed by 100 mEq of sodium chloride capsules per day during period two.
      The major endpoint was change in diastolic and systolic blood pressure. A number of other
      measures were carried out, including blood chemistries, glucose tolerance (glucose and
      insulin), insulin resistance, urinary kallikrein, serum renin, and plasma norepinephrine.
      Other major aims of the trial included testing general new diagnostic criteria for sodium
      sensitivity, examining predictors of sodium sensitivity, and examining how changes in sodium
      intake influenced change in specific metabolic parameters. The trial design incorporated
      careful control of the dietary changes and strict standardization of blood pressure
      measurement with a random-zero device. The study was extended through June 1997 on FY 1995
      funds.
    </field><field name='textblock'>
        No eligibility criteria
      </field><field name='overall_status'>Completed</field><field name='start_date'>July 1992</field><field name='completion_date'>June 1997</field><field name='phase'>Phase 2</field><field name='study_type'>Interventional</field><field name='has_expanded_access'>No</field><field name='study_design_info'>
    </field><field name='allocation'>Randomized</field><field name='intervention_model'>Crossover Assignment</field><field name='primary_purpose'>Prevention</field><field name='masking'>Double</field><field name='condition'>Cardiovascular Diseases</field><field name='condition'>Heart Diseases</field><field name='condition'>Hypertension</field><field name='condition'>Vascular Diseases</field><field name='intervention'>
    </field><field name='intervention_type'>Behavioral</field><field name='intervention_name'>sodium, dietary</field><field name='eligibility'>
    </field><field name='criteria'>
      </field><field name='gender'>All</field><field name='minimum_age'>25 Years</field><field name='maximum_age'>64 Years</field></doc></add>