<add><doc><field name='clinical_study'>
  
  </field><field name='required_header'>
    </field><field name='download_date'>ClinicalTrials.gov processed this data on September 16, 2022</field><field name='link_text'>Link to the current ClinicalTrials.gov record.</field><field name='url'>https://clinicaltrials.gov/show/NCT00000259</field><field name='id_info'>
    </field><field name='org_study_id'>NIDA-08391-11</field><field name='nct_id'>NCT00000259</field><field name='brief_title'>Sevoflurane vs Nitrous Oxide Inhalation at Subanesthetic Concentrations - 11</field><field name='official_title'>Sevoflurane vs Nitrous Oxide Inhalation at Subanesthetic Concentrations</field><field name='sponsors'>
    </field><field name='lead_sponsor'>
      </field><field name='agency'>University of Chicago</field><field name='agency'>National Institute on Drug Abuse (NIDA)</field><field name='agency_class'>Other</field><field name='agency_class'>NIH</field><field name='source'>University of Chicago</field><field name='brief_summary'>
    </field><field name='textblock'>
      The purpose of this study is to conduct experiments to examine subjective and reinforcing
      effects of nitrous oxide. Mood altering and psychomotor effects will be tested on non-drug
      abusers and preference procedures will be used to assess reinforcing effects. Comparisons
      between nitrous oxide, opiates, and benzodiazepine antagonists will be made. To examine
      sevoflurane versus isoflurane inhalation at subanesthetic concentrations on mood, pain, and
      psychomotor performance.
    </field><field name='textblock'>
        Please contact site for information.
      </field><field name='overall_status'>Completed</field><field name='start_date'>August 1996</field><field name='completion_date'>November 1997</field><field name='primary_completion_date'>November 1997</field><field name='phase'>N/A</field><field name='study_type'>Interventional</field><field name='has_expanded_access'>No</field><field name='study_design_info'>
    </field><field name='allocation'>Non-Randomized</field><field name='intervention_model'>Crossover Assignment</field><field name='masking'>Double (Participant, Investigator)</field><field name='primary_outcome'>
    </field><field name='primary_outcome'>
    </field><field name='primary_outcome'>
    </field><field name='measure'>Pain intensity</field><field name='measure'>Psychomotor performance</field><field name='measure'>Cognitive performance</field><field name='time_frame'>30 min of inhalation</field><field name='time_frame'>Baseline, 5 min of inhalation; 5, 30, 60 minutes recovery</field><field name='time_frame'>Baseline, every 5 min during inhalation, 5, 30, & 60 min during recovery</field><field name='description'>Subjects underwent a 3 min cold immersion test at 30 min of inhalation and then provided response to pain intensity questionnaire</field><field name='description'>Subjects underwent psychomotor testing at baseline, during inhalation, and during recovery post inhalation</field><field name='description'>Subject underwent memory, sedation, visual analog, and drug effects testing</field><field name='description'>Subject inhales no drug (100% oxygen)</field><field name='number_of_arms'>5</field><field name='enrollment'>12</field><field name='condition'>Opioid-Related Disorders</field><field name='condition'>Substance-Related Disorders</field><field name='arm_group'>
    </field><field name='arm_group'>
    </field><field name='arm_group'>
    </field><field name='arm_group'>
    </field><field name='arm_group'>
    </field><field name='arm_group_label'>Placebo</field><field name='arm_group_label'>0.3% sevoflurane</field><field name='arm_group_label'>0.6% sevoflurane</field><field name='arm_group_label'>15% Nitrous oxide</field><field name='arm_group_label'>30% Nitrous oxide</field><field name='arm_group_label'>15% Nitrous oxide</field><field name='arm_group_label'>0.3% sevoflurane</field><field name='arm_group_label'>30% Nitrous oxide</field><field name='arm_group_label'>0.6% sevoflurane</field><field name='arm_group_label'>Placebo</field><field name='arm_group_type'>Placebo Comparator</field><field name='arm_group_type'>Active Comparator</field><field name='arm_group_type'>Active Comparator</field><field name='arm_group_type'>Active Comparator</field><field name='arm_group_type'>Active Comparator</field><field name='intervention'>
    </field><field name='intervention'>
    </field><field name='intervention'>
    </field><field name='intervention'>
    </field><field name='intervention'>
    </field><field name='intervention_type'>Drug</field><field name='intervention_type'>Drug</field><field name='intervention_type'>Drug</field><field name='intervention_type'>Drug</field><field name='intervention_type'>Other</field><field name='intervention_name'>15 % Nitrous oxide</field><field name='intervention_name'>0.3 % Sevoflurane</field><field name='intervention_name'>30% Nitrous oxide</field><field name='intervention_name'>0.6% Sevoflurane</field><field name='intervention_name'>Placebo</field><field name='description'>Subjects underwent a 3 min cold immersion test at 30 min of inhalation and then provided response to pain intensity questionnaire</field><field name='description'>Subjects underwent psychomotor testing at baseline, during inhalation, and during recovery post inhalation</field><field name='description'>Subject underwent memory, sedation, visual analog, and drug effects testing</field><field name='description'>Subject inhales no drug (100% oxygen)</field><field name='arm_group_label'>Placebo</field><field name='arm_group_label'>0.3% sevoflurane</field><field name='arm_group_label'>0.6% sevoflurane</field><field name='arm_group_label'>15% Nitrous oxide</field><field name='arm_group_label'>30% Nitrous oxide</field><field name='arm_group_label'>15% Nitrous oxide</field><field name='arm_group_label'>0.3% sevoflurane</field><field name='arm_group_label'>30% Nitrous oxide</field><field name='arm_group_label'>0.6% sevoflurane</field><field name='arm_group_label'>Placebo</field><field name='eligibility'>
    </field><field name='criteria'>
      </field><field name='gender'>All</field><field name='minimum_age'>21 Years</field><field name='maximum_age'>39 Years</field></doc></add>