<add><doc><field name='clinical_study'>
  
  </field><field name='required_header'>
    </field><field name='download_date'>ClinicalTrials.gov processed this data on September 16, 2022</field><field name='link_text'>Link to the current ClinicalTrials.gov record.</field><field name='url'>https://clinicaltrials.gov/show/NCT00000305</field><field name='id_info'>
    </field><field name='org_study_id'>NIDA-09262-2</field><field name='nct_id'>NCT00000305</field><field name='brief_title'>Amphetamine Cocaine Interaction Study - 2</field><field name='official_title'>Amphetamine Cocaine Interaction Study</field><field name='sponsors'>
    </field><field name='lead_sponsor'>
      </field><field name='agency'>The University of Texas Health Science Center, Houston</field><field name='agency'>National Institute on Drug Abuse (NIDA)</field><field name='agency'>University of Texas</field><field name='agency_class'>Other</field><field name='agency_class'>NIH</field><field name='agency_class'>Other</field><field name='source'>The University of Texas Health Science Center, Houston</field><field name='oversight_info'>
    </field><field name='brief_summary'>
    </field><field name='textblock'>
      The purpose of this study is to evaluate results of d-amphetamine - cocaine (pharmacology)
      interaction study.
    </field><field name='textblock'>
        Please contact site for information.
      </field><field name='overall_status'>Terminated</field><field name='phase'>Phase 1</field><field name='study_type'>Interventional</field><field name='has_expanded_access'>No</field><field name='study_design_info'>
    </field><field name='primary_purpose'>Treatment</field><field name='enrollment'>0</field><field name='condition'>Cocaine-Related Disorders</field><field name='intervention'>
    </field><field name='intervention_type'>Drug</field><field name='intervention_name'>Dextroamphetamine</field><field name='eligibility'>
    </field><field name='criteria'>
      </field><field name='gender'>Male</field><field name='minimum_age'>18 Years</field><field name='maximum_age'>45 Years</field></doc></add>