<add><doc><field name='clinical_study'>
  
  </field><field name='required_header'>
    </field><field name='download_date'>ClinicalTrials.gov processed this data on September 16, 2022</field><field name='link_text'>Link to the current ClinicalTrials.gov record.</field><field name='url'>https://clinicaltrials.gov/show/NCT00000137</field><field name='url'>http://www.nei.nih.gov/news/pressreleases/101492.asp</field><field name='id_info'>
    </field><field name='org_study_id'>NEI-36</field><field name='nct_id'>NCT00000137</field><field name='brief_title'>Collaborative Corneal Transplantation Studies (CCTS)</field><field name='sponsors'>
    </field><field name='lead_sponsor'>
      </field><field name='agency'>National Eye Institute (NEI)</field><field name='agency_class'>NIH</field><field name='source'>National Eye Institute (NEI)</field><field name='brief_summary'>
    </field><field name='textblock'>
      To determine whether histocompatibility matching of corneal transplant donors and recipients
      can reduce the incidence of graft rejection in high-risk patients.
    </field><field name='textblock'>
      Approximately 20 percent of corneal transplant patients, about 6,000 per year, face donor
      tissue rejection at rates of up to 60 percent because of corneal vascularization or prior
      graft rejection. Histocompatibility antigen matching and/or crossmatching may have offered
      these patients an improved chance for successful outcome.

      The Collaborative Corneal Transplantation Studies Group conducted two controlled,
      double-masked studies addressing distinct scientific questions about donor-recipient
      histocompatibility matching. The Crossmatch Study was a randomized study assessing the
      effectiveness of crossmatching in preventing graft rejection among high-risk patients with
      lymphocytotoxic antibodies. The Antigen Matching Study was a prospective, double-masked,
      observational study of the effectiveness of HLA-A, -B, and -DR donor-recipient matching in
      high-risk patients who had no lymphocytotoxic antibodies.

      Six clinical centers recruited high-risk patients and collaborated with their local eye
      banking and organ procurement agencies in procuring donor corneal tissue. For each of the two
      studies, a total of 400 patients were sought. Blood samples from each enrolled patient were
      sent to the local CCTS tissue typing laboratory for HLA typing, and serum samples were sent
      to the Central Laboratory to be screened for preformed lymphocytotoxic antibodies. Depending
      on the results of the testing, patients were entered into the Crossmatch Study or the Antigen
      Matching Study.

      As corneal donors became available, donor blood samples were HLA typed at the local
      laboratories and crossmatched against all CCTS patients who awaited transplantation. Results
      of the testing were entered in a national, 24-hour computerized allocation system operated by
      the United Network for Organ Sharing (UNOS). Patients in the Crossmatch Study received a
      cornea from either a positively crossmatched donor or a negatively crossmatched donor.
      Patients in the Antigen Matching Study received a cornea with 0 to 6 matched antigens.

      Transplant patients were followed intensively during the first months after surgery. The
      number of clinic visits was tapered to 2 during the third and final year of followup,
      resulting in a total of 17 postoperative visits. Irreversible failure of the corneal
      allograft due to all causes was the primary outcome variable in both studies. Allograft
      reaction episodes, irreversible failure due to rejection, and visual acuity were secondary
      outcome variables.
    </field><field name='textblock'>
        Males and females age 10 years or older with two to four quadrants of corneal stroma
        vascularization or a history of allograft rejection in the eye considered for surgery were
        eligible for both studies in the CCTS.

        Patients must have been willing to participate in 3 years of followup. No one was eligible
        for the CCTS who had a condition that would greatly increase the risk of nonrejection graft
        failure, such as xerophthalmia or severe exposure keratopathy. Also excluded were patients
        with systemic diseases or with medication usage that might alter their immune response.
      </field><field name='overall_status'>Completed</field><field name='start_date'>May 1986</field><field name='completion_date'>September 1989</field><field name='phase'>Phase 3</field><field name='study_type'>Interventional</field><field name='has_expanded_access'>No</field><field name='study_design_info'>
    </field><field name='allocation'>Randomized</field><field name='primary_purpose'>Treatment</field><field name='masking'>Double</field><field name='description'>NEI Press Release-Patient/Donor Blood Type Matching Improves Corneal Transplantation Outcome</field><field name='condition'>Corneal Transplantation</field><field name='condition'>Graft Rejection</field><field name='intervention'>
    </field><field name='intervention_type'>Procedure</field><field name='intervention_name'>Histocompatibility Matching</field><field name='description'>NEI Press Release-Patient/Donor Blood Type Matching Improves Corneal Transplantation Outcome</field><field name='eligibility'>
    </field><field name='criteria'>
      </field><field name='gender'>All</field><field name='minimum_age'>10 Years</field><field name='maximum_age'>N/A</field></doc></add>