<add><doc><field name='clinical_study'>
  
  </field><field name='required_header'>
    </field><field name='download_date'>ClinicalTrials.gov processed this data on September 16, 2022</field><field name='link_text'>Link to the current ClinicalTrials.gov record.</field><field name='url'>https://clinicaltrials.gov/show/NCT00000118</field><field name='url'>http://www.nei.nih.gov/news/clinicalalerts/alert-soca-fgcrt.asp</field><field name='url'>http://www.nei.nih.gov/news/pressreleases/gipressrelease.asp</field><field name='id_info'>
    </field><field name='org_study_id'>NEI-14</field><field name='nct_id'>NCT00000118</field><field name='brief_title'>Ganciclovir Implant Study for Cytomegalovirus Retinitis</field><field name='sponsors'>
    </field><field name='lead_sponsor'>
      </field><field name='agency'>National Eye Institute (NEI)</field><field name='agency_class'>NIH</field><field name='source'>National Eye Institute (NEI)</field><field name='brief_summary'>
    </field><field name='textblock'>
      To determine the therapeutic efficacy of a sustained-release intraocular drug delivery system
      for ganciclovir therapy of cytomegalovirus (CMV) retinitis in patients with acquired
      immunodeficiency syndrome (AIDS).
    </field><field name='textblock'>
      CMV retinitis occurs in 20 to 30 percent of patients with AIDS and is the leading cause of
      visual loss in these patients. At present, ganciclovir and foscarnet are the only drugs that
      have been approved by the U.S. Food and Drug Administration for the treatment of CMV
      retinitis. The therapeutic regimen for each drug consists of a 2-week induction period
      followed by daily maintenance intravenous infusions. Unfortunately, CMV retinitis usually
      progresses despite daily maintenance therapy, and both drugs are associated with significant
      systemic toxicity that often limits their therapeutic usefulness. As an alternative to
      intravenous administration, direct intravitreal injections of ganciclovir have been studied
      and have been shown to be effective in delaying the progression of CMV retinitis. The short
      half-life of the drug, however, necessitates one to two intraocular injections a week to
      maintain therapeutic levels. Widespread adoption of this technique has been limited because
      of the logistical difficulties and inherent risks associated with numerous intravitreal
      injections.

      A drug delivery system capable of continuous delivery of ganciclovir into the vitreous cavity
      has been developed. The device consists of a 6-mg pellet of ganciclovir that is coated with a
      series of polymers with variable permeability to ganciclovir. The device is surgically
      implanted through the pars plana.

      Thirty eyes of 26 patients with unilateral non-sight-threatening CMV retinitis were randomly
      assigned to one of two groups: (1) immediate therapy with a device designed to release
      ganciclovir into the vitreous cavity a over approximately a 4-month period or (2) deferred
      treatment. In patients with bilateral non-sight-threatening CMV retinitis, one eye was
      randomly assigned to receive a ganciclovir implant with the other eye assigned to deferred
      treatment. (Note: The original trial design included a third randomized arm using a 2 ug/hour
      device. This arm was dropped for logistical reasons after enrolling two patients.)

      Patients assigned to immediate treatment underwent surgery to implant the ganciclovir device
      within 48 hours of enrollment and baseline photographs. Postoperatively, patients were
      evaluated the next day, weekly for 2 weeks, and then every 2 weeks until progression of CMV
      retinitis occurred. At each examination, in both eyes, visual acuity with current correction
      and best correction was determined using Early Treatment Diabetic Retinopathy Study eye
      charts; intraocular pressure was determined; evidence of inflammation or cataract was
      evaluated; and all retinal findings were documented. Any adverse event considered even
      possibly related to the device or to the implantation procedure was documented. Standardized
      nine-field fundus photographs were taken at each 2-week visit. The ganciclovir implant was
      exchanged at 32 weeks or earlier if progression of CMV retinitis occurred.

      The primary end point was time to CMV retinitis progression, defined as the time (days) from
      initiating therapy until the advancement of 750-um over a 750 um front of any border of any
      lesion was observed. Standardized nine-field photographs were taken at 2-week intervals and
      analyzed in a masked fashion by the Fundus Photograph Reading Center to determine evidence of
      CMV retinitis progression.

      Secondary end points included time to development of CMV retinitis in the contralateral eye,
      time to development of visceral CMV, and time to death.
    </field><field name='textblock'>
        All patients must have had AIDS as defined by the Centers for Disease Control and
        Prevention and non-sight-threatening CMV retinitis Patients could not have been previously
        treated with systemic ganciclovir or foscarnet and must not have had evidence of other
        organ involvement with CMV. Patients must have had an absolute neutrophil count (ANC)
        greater than 1,000 cells/mL and a platelet count greater than 25,000/mm3
      </field><field name='overall_status'>Completed</field><field name='start_date'>October 1992</field><field name='completion_date'>December 1993</field><field name='phase'>Phase 3</field><field name='study_type'>Interventional</field><field name='has_expanded_access'>No</field><field name='study_design_info'>
    </field><field name='allocation'>Randomized</field><field name='primary_purpose'>Treatment</field><field name='description'>Clinical Alert To Physicians And Others Who Treat Patients With AIDS</field><field name='description'>NEI Press Release-Eye Implant Effective in Treating CMV Retinitis</field><field name='condition'>HIV Infections</field><field name='condition'>Acquired Immunodeficiency Syndrome</field><field name='condition'>Cytomegalovirus Retinitis</field><field name='intervention'>
    </field><field name='intervention_type'>Device</field><field name='intervention_name'>Sustained-Release Intraocular Drug Delivery System</field><field name='description'>Clinical Alert To Physicians And Others Who Treat Patients With AIDS</field><field name='description'>NEI Press Release-Eye Implant Effective in Treating CMV Retinitis</field><field name='eligibility'>
    </field><field name='criteria'>
      </field><field name='gender'>All</field><field name='minimum_age'>N/A</field><field name='maximum_age'>N/A</field></doc></add>