<add><doc><field name='clinical_study'>
  
  </field><field name='required_header'>
    </field><field name='download_date'>ClinicalTrials.gov processed this data on September 16, 2022</field><field name='link_text'>Link to the current ClinicalTrials.gov record.</field><field name='url'>https://clinicaltrials.gov/show/NCT00000400</field><field name='url'>http://www.mgh.harvard.edu</field><field name='id_info'>
    </field><field name='org_study_id'>P50 AR44855 NIAMS-023</field><field name='nct_id'>NCT00000400</field><field name='brief_title'>Alendronate and/or Parathyroid Hormone for Osteoporosis</field><field name='official_title'>Bone Formation-Resorption Coupling and Osteoporosis</field><field name='sponsors'>
    </field><field name='lead_sponsor'>
      </field><field name='agency'>Massachusetts General Hospital</field><field name='agency'>National Institute of Arthritis and Musculoskeletal and Skin Diseases (NIAMS)</field><field name='agency_class'>Other</field><field name='agency_class'>NIH</field><field name='source'>Massachusetts General Hospital</field><field name='oversight_info'>
    </field><field name='brief_summary'>
    </field><field name='textblock'>
      This study looks at the effects of two medications, alendronate and parathyroid hormone, on
      bone mass and on bone formation and bone breakdown in women with osteoporosis. We will
      randomly select postmenopausal women who have osteoporosis to receive laboratory-produced
      human parathyroid hormone (hPTH), or alendronate, or both for 2.5 years. Study participants
      will return to the study center periodically to have their bone mass measured and to give
      blood and urine samples for tests of bone formation and breakdown and for other laboratory
      tests. Those who complete the study are eligible for one or two 12 month extension studies.
    </field><field name='textblock'>
      This is a randomized, prospective, open-label study in which osteoporotic postmenopausal
      women self-administer synthetic hPTH-(1-34), alendronate, or both, every day for 2.5 years.
      Participants initially come to Massachusetts General Hospital once a month, and subsequently
      once every 3-6 months, for measurements of serum and urine indices of bone formation and
      resorption, serum and urine toxicity tests, and DXA/QCT measurements of bone mass. One-third
      of the participants take hPTH-(1-34) daily, one-third take alendronate once daily, and
      one-third take both daily (Phase A, months 0-30).

      Participants who complete Phase A are eligible for a 12 month extension study (Phase B,
      months 30-42), during which any alendronate treatment is continued without change and any
      hPTH 1-34 treatment is stopped.

      Participants who complete Phase B are eligible for a second 12 month extension study (Phase
      C, months 42-54), during which any alendronate treatment is continued without change and
      every participant takes hPTH 1-34.

      During Phases B and C, these participants come to Massachusetts General Hospital once every 6
      months for measurements of serum and urine indices of bone formation and resorption, serum
      and urine toxicity tests, and DXA/QCT measurements of bone mass.
    </field><field name='textblock'>
        Inclusion Criteria:

          -  Lumbar spine or hip BMD T-score less than or equal to minus 2.0

          -  Postmenopausal at least 5 years

          -  Fully ambulatory

          -  Able to give informed consent

        Exclusion Criteria:

          -  No concurrent illnesses that cause bone loss

          -  No recent drug treatment for osteoporosis

          -  No recent fracture
      </field><field name='overall_status'>Completed</field><field name='start_date'>August 1999</field><field name='completion_date'>June 2006</field><field name='primary_completion_date'>April 2006</field><field name='phase'>Phase 2</field><field name='study_type'>Interventional</field><field name='has_expanded_access'>No</field><field name='study_design_info'>
    </field><field name='allocation'>Randomized</field><field name='intervention_model'>Parallel Assignment</field><field name='primary_purpose'>Treatment</field><field name='masking'>None (Open Label)</field><field name='primary_outcome'>
    </field><field name='measure'>change in spine bone mineral density</field><field name='measure'>change in hip bone mineral density</field><field name='measure'>change in forearm bone mineral density</field><field name='measure'>change in total body bone mineral</field><field name='measure'>change in femoral shaft bone mineral density</field><field name='measure'>change in serum PINP</field><field name='measure'>change in serum osteocalcin</field><field name='measure'>change in serum NTX</field><field name='measure'>incidence of hypercalcemia</field><field name='measure'>incidence of hypercalciuria</field><field name='measure'>incidence of symptoms</field><field name='time_frame'>study months 30 (phase A), 42 (phase B), 54 (phase C)</field><field name='time_frame'>study months 30 (phase A), 42 (phase B), 54 (phase C)</field><field name='time_frame'>study months 30 (phase A), 42 (phase B), 54 (phase C)</field><field name='time_frame'>study months 30 (phase A), 42 (phase B), 54 (phase C)</field><field name='time_frame'>study months 30 (phase A), 42 (phase B), 54 (phase C)</field><field name='time_frame'>study months 0-30 (phase A), 30-42 (phase B), 42-54 (phase C)</field><field name='time_frame'>study months 0-30 (phase A), 30-42 (phase B), 42-54 (phase C)</field><field name='time_frame'>study months 0-30 (phase A), 30-42 (phase B), 42-54 (phase C)</field><field name='time_frame'>study months 0-30 (phase A), 30-42 (phase B), 42-54 (phase C)</field><field name='time_frame'>study months 0-30 (phase A), 30-42 (phase B), 42-54 (phase C)</field><field name='time_frame'>study months 0-30 (phase A), 30-42 (phase B), 42-54 (phase C)</field><field name='description'>Human parathyroid hormone [hPTH-(1-34)]</field><field name='description'>Alendronate</field><field name='description'>Human parathyroid hormone [hPTH-(1-34)] plus alendronate</field><field name='description'>37 mcg once daily by self-administered sc injection</field><field name='description'>70 mg/week by oral route</field><field name='description'>Click here for more information about this study.</field><field name='number_of_arms'>3</field><field name='enrollment'>176</field><field name='condition'>Osteoporosis</field><field name='arm_group'>
    </field><field name='arm_group'>
    </field><field name='arm_group'>
    </field><field name='arm_group_label'>PTH</field><field name='arm_group_label'>ALN</field><field name='arm_group_label'>PTH+ALN</field><field name='arm_group_label'>PTH</field><field name='arm_group_label'>PTH+ALN</field><field name='arm_group_label'>ALN</field><field name='arm_group_label'>PTH+ALN</field><field name='arm_group_type'>Experimental</field><field name='arm_group_type'>Active Comparator</field><field name='arm_group_type'>Experimental</field><field name='intervention'>
    </field><field name='intervention'>
    </field><field name='intervention_type'>Drug</field><field name='intervention_type'>Drug</field><field name='intervention_name'>Human parathyroid hormone [hPTH-(1-34)]</field><field name='intervention_name'>alendronate</field><field name='description'>Human parathyroid hormone [hPTH-(1-34)]</field><field name='description'>Alendronate</field><field name='description'>Human parathyroid hormone [hPTH-(1-34)] plus alendronate</field><field name='description'>37 mcg once daily by self-administered sc injection</field><field name='description'>70 mg/week by oral route</field><field name='description'>Click here for more information about this study.</field><field name='arm_group_label'>PTH</field><field name='arm_group_label'>ALN</field><field name='arm_group_label'>PTH+ALN</field><field name='arm_group_label'>PTH</field><field name='arm_group_label'>PTH+ALN</field><field name='arm_group_label'>ALN</field><field name='arm_group_label'>PTH+ALN</field><field name='eligibility'>
    </field><field name='criteria'>
      </field><field name='gender'>All</field><field name='minimum_age'>45 Years</field><field name='maximum_age'>85 Years</field></doc></add>