<add><doc><field name='clinical_study'>
  
  </field><field name='required_header'>
    </field><field name='download_date'>ClinicalTrials.gov processed this data on September 16, 2022</field><field name='link_text'>Link to the current ClinicalTrials.gov record.</field><field name='url'>https://clinicaltrials.gov/show/NCT00000353</field><field name='id_info'>
    </field><field name='org_study_id'>NIDA-3-0012-2</field><field name='nct_id'>NCT00000353</field><field name='brief_title'>Trial of Buprenorphine/Naloxone for Opiate Dependence - 2</field><field name='official_title'>Efficacy/Safety Trial of Buprenorphine/Nx for Opiate Dependence</field><field name='sponsors'>
    </field><field name='lead_sponsor'>
      </field><field name='agency'>National Institute on Drug Abuse (NIDA)</field><field name='agency'>University of Pennsylvania</field><field name='agency_class'>NIH</field><field name='agency_class'>Other</field><field name='source'>National Institute on Drug Abuse (NIDA)</field><field name='brief_summary'>
    </field><field name='textblock'>
      The purpose of this study is to determine the efficacy and safety of a buprenorphine/naloxone
      sublingual tablet formulation as an office-based therapy for opiate dependence treatment.
    </field><field name='textblock'>
        Please contact site for information.
      </field><field name='overall_status'>Completed</field><field name='start_date'>October 1996</field><field name='completion_date'>October 1997</field><field name='primary_completion_date'>September 1997</field><field name='phase'>Phase 2</field><field name='study_type'>Interventional</field><field name='has_expanded_access'>No</field><field name='study_design_info'>
    </field><field name='primary_purpose'>Treatment</field><field name='enrollment'>0</field><field name='condition'>Opioid-Related Disorders</field><field name='condition'>Substance-Related Disorders</field><field name='intervention'>
    </field><field name='intervention_type'>Drug</field><field name='intervention_name'>Buprenorphine/naloxone</field><field name='eligibility'>
    </field><field name='criteria'>
      </field><field name='gender'>All</field><field name='minimum_age'>19 Years</field><field name='maximum_age'>57 Years</field></doc></add>