<add><doc><field name='clinical_study'>
  
  </field><field name='required_header'>
    </field><field name='download_date'>ClinicalTrials.gov processed this data on September 16, 2022</field><field name='link_text'>Link to the current ClinicalTrials.gov record.</field><field name='url'>https://clinicaltrials.gov/show/NCT00000131</field><field name='id_info'>
    </field><field name='org_study_id'>NEI-30</field><field name='nct_id'>NCT00000131</field><field name='brief_title'>Central Vein Occlusion Study (CVOS)</field><field name='sponsors'>
    </field><field name='lead_sponsor'>
      </field><field name='agency'>National Eye Institute (NEI)</field><field name='agency_class'>NIH</field><field name='source'>National Eye Institute (NEI)</field><field name='brief_summary'>
    </field><field name='textblock'>
      To determine whether photocoagulation therapy can help prevent iris neovascularization in
      eyes with central vein occlusion (CVO) and evidence of ischemic retina.

      To assess whether grid-pattern photocoagulation therapy will reduce loss of central visual
      acuity due to macular edema secondary to CVO.

      To develop new data describing the course and prognosis for eyes with CVO.
    </field><field name='textblock'>
      Central vein occlusion is a common retinal vascular disorder with potentially blinding
      complications. The two major complications are reduced central vision caused by macular edema
      and neovascular glaucoma caused by iris neovascularization. Other clinical trials have shown
      that laser photocoagulation is an effective treatment for complications found in diabetic
      retinopathy and branch vein occlusion, which have some features in common with CVO:
      neovascularization and reduced visual acuity caused by macular edema occur in all three
      disorders. Evidence from small-scale studies suggests that a grid pattern of photocoagulation
      reduces macular edema in CVO patients, although the associated changes in visual acuity are
      variable. The CVOS is a detailed investigation of grid pattern photocoagulation in a larger
      randomized group of patients.

      Eligible patients were divided into four groups:

      Group N: Eyes with extensive retinal ischemia (at least 10 disc areas of nonperfusion) were
      randomly assigned to receive panretinal photocoagulation or nontreatment unless iris
      neovascularization developed.

      Group M: Eyes with visual loss ascribable to macular edema were randomly assigned to receive
      grid-pattern photocoagulation or nontreatment.

      Group P: Eyes with relatively perfused retinas were followed to provide information about the
      natural history of the disease.

      Group I: Indeterminate eyes in which the retina could not be visualized accurately because of
      hemorrhage were followed in a natural history study.

      Green argon laser with a slit lamp delivery system was used for all treatments. Photographic
      documentation of retinal changes was obtained at entry, post-treatment, and at specified
      followup visits for a period of at least 3 years. The frequency of followup visits varied
      according to the group to which the CVO patient was assigned. Visual acuity, the primary
      outcome factor in the group with macular edema, was measured according to a modified Early
      Treatment Diabetic Retinopathy Study protocol at each visit.
    </field><field name='textblock'>
        Men and women must have been age 21 or older and willing to return for followup visits for
        3 years following assignment into the appropriate group and randomization. Each of the four
        groups has specific eligibility criteria. Patients with retinal vascular disease other than
        that specified in the criteria, such as diabetic retinopathy, were ineligible. Patients
        with macular disease other than that due to CVO were ineligible for that portion of the
        study.
      </field><field name='overall_status'>Completed</field><field name='start_date'>August 1988</field><field name='completion_date'>February 1994</field><field name='phase'>Phase 3</field><field name='study_type'>Interventional</field><field name='has_expanded_access'>No</field><field name='study_design_info'>
    </field><field name='allocation'>Randomized</field><field name='primary_purpose'>Treatment</field><field name='condition'>Retinal Vein Occlusion</field><field name='condition'>Retinal Diseases</field><field name='intervention'>
    </field><field name='intervention_type'>Procedure</field><field name='intervention_name'>Photocoagulation Therapy</field><field name='eligibility'>
    </field><field name='criteria'>
      </field><field name='gender'>All</field><field name='minimum_age'>21 Years</field><field name='maximum_age'>N/A</field></doc></add>