<add><doc><field name='clinical_study'>
  
  </field><field name='required_header'>
    </field><field name='download_date'>ClinicalTrials.gov processed this data on September 16, 2022</field><field name='link_text'>Link to the current ClinicalTrials.gov record.</field><field name='url'>https://clinicaltrials.gov/show/NCT00000344</field><field name='id_info'>
    </field><field name='org_study_id'>NIDA-3-0010-9</field><field name='nct_id'>NCT00000344</field><field name='brief_title'>Buprenorphine/Naloxone for Treatment of Opiate Dependence - 9</field><field name='official_title'>Trial of Buprenorphine/Naloxone for Treatment of Opiate Dependence</field><field name='sponsors'>
    </field><field name='lead_sponsor'>
      </field><field name='agency'>National Institute on Drug Abuse (NIDA)</field><field name='agency_class'>NIH</field><field name='source'>National Institute on Drug Abuse (NIDA)</field><field name='brief_summary'>
    </field><field name='textblock'>
      The purpose of this study is to determine the efficacy and safety of a buprenorphine/naloxone
      sublingual tablet formulation as an office-based therapy for opiate-dependence treatment.
    </field><field name='textblock'>
        Inclusion Criteria:

        M/F ages 21-50. Meet DSM-IV criteria for opiate dependence. Agree to conditions of the
        study and sign informed consent.

        Exclusion Criteria:

        Psychiatric disorder that requires medication therapy. History of seizures. Pregnant and/or
        nuring women. Dependence on ETOH or benzodiazepines or other sedative/hypnotics. Acute
        hepatitis. Other medical condtions that deem participation to be unsafe.
      </field><field name='overall_status'>Completed</field><field name='completion_date'>August 2000</field><field name='phase'>Phase 2</field><field name='study_type'>Interventional</field><field name='has_expanded_access'>No</field><field name='study_design_info'>
    </field><field name='allocation'>Randomized</field><field name='primary_purpose'>Treatment</field><field name='masking'>Double</field><field name='enrollment'>40</field><field name='condition'>Opioid-Related Disorders</field><field name='intervention'>
    </field><field name='intervention_type'>Drug</field><field name='intervention_name'>Buprenorphine/naloxone</field><field name='eligibility'>
    </field><field name='criteria'>
      </field><field name='gender'>All</field><field name='minimum_age'>21 Years</field><field name='maximum_age'>50 Years</field></doc></add>