<add><doc><field name='clinical_study'>
  
  </field><field name='required_header'>
    </field><field name='download_date'>ClinicalTrials.gov processed this data on September 16, 2022</field><field name='link_text'>Link to the current ClinicalTrials.gov record.</field><field name='url'>https://clinicaltrials.gov/show/NCT00000426</field><field name='id_info'>
    </field><field name='org_study_id'>R01AR042155</field><field name='nct_id'>NCT00000426</field><field name='brief_title'>Treatment of Calcium Deficiency in Young Women</field><field name='official_title'>Treatment of Calcium Deficiency in Young Women</field><field name='sponsors'>
    </field><field name='lead_sponsor'>
      </field><field name='agency'>Creighton University</field><field name='agency'>National Institute of Arthritis and Musculoskeletal and Skin Diseases (NIAMS)</field><field name='agency_class'>Other</field><field name='agency_class'>NIH</field><field name='source'>Creighton University</field><field name='brief_summary'>
    </field><field name='textblock'>
      This study looks at the effects of calcium supplementation on bone density in women in their
      third decade of life. We placed women aged 19-27 who take in low amounts of calcium in their
      diets in one of two groups. We will give women in one group a placebo (inactive pill) and
      women in the other group 1500 milligrams of calcium per day (as calcium carbonate). We will
      monitor the results by looking at the change in bone mineral density measured at the hip,
      total body, forearm, and spine. Treatment will last 3 years.
    </field><field name='textblock'>
      This is a randomized, controlled trial of calcium carbonate supplementation (1500 milligrams
      per day) in third-decade women with low calcium-to-protein intakes. We accept women aged
      19-27 on the basis of good health and the 7-day food diary demonstrating a dietary
      calcium-to-protein ratio (in milligrams:grams) that does not exceed 13. The outcome variable
      is the change in BMD at hip, total body, forearm, and spine. Treatment lasts for 3 years. We
      expect that bone mass will increase in both groups but will increase to a greater extent in
      the calcium-supplemented group than in the nonsupplemented group.
    </field><field name='textblock'>
        Inclusion Criteria:

          -  Women in good health

          -  Dietary calcium-to-protein ratio (in mg:g, as assessed by 7-day food diary) does not
             exceed 13

        Exclusion Criteria:

          -  Smoking

          -  Pregnancy

          -  Lactation

          -  Endocrine disease
      </field><field name='overall_status'>Completed</field><field name='start_date'>January 1995</field><field name='completion_date'>June 2000</field><field name='phase'>Phase 2</field><field name='study_type'>Interventional</field><field name='has_expanded_access'>No</field><field name='study_design_info'>
    </field><field name='allocation'>Randomized</field><field name='intervention_model'>Parallel Assignment</field><field name='primary_purpose'>Treatment</field><field name='masking'>Double</field><field name='enrollment'>150</field><field name='condition'>Osteoporosis</field><field name='intervention'>
    </field><field name='intervention_type'>Drug</field><field name='intervention_name'>Calcium supplement</field><field name='eligibility'>
    </field><field name='criteria'>
      </field><field name='gender'>Female</field><field name='minimum_age'>19 Years</field><field name='maximum_age'>27 Years</field></doc></add>