<add><doc><field name='clinical_study'>
  
  </field><field name='required_header'>
    </field><field name='download_date'>ClinicalTrials.gov processed this data on September 16, 2022</field><field name='link_text'>Link to the current ClinicalTrials.gov record.</field><field name='url'>https://clinicaltrials.gov/show/NCT00000592</field><field name='id_info'>
    </field><field name='org_study_id'>312</field><field name='nct_id'>NCT00000592</field><field name='brief_title'>Stroke Prevention in Sickle Cell Anemia (STOP 1)</field><field name='sponsors'>
    </field><field name='lead_sponsor'>
      </field><field name='agency'>Augusta University</field><field name='agency'>National Heart, Lung, and Blood Institute (NHLBI)</field><field name='agency_class'>Other</field><field name='agency_class'>NIH</field><field name='source'>Augusta University</field><field name='brief_summary'>
    </field><field name='textblock'>
      To reduce episodes of first time stroke by 75 percent in children with sickle cell anemia by
      the administration of prophylactic transfusion therapy.
    </field><field name='textblock'>
      BACKGROUND:

      Stroke, occurring in about 10 percent of pediatric patients with sickle cell disease, is one
      of the most devastating complications, with a high recurrence rate after the first episode.
      Several non-randomized studies have shown reduction in stroke recurrence when periodic blood
      transfusions are administered to maintain hemoglobin S under 30 percent. Periodic blood
      transfusions are associated with significant risks of iron overload and other complications
      and must be accompanied by parenteral iron chelation therapy. However, this has become a
      standard of care for prevention of recurrent stroke in SS children. Thus, a randomized trial
      of blood transfusion for secondary prevention would not be feasible because it would be
      considered unethical. Based on various studies, the recurrence rate is reduced from 46 to 67
      percent to approximately 7 percent on transfusion therapy. Because most stroke patients are
      left with some neurological deficit, and face a lifetime of disability, primary prevention
      would have a significant impact on the management of patients. However, because of
      complications of blood transfusions, the hypothesis should be proven by a randomized clinical
      trial.

      A primary prevention trial had not been possible because an acceptable means of detecting
      those children at risk of stroke was not available. The advent of TCD to identify arterial
      abnormalities for the prediction of stroke has provided a means of detection. TCD
      abnormalities have a high specificity (100 percent) and high sensitivity (90 percent) for
      detecting angiographically proven narrowing of arterial diameter. Thus, TCD examination of
      the basal cerebral arteries is predictive of who will develop a stroke.

      DESIGN NARRATIVE:

      Randomized, Phase III, multicenter. Approximately 3,000 children from 12 clinics were
      screened with transcranial Doppler (TCD). A total of 130 were randomized to receive either
      standard supportive care or periodic blood transfusions if they were found to be at high risk
      of stroke on the basis of elevated cerebral blood flow as measured by TCD screening tests.
      Primary endpoints included clinically evident symptoms of cerebral infarction with consistent
      findings on magnetic resonance imaging (MRI), and/or symptomatic intracranial hemorrhage.
      Secondary endpoints included asymptomatic brain lesions detected by MRI in brain areas not
      involved in primary endpoints. Hematologic characteristics of the high risk group were
      analyzed and serum and DNA samples frozen for future analysis. Recruitment ended in October
      1997 with the accrual of 130 subjects. The clinical phase ended in 1999.
    </field><field name='textblock'>
        Pediatric patients, ages 24 months to 16 years, with sickle cell anemia or S-beta zero
        thalassemia.
      </field><field name='overall_status'>Completed</field><field name='start_date'>July 1994</field><field name='completion_date'>August 2000</field><field name='phase'>Phase 3</field><field name='study_type'>Interventional</field><field name='has_expanded_access'>No</field><field name='study_design_info'>
    </field><field name='allocation'>Randomized</field><field name='primary_purpose'>Prevention</field><field name='condition'>Anemia, Sickle Cell</field><field name='condition'>Cerebral Embolism and Thrombosis</field><field name='condition'>Cerebrovascular Disorders</field><field name='condition'>Hematologic Diseases</field><field name='condition'>Hemoglobinopathies</field><field name='intervention'>
    </field><field name='intervention_type'>Procedure</field><field name='intervention_name'>blood transfusion</field><field name='eligibility'>
    </field><field name='criteria'>
      </field><field name='gender'>All</field><field name='minimum_age'>2 Years</field><field name='maximum_age'>16 Years</field></doc></add>