<add><doc><field name='clinical_study'>
  
  </field><field name='required_header'>
    </field><field name='download_date'>ClinicalTrials.gov processed this data on September 16, 2022</field><field name='link_text'>Link to the current ClinicalTrials.gov record.</field><field name='url'>https://clinicaltrials.gov/show/NCT00000121</field><field name='id_info'>
    </field><field name='org_study_id'>NEI-20</field><field name='nct_id'>NCT00000121</field><field name='brief_title'>The Prism Adaptation Study (PAS)</field><field name='sponsors'>
    </field><field name='lead_sponsor'>
      </field><field name='agency'>National Eye Institute (NEI)</field><field name='agency_class'>NIH</field><field name='source'>National Eye Institute (NEI)</field><field name='brief_summary'>
    </field><field name='textblock'>
      To determine whether the preoperative use of prisms in eyeglasses can improve the outcome of
      surgery for acquired esotropia, a type of strabismus.

      To determine whether patients who respond to prism adaptation by developing a new stable
      angle of -deviation have a better surgical result than do patients who do not respond to
      prism adaptation.

      To determine whether patients who respond to prism adaptation are more accurately corrected
      by operating for the prism-adapted angle or the original angle of deviation.

      To determine the usefulness of certain input variables (e.g., age at the time of surgery,
      size of the deviation, visual acuity, binocular function, refractive error) in predicting
      which patients are more likely to benefit from prism adaptation.
    </field><field name='textblock'>
      Acquired esotropia (crossed eyes that develop after a child reaches the age of 6 months)
      accounts for 25 percent of all patients with misaligned eyes. Surgery to correct esotropia is
      done primarily to attain functional use of the two eyes together. The cosmetic aspect of the
      surgery is secondary. In 40 to 50 percent of cases, more than one operation is needed to
      accomplish the primary goal, and in some cases even three and four operations are needed.

      Preliminary studies from two eye care centers reported that the use of prisms on eyeglasses
      for about a month before surgery led to good results after a single operation in more than 90
      percent of patients. These uncontrolled preliminary studies pointed to the need for a
      multicenter, randomized, controlled clinical trial designed to prove or disprove
      scientifically the beneficial effect of prisms.

      The Prism Adaptation Study was a double randomization trial involving 286 patients.
      Three-fifths of the patients were randomly selected for prism adaptation before surgery. Of
      the patients who responded to the prisms, one-half were randomly selected to have surgery
      based on the amount of prism required to stabilize the deviation, and the other half had
      surgery based on the amount of esotropia originally measured. Patients who did not respond to
      the prisms also had surgery based on the amount of esotropia measured, as did the two-fifths
      of the patients who did not undergo prism adaptation.

      Patients were examined postoperatively at 1 week, 1 month, 3 months, 6 months, and 1 year. An
      independent examiner, masked to the treatment assignment, evaluated the patient at the
      6-month followup. The results were analyzed to determine whether the outcome was better in
      patients who underwent prism adaptation or in those who underwent conventional treatment.
      Because the examiner did not know what type of treatment a patient had received, he or she
      would have no bias in evaluating the results.
    </field><field name='textblock'>
        An eligible male or female must have been age 3 years or older (adults were included) and
        must have had esotropia that occurred at age 6 months or older, with no history of previous
        eye muscle surgery.
      </field><field name='overall_status'>Completed</field><field name='start_date'>March 1984</field><field name='completion_date'>May 1989</field><field name='phase'>Phase 3</field><field name='study_type'>Interventional</field><field name='has_expanded_access'>No</field><field name='study_design_info'>
    </field><field name='allocation'>Randomized</field><field name='primary_purpose'>Treatment</field><field name='condition'>Esotropia</field><field name='intervention'>
    </field><field name='intervention_type'>Device</field><field name='intervention_name'>Prisms in Eyeglasses</field><field name='eligibility'>
    </field><field name='criteria'>
      </field><field name='gender'>All</field><field name='minimum_age'>3 Years</field><field name='maximum_age'>N/A</field></doc></add>