<add><doc><field name='clinical_study'>
  
  </field><field name='required_header'>
    </field><field name='download_date'>ClinicalTrials.gov processed this data on September 16, 2022</field><field name='link_text'>Link to the current ClinicalTrials.gov record.</field><field name='url'>https://clinicaltrials.gov/show/NCT00000116</field><field name='id_info'>
    </field><field name='org_study_id'>NEI-12</field><field name='nct_id'>NCT00000116</field><field name='brief_title'>Randomized Trial for Retinitis Pigmentosa</field><field name='official_title'>Randomized Trial for Retinitis Pigmentosa</field><field name='sponsors'>
    </field><field name='lead_sponsor'>
      </field><field name='agency'>National Eye Institute (NEI)</field><field name='agency_class'>NIH</field><field name='source'>National Eye Institute (NEI)</field><field name='brief_summary'>
    </field><field name='textblock'>
      The purpose of this trial is to determine whether a nutritional supplement in addition to
      vitamin A will slow the course of retinitis pigmentosa.
    </field><field name='textblock'>
      Retinitis pigmentosa (RP) is a group of inherited retinal degenerations with a worldwide
      prevalence of approximately 1 in 4,000. Patients typically report night blindness and
      difficulty with midperipheral visual field in adolescence. As the condition progresses, they
      lose far peripheral visual field. Most patients have reductions in central vision by age 50
      to 80 years. Based on electroretinograms (ERGs), the course of the disease can be slowed on
      average among adults on 15,000 IU/day of vitamin A palmitate. While conducting the trial on
      the effects of vitamin A on RP, it became apparent that another substance in the diet could
      be affecting the course of the disease. This prompted the present randomized, controlled
      trial.

      This study is a randomized, controlled, double-masked trial with a planned duration of 5
      years. Patients with the common forms of RP are assigned to either a test or a control group.
      All receive 15,000 IU/day of vitamin A palmitate in addition to the capsules under study.
      Participants will not know the contents of the supplement or the group to which they have
      been assigned until the end of the trial. The main outcome measurement is the total point
      score on the Humphrey Field Analyzer (HFA). In addition, computer-averaged 30-Hz cone ERG
      amplitudes and visual acuity are measured annually.
    </field><field name='textblock'>
        Inclusion Criteria:

        Eligible patients must:

          -  Be between the ages of 18 and 56

          -  Be able to see the entire face of someone sitting across the table from them without
             scanning

          -  Read newspaper-size print without special magnifying aids

          -  Walk unaided in daylight

          -  Have a normal fasting serum vitamin A and normal liver function profile

          -  Be in good general health

          -  Reside in the United States

        Exclusion Criteria:

          -  Women who are pregnant or planning to become pregnant cannot be included because of
             the risk of birth defects that could occur while they are on a vitamin A supplement.
      </field><field name='overall_status'>Completed</field><field name='start_date'>May 1996</field><field name='completion_date'>September 1997</field><field name='phase'>Phase 3</field><field name='study_type'>Interventional</field><field name='has_expanded_access'>No</field><field name='study_design_info'>
    </field><field name='allocation'>Randomized</field><field name='intervention_model'>Parallel Assignment</field><field name='primary_purpose'>Treatment</field><field name='masking'>Double</field><field name='condition'>Retinitis Pigmentosa</field><field name='intervention'>
    </field><field name='intervention'>
    </field><field name='intervention_type'>Drug</field><field name='intervention_type'>Drug</field><field name='intervention_name'>Vitamin A</field><field name='intervention_name'>Nutritional Supplement</field><field name='eligibility'>
    </field><field name='criteria'>
      </field><field name='gender'>All</field><field name='minimum_age'>18 Years</field><field name='maximum_age'>56 Years</field></doc></add>