<add><doc><field name='clinical_study'>
  
  </field><field name='required_header'>
    </field><field name='download_date'>ClinicalTrials.gov processed this data on September 16, 2022</field><field name='link_text'>Link to the current ClinicalTrials.gov record.</field><field name='url'>https://clinicaltrials.gov/show/NCT00000447</field><field name='id_info'>
    </field><field name='org_study_id'>NIAAA-SCHMITZ-11216-04</field><field name='nct_id'>NCT00000447</field><field name='brief_title'>Behavioral/Drug Therapy for Alcohol-Nicotine Dependence (Naltrexone/Nicotine Patch)</field><field name='official_title'>Behavioral/Pharmacological Treatments for Alcohol-Nicotine Dependence</field><field name='sponsors'>
    </field><field name='lead_sponsor'>
      </field><field name='agency'>The University of Texas Health Science Center, Houston</field><field name='agency'>National Institute on Alcohol Abuse and Alcoholism (NIAAA)</field><field name='agency_class'>Other</field><field name='agency_class'>NIH</field><field name='source'>The University of Texas Health Science Center, Houston</field><field name='brief_summary'>
    </field><field name='textblock'>
      This study will develop a behavioral and drug relapse prevention program for individuals who
      are dependent on both alcohol and tobacco. The study's goal is to show that individuals
      receiving nicotine replacement therapy and naltrexone (Revia) with behavior therapy will have
      higher rates of abstinence from both smoking and drinking than individuals who do not receive
      the drug therapies. Individuals will be placed in a 12-week outpatient treatment program with
      followup assessments 1, 3, and 6 months after treatment.
    </field><field name='textblock'>
        Inclusion Criteria:

          -  Meets criteria for alcohol and nicotine dependence.

          -  Individuals will be outpatients with alcohol and nicotine dependence who have
             completed detoxification (medicated or nonmedicated) within the past 48-120 hours.

          -  Smoking no less than 10 cigarettes/day and no greater than 50 cigarettes/day.

          -  Motivated to quit smoking.

          -  Willing and able to participate in the 12 week outpatient treatment.

          -  Acceptable health.

          -  Able to provide a collateral informant.

          -  Willing to be followed for 6 months after treatment ends.

          -  Willing and able to provide the names of three family members or friends to aid in
             locating participants for follow-up.

        Exclusion Criteria:

          -  Current diagnosis of dependence on other substances except nicotine and alcohol.

          -  Having moderately severe or severe alcohol withdrawal symptoms.

          -  Recent (less than 48 hours) evidence of hazardous drinking (more than 2 drinks/day for
             females; 3 drinks/day for males).

          -  History of opioid abuse.

          -  Recent use of cocaine.

          -  Not desiring to quit smoking.

          -  Recent past or current pharmacotherapy involving naltrexone or transdermal nicotine
             systems.

          -  History of psychosis.

          -  Current suicidality, homicidally or psychiatric symptoms requiring other medications.

          -  Presence of medical abnormalities that contraindicate naltrexone or nicotine
             replacement therapy.

          -  Current treatment with psychotropic medications.

          -  Pregnancy or nursing for female patients. Inability or unwillingness to participate in
             the 12-week outpatient treatment.
      </field><field name='overall_status'>Completed</field><field name='start_date'>September 1998</field><field name='completion_date'>May 2003</field><field name='phase'>Phase 4</field><field name='study_type'>Interventional</field><field name='has_expanded_access'>No</field><field name='study_design_info'>
    </field><field name='allocation'>Randomized</field><field name='intervention_model'>Factorial Assignment</field><field name='primary_purpose'>Treatment</field><field name='masking'>Double</field><field name='enrollment'>200</field><field name='condition'>Alcoholism</field><field name='condition'>Smoking</field><field name='intervention'>
    </field><field name='intervention'>
    </field><field name='intervention_type'>Drug</field><field name='intervention_type'>Drug</field><field name='intervention_name'>naltrexone (Revia)</field><field name='intervention_name'>nicotine replacement patch</field><field name='eligibility'>
    </field><field name='criteria'>
      </field><field name='gender'>All</field><field name='minimum_age'>18 Years</field><field name='maximum_age'>50 Years</field></doc></add>