<add><doc><field name='clinical_study'>
  
  </field><field name='required_header'>
    </field><field name='download_date'>ClinicalTrials.gov processed this data on September 16, 2022</field><field name='link_text'>Link to the current ClinicalTrials.gov record.</field><field name='url'>https://clinicaltrials.gov/show/NCT00000257</field><field name='id_info'>
    </field><field name='org_study_id'>NIDA-08391-9</field><field name='nct_id'>NCT00000257</field><field name='brief_title'>Effects of Alcohol History on Effects of Nitrous Oxide - 9</field><field name='official_title'>Effects of Alcohol History on Effects of Nitrous Oxide</field><field name='sponsors'>
    </field><field name='lead_sponsor'>
      </field><field name='agency'>University of Chicago</field><field name='agency'>National Institute on Drug Abuse (NIDA)</field><field name='agency_class'>Other</field><field name='agency_class'>NIH</field><field name='source'>University of Chicago</field><field name='brief_summary'>
    </field><field name='textblock'>
      The purpose of this study is to conduct experiments to examine subjective and reinforcing
      effects of nitrous oxide. Mood altering and psychomotor effects will be tested on non-drug
      abusers and preference procedures will be used to assess reinforcing effects. Comparisons
      between nitrous oxide, opiates, and benzodiazepine antagonists will be made. To determine
      effects of alcohol history on the reinforcing, subjective and psychomotor effects of nitrous
      oxide in healthy volunteers.
    </field><field name='textblock'>
        Please contact site for information.
      </field><field name='overall_status'>Completed</field><field name='start_date'>September 1995</field><field name='completion_date'>April 1997</field><field name='primary_completion_date'>April 1997</field><field name='phase'>N/A</field><field name='study_type'>Interventional</field><field name='has_expanded_access'>No</field><field name='study_design_info'>
    </field><field name='allocation'>Non-Randomized</field><field name='intervention_model'>Crossover Assignment</field><field name='masking'>Double (Participant, Investigator)</field><field name='primary_outcome'>
    </field><field name='measure'>Choice of nitrous oxide vs placebo</field><field name='time_frame'>After 30 min inhalation each of N2O and placebo</field><field name='description'>Two subject groups (light drinkers vs moderate drinkers) were asked to inhale a given conc of N2O and inhale a placebo, then choose for a third inhalation. The subject & the technician administering the inhalant were blinded. Testing was done at each dose.</field><field name='number_of_arms'>2</field><field name='enrollment'>19</field><field name='condition'>Alcohol-Related Disorders</field><field name='condition'>Opioid-Related Disorders</field><field name='condition'>Substance-Related Disorders</field><field name='arm_group'>
    </field><field name='arm_group'>
    </field><field name='arm_group_label'>Light drinkers</field><field name='arm_group_label'>Moderate drinkers</field><field name='arm_group_label'>Light drinkers</field><field name='arm_group_label'>Moderate drinkers</field><field name='arm_group_label'>Light drinkers</field><field name='arm_group_label'>Moderate drinkers</field><field name='arm_group_label'>Light drinkers</field><field name='arm_group_label'>Moderate drinkers</field><field name='arm_group_label'>Light drinkers</field><field name='arm_group_label'>Moderate drinkers</field><field name='arm_group_type'>Active Comparator</field><field name='arm_group_type'>Active Comparator</field><field name='intervention'>
    </field><field name='intervention'>
    </field><field name='intervention'>
    </field><field name='intervention'>
    </field><field name='intervention_type'>Drug</field><field name='intervention_type'>Drug</field><field name='intervention_type'>Drug</field><field name='intervention_type'>Drug</field><field name='intervention_name'>0% N2O and 10% N2O</field><field name='intervention_name'>0% N2O and 20% N2O</field><field name='intervention_name'>0% N2O and 30% N2O</field><field name='intervention_name'>0% N2O and 40% N2O</field><field name='description'>Two subject groups (light drinkers vs moderate drinkers) were asked to inhale a given conc of N2O and inhale a placebo, then choose for a third inhalation. The subject & the technician administering the inhalant were blinded. Testing was done at each dose.</field><field name='arm_group_label'>Light drinkers</field><field name='arm_group_label'>Moderate drinkers</field><field name='arm_group_label'>Light drinkers</field><field name='arm_group_label'>Moderate drinkers</field><field name='arm_group_label'>Light drinkers</field><field name='arm_group_label'>Moderate drinkers</field><field name='arm_group_label'>Light drinkers</field><field name='arm_group_label'>Moderate drinkers</field><field name='arm_group_label'>Light drinkers</field><field name='arm_group_label'>Moderate drinkers</field><field name='eligibility'>
    </field><field name='criteria'>
      </field><field name='gender'>All</field><field name='minimum_age'>21 Years</field><field name='maximum_age'>37 Years</field></doc></add>