<add><doc><field name='clinical_study'>
  
  </field><field name='required_header'>
    </field><field name='download_date'>ClinicalTrials.gov processed this data on September 16, 2022</field><field name='link_text'>Link to the current ClinicalTrials.gov record.</field><field name='url'>https://clinicaltrials.gov/show/NCT00000408</field><field name='id_info'>
    </field><field name='org_study_id'>R01AR044939</field><field name='nct_id'>NCT00000408</field><field name='brief_title'>Low Back Pain Patient Education Evaluation</field><field name='official_title'>Evaluation of a Low Back Pain Patient Education Program</field><field name='sponsors'>
    </field><field name='lead_sponsor'>
      </field><field name='agency'>Stanford University</field><field name='agency'>National Institute of Arthritis and Musculoskeletal and Skin Diseases (NIAMS)</field><field name='agency_class'>Other</field><field name='agency_class'>NIH</field><field name='source'>Stanford University</field><field name='oversight_info'>
    </field><field name='brief_summary'>
    </field><field name='textblock'>
      Back pain is one of the most common of all symptoms. It is also a great cause of days lost
      from work and visits to health care providers. This study will develop and evaluate an
      approach to low back pain that allows subjects to talk with each other and with health
      professionals via an Internet discussion group. Results we will look at include health
      behaviors, such as exercise; health status, such as pain and disability; and health care use,
      such as number of visits to doctors and other health care providers. Anyone 18 years old or
      older who lives in the United States and has ongoing Internet access can take part in the
      study. All subjects must have back pain and meet the eligibility criteria listed below.
    </field><field name='textblock'>
      This study will develop and evaluate in a randomized trial a low back pain intervention that
      allows subjects to talk with each other and with health professionals via an Internet
      discussion group. The intervention consists of a book and a videotape and is based on
      interaction with other participants in the program and health professionals through a closed
      password protected moderated Internet discussion group. Outcome measures include health
      behaviors, such as exercise; health status, such as pain and disability; and health care use,
      such as number of visits to doctors and other health care providers. Patients will be
      randomized either to the treatment group and followed for 6, 12, 18, and 24 months with the
      intervention.
    </field><field name='textblock'>
        Inclusion Criteria:

          -  Must live in the United States

          -  Must understand and write English

          -  Must have access to a computer with e-mail and expect to have this access for at least
             3 years

          -  Must be 18 years old

          -  Must have seen a doctor for back pain at least once in the past year

        Exclusion Criteria:

          -  Pregnancy

          -  Back surgery in the past 6 months

          -  Expectation of having back surgery in the next 6 months

          -  Back pain due to a car accident or other major injury within the last 6 months

          -  Back pain or sciatica due to systemic disease (inflammatory rheumatic diseases, tumor,
             or other)

          -  Major physical or mental health condition for which one is currently being treated
             that severely limits daily activities

          -  Terminal illness

          -  Receiving disability or workers compensation insurance payments for back pain or
             sciatica

          -  Presently involved in legal proceedings because of back pain or sciatica

          -  Difficulty with bladder or bowel control that began with back pain or sciatica

          -  No visits to a doctor in the past year for back pain or sciatica

          -  Numbness in crotch area that began with back pain or sciatica

          -  Age under 18
      </field><field name='overall_status'>Completed</field><field name='start_date'>February 1998</field><field name='completion_date'>February 2002</field><field name='primary_completion_date'>February 2002</field><field name='phase'>N/A</field><field name='study_type'>Interventional</field><field name='has_expanded_access'>No</field><field name='study_design_info'>
    </field><field name='allocation'>Randomized</field><field name='intervention_model'>Parallel Assignment</field><field name='primary_purpose'>Treatment</field><field name='masking'>None (Open Label)</field><field name='description'>usual care</field><field name='number_of_arms'>2</field><field name='enrollment'>580</field><field name='condition'>Low Back Pain</field><field name='arm_group'>
    </field><field name='arm_group'>
    </field><field name='arm_group_label'>email discussion group</field><field name='arm_group_label'>rancomized control group</field><field name='arm_group_label'>email discussion group</field><field name='arm_group_type'>Experimental</field><field name='arm_group_type'>No Intervention</field><field name='intervention'>
    </field><field name='intervention_type'>Procedure</field><field name='intervention_name'>Patient education evaluation</field><field name='description'>usual care</field><field name='arm_group_label'>email discussion group</field><field name='arm_group_label'>rancomized control group</field><field name='arm_group_label'>email discussion group</field><field name='eligibility'>
    </field><field name='criteria'>
      </field><field name='gender'>All</field><field name='minimum_age'>18 Years</field><field name='maximum_age'>N/A</field></doc></add>