<add><doc><field name='clinical_study'>
  
  </field><field name='required_header'>
    </field><field name='download_date'>ClinicalTrials.gov processed this data on September 16, 2022</field><field name='link_text'>Link to the current ClinicalTrials.gov record.</field><field name='url'>https://clinicaltrials.gov/show/NCT00000605</field><field name='id_info'>
    </field><field name='org_study_id'>109</field><field name='nct_id'>NCT00000605</field><field name='brief_title'>Estrogen and Graft Atherosclerosis Research Trial (EAGER)</field><field name='sponsors'>
    </field><field name='lead_sponsor'>
      </field><field name='agency'>National Heart, Lung, and Blood Institute (NHLBI)</field><field name='agency_class'>NIH</field><field name='source'>National Heart, Lung, and Blood Institute (NHLBI)</field><field name='brief_summary'>
    </field><field name='textblock'>
      To determine if postmenopausal hormone replacement therapy in women following coronary bypass
      surgery would reduce the occurrence of graft occlusion and delay the development of graft
      atherosclerosis.
    </field><field name='textblock'>
      BACKGROUND:

      Coronary atherosclerosis is a major cause of death in women in the United States. Although
      coronary artery bypass surgery decreases symptomatic and clinical evidence of ischemia, it
      does not alter the underlying process. Patients may present several years later with
      recurrent symptoms that may be a result of occlusion of saphenous vein grafts, development of
      atherosclerotic disease in vein grafts, or progression of underlying disease. Any
      intervention that can reduce the rate of progression of coronary atherosclerosis following
      bypass surgery would provide significant benefit for women following bypass surgery and
      possibly for other women with atherosclerotic disease. Observational studies suggest that
      postmenopausal estrogen replacement therapy is associated with a reduction in cardiac
      morbidity.

      DESIGN NARRATIVE:

      The study was a randomized, double-blind, controlled trial. Subjects were randomized to
      conjugated estrogen with daily medroxyprogesterone or placebo within two weeks of bypass
      surgery. Graft occlusion and development of vein graft atherosclerosis were measured by
      comparing quantitative coronary angiographic and vascular ultrasonic assessment of disease
      severity and extent performed at six months and three and a half years after randomization.
      The primary outcome variables included the occurrence of graft occlusion at six months and
      the change in severity and extent of atherosclerosis in the saphenous vein grafts over three
      years. The trial determined the influence of hormone replacement therapy on the primary
      outcome variables.

      The study completion date listed in this record was obtained from the "End Date" entered in
      the Protocol Registration and Results System (PRS) record.
    </field><field name='textblock'>
        Postmenopausal women who had undergone coronary artery bypass graft.
      </field><field name='overall_status'>Completed</field><field name='start_date'>August 1996</field><field name='completion_date'>July 2002</field><field name='phase'>Phase 3</field><field name='study_type'>Interventional</field><field name='has_expanded_access'>No</field><field name='study_design_info'>
    </field><field name='allocation'>Randomized</field><field name='primary_purpose'>Prevention</field><field name='masking'>Double</field><field name='condition'>Cardiovascular Diseases</field><field name='condition'>Coronary Arteriosclerosis</field><field name='condition'>Coronary Disease</field><field name='condition'>Heart Diseases</field><field name='condition'>Myocardial Ischemia</field><field name='condition'>Postmenopause</field><field name='intervention'>
    </field><field name='intervention'>
    </field><field name='intervention'>
    </field><field name='intervention_type'>Drug</field><field name='intervention_type'>Drug</field><field name='intervention_type'>Drug</field><field name='intervention_name'>hormone replacement therapy</field><field name='intervention_name'>estrogens</field><field name='intervention_name'>medroxyprogesterone</field><field name='eligibility'>
    </field><field name='criteria'>
      </field><field name='gender'>Female</field><field name='minimum_age'>45 Years</field><field name='maximum_age'>75 Years</field></doc></add>