<add><doc><field name='clinical_study'>
  
  </field><field name='required_header'>
    </field><field name='download_date'>ClinicalTrials.gov processed this data on September 16, 2022</field><field name='link_text'>Link to the current ClinicalTrials.gov record.</field><field name='url'>https://clinicaltrials.gov/show/NCT00000566</field><field name='id_info'>
    </field><field name='org_study_id'>204</field><field name='nct_id'>NCT00000566</field><field name='brief_title'>Prospective Investigation of Pulmonary Embolism Diagnosis (PIOPED)</field><field name='sponsors'>
    </field><field name='lead_sponsor'>
      </field><field name='agency'>National Heart, Lung, and Blood Institute (NHLBI)</field><field name='agency_class'>NIH</field><field name='source'>National Heart, Lung, and Blood Institute (NHLBI)</field><field name='brief_summary'>
    </field><field name='textblock'>
      To evaluate the sensitivity and specificity of two major, widely used technologies,
      radionuclear imaging (ventilation-perfusion scanning) and pulmonary angiography, for the
      diagnosis of pulmonary embolism.
    </field><field name='textblock'>
      BACKGROUND:

      In 1983, reliable data on the incidence of pulmonary embolism in the adult population and in
      groups identified at risk were not available because the sensitivity and specificity of the
      diagnostic procedures had not been determined. Estimates suggested there were about half a
      million episodes of pulmonary embolism in hospitalized patients each year in the United
      States. Deaths attributable to pulmonary embolism would be expected in about one third of
      these patients if left untreated.

      The clinical diagnosis of pulmonary embolism was subject to a high frequency of false
      positives and false negatives. The most definitive diagnostic procedure was pulmonary
      angiography, an invasive, expensive procedure which was not without risk. It required
      specialized equipment and highly trained personnel both for performance and for
      interpretation. Therefore, it was used to diagnose pulmonary embolism only in the major
      medical centers. Another technique utilized as a method to diagnose pulmonary embolism
      involved a combination of perfusion and ventilation scanning; this method was only minimally
      invasive. A normal perfusion scan was thought to be of considerable value because it
      essentially excluded the diagnosis of pulmonary embolism. In selected patient populations,
      abnormal perfusion scans combined with normal ventilation scans were of substantial help in
      diagnosis.

      Although there had been no acceptable validation of the use of perfusion scans in the
      diagnosis of pulmonary embolism, thousands of patients had been evaluated for pulmonary
      embolism based on perfusion scanning often using methods of imaging now considered to be
      inadequate. In the early 1980s, clinical practice interpreted a negative perfusion scan as
      overwhelming evidence against the presence of pulmonary emboli. This interpretation had not
      been adequately tested either in a prospective study or by long-term follow-up of patients to
      determine clinical outcome. With regards to positive perfusion scans, there were data to
      suggest that as many as two-thirds of positive perfusion scans could not subsequently be
      confirmed by pulmonary angiography. Prospective studies in which timely angiograms using
      selective injections and improved imaging techniques were needed to evaluate the usefulness
      of positive perfusion scans.

      Phase I was initiated in September 1983. Protocols developed during Phase I underwent
      independent assessment review in April 1984 and were reviewed and approved by the May 1984
      National Heart, Lung, and Blood Advisory Council. Recruitment and intervention started in
      January 1985 and ended in September 1986. Follow-up was completed on September 30, 1987.

      DESIGN NARRATIVE:

      Patients suspected of pulmonary embolism underwent a ventilation-perfusion scan. Patients
      with an abnormal perfusion scan underwent angiography. All patients were followed for one
      year.
    </field><field name='textblock'>
        Men and women suspected of having a pulmonary embolism and who met the criteria to undergo
        angiography.
      </field><field name='overall_status'>Completed</field><field name='start_date'>September 1983</field><field name='completion_date'>December 1989</field><field name='phase'>Phase 3</field><field name='study_type'>Interventional</field><field name='has_expanded_access'>No</field><field name='study_design_info'>
    </field><field name='primary_purpose'>Diagnostic</field><field name='condition'>Lung Diseases</field><field name='condition'>Pulmonary Embolism</field><field name='intervention'>
    </field><field name='intervention'>
    </field><field name='intervention_type'>Procedure</field><field name='intervention_type'>Procedure</field><field name='intervention_name'>ventilation-perfusion ratio</field><field name='intervention_name'>angiography</field><field name='eligibility'>
    </field><field name='criteria'>
      </field><field name='gender'>All</field><field name='minimum_age'>18 Years</field><field name='maximum_age'>75 Years</field></doc></add>