<add><doc><field name='clinical_study'>
  
  </field><field name='required_header'>
    </field><field name='download_date'>ClinicalTrials.gov processed this data on September 16, 2022</field><field name='link_text'>Link to the current ClinicalTrials.gov record.</field><field name='url'>https://clinicaltrials.gov/show/NCT00000144</field><field name='url'>http://www.nei.nih.gov/news/pressreleases/gltpressrelease.asp</field><field name='url'>http://www.nei.nih.gov/news/pressreleases/glt-1pressrelease.asp</field><field name='id_info'>
    </field><field name='org_study_id'>NEI-43</field><field name='nct_id'>NCT00000144</field><field name='brief_title'>Glaucoma Laser Trial (GLT) Glaucoma Laser Trial Followup Study (GLTFS)</field><field name='sponsors'>
    </field><field name='lead_sponsor'>
      </field><field name='agency'>National Eye Institute (NEI)</field><field name='agency_class'>NIH</field><field name='source'>National Eye Institute (NEI)</field><field name='brief_summary'>
    </field><field name='textblock'>
      To compare the safety and long-term efficacy of argon laser treatment of the trabecular
      meshwork with standard medical treatment for primary open-angle glaucoma.
    </field><field name='textblock'>
      During the last decade, argon laser trabeculoplasty (ALT) has often been used instead of
      surgery as the treatment of choice in cases of open-angle glaucoma that could not be
      controlled by drugs. ALT treatment consists of tiny laser burns evenly spaced around the
      trabecular meshwork. It sometimes has been found to be effective in controlling glaucoma,
      although many eyes still require some medical treatment.

      The Glaucoma Laser Trial (GLT), a randomized, controlled clinical trial, was conducted to
      determine whether ALT is effective in patients with newly diagnosed, primary, open-angle
      glaucoma. Each of the 271 patients in the trial received argon laser treatment in one eye and
      standard topical medication in the other eye. The eye to be started on medicine and the eye
      that would get the laser treatment were randomly selected. The Glaucoma Laser Trial Followup
      Study was a followup study of 203 of the 271 patients who enrolled in the Glaucoma Laser
      Trial. By the close of the Glaucoma Laser Trial Followup Study, median duration of followup
      since diagnosis of primary, open-angle glaucoma was 7 years (maximum, 9 years).

      The argon laser treatment was done in two sessions 1 month apart, with one-half of the
      trabecular meshwork treated with 45 to 55 laser burns in each session. Patients were seen for
      a followup visit 3 months after the first laser treatment and every 3 months thereafter for a
      period of at least 2 years. At each visit, examination of the eyes included a check of
      intraocular pressure and visual acuity. Visual field examinations were performed 3, 6, and 12
      months after randomization and annually thereafter. Disc stereo photographs were taken 6 and
      12 months after randomization and annually thereafter.

      The results of these examinations determined whether treatment should be changed. If the
      pressure in either eye had not been reduced to the desired level, the physician changed the
      medication in the eye treated with drops or started the use of drops in the laser-treated eye
      according to a standardized procedure being used in the trial. If intraocular pressure was
      still not successfully reduced, surgery or further laser treatment may have been required.
    </field><field name='textblock'>
        At the time of recruitment, patients had to be at least 35 years old with an intraocular
        pressure of at least 22 mm Hg or greater in each eye and evidence of optic nerve damage in
        at least one eye.
      </field><field name='overall_status'>Completed</field><field name='start_date'>January 1984</field><field name='phase'>Phase 3</field><field name='study_type'>Interventional</field><field name='has_expanded_access'>No</field><field name='study_design_info'>
    </field><field name='allocation'>Randomized</field><field name='primary_purpose'>Treatment</field><field name='description'>NEI Press Release-Laser Surgery Is Safe And Effective First Treatment For Glaucoma</field><field name='description'>NEI Press Release-Laser Therapy Show Promise As Alternative to Glaucoma Drugs</field><field name='condition'>Open-Angle Glaucoma</field><field name='intervention'>
    </field><field name='intervention_type'>Procedure</field><field name='intervention_name'>Argon Laser Treatment</field><field name='description'>NEI Press Release-Laser Surgery Is Safe And Effective First Treatment For Glaucoma</field><field name='description'>NEI Press Release-Laser Therapy Show Promise As Alternative to Glaucoma Drugs</field><field name='eligibility'>
    </field><field name='criteria'>
      </field><field name='gender'>All</field><field name='minimum_age'>35 Years</field><field name='maximum_age'>N/A</field></doc></add>