<add><doc><field name='clinical_study'>
  
  </field><field name='required_header'>
    </field><field name='download_date'>ClinicalTrials.gov processed this data on September 16, 2022</field><field name='link_text'>Link to the current ClinicalTrials.gov record.</field><field name='url'>https://clinicaltrials.gov/show/NCT00000361</field><field name='id_info'>
    </field><field name='org_study_id'>NIDCD-1158</field><field name='nct_id'>NCT00000361</field><field name='brief_title'>Autoimmunity in Inner Ear Disease</field><field name='sponsors'>
    </field><field name='lead_sponsor'>
      </field><field name='agency'>National Institute on Deafness and Other Communication Disorders (NIDCD)</field><field name='agency_class'>NIH</field><field name='source'>National Institute on Deafness and Other Communication Disorders (NIDCD)</field><field name='brief_summary'>
    </field><field name='textblock'>
      The purpose of this study is to determine whether prednisone, methotrexate, and
      cyclophosphamide are effective in the treatment of rapidly progressive sensorineural hearing
      loss in both ears. This condition is called autoimmune inner ear disease (AIED), because it
      is thought that the hearing loss is triggered by an autoimmune process. Treatment attempts to
      suppress or control this process with powerful anti-inflammatory drugs. This is a Phase III,
      outpatient study. All study participants will be assigned to one of four different groups
      testing the experimental use of drugs. The study is scheduled to run for 18 months, with a
      minimum of 11 visits per participant.
    </field><field name='textblock'>
        Inclusion Criteria:

          -  Have sensorineural (nerve/inner ear) hearing loss of at least 30 dB in each ear, which
             has rapidly progressed.

          -  Are in good general health.

          -  Are sterile or use contraception (if a woman of child-bearing age).

          -  Are able to speak and understand English or Spanish.

        Exclusion Criteria:

          -  Have had any previous reaction to prednisone, or history of psychiatric reaction to
             corticosteroids.

          -  Have used corticosteroids for more than 30 days within the past 90 days. Patients who
             have been off corticosteroids for at least 30 days may be eligible.

          -  Have any significant heart, lung, digestive, blood, or neurologic disorders.

          -  Have tuberculosis (TB), brittle or unstable insulin-dependent diabetes mellitus,
             active malignancy or prior chemotherapy, pancreatitis, active peptic ulcer disease,
             kidney failure, history of shingles, or known (other) autoimmune disease.

          -  Have had a positive test for HIV, hepatitis C or B.

          -  Have any type of middle ear disorder.

          -  Are breast-feeding or pregnant.
      </field><field name='overall_status'>Terminated</field><field name='start_date'>March 1998</field><field name='completion_date'>November 2002</field><field name='phase'>Phase 3</field><field name='study_type'>Interventional</field><field name='has_expanded_access'>No</field><field name='study_design_info'>
    </field><field name='allocation'>Randomized</field><field name='intervention_model'>Parallel Assignment</field><field name='primary_purpose'>Treatment</field><field name='masking'>Double</field><field name='condition'>Hearing Loss, Sensorineural</field><field name='intervention'>
    </field><field name='intervention'>
    </field><field name='intervention_type'>Drug</field><field name='intervention_type'>Drug</field><field name='intervention_name'>Corticosteroids</field><field name='intervention_name'>Methotrexate</field><field name='eligibility'>
    </field><field name='criteria'>
      </field><field name='gender'>All</field><field name='minimum_age'>18 Years</field><field name='maximum_age'>70 Years</field></doc></add>