<add><doc><field name='clinical_study'>
  
  </field><field name='required_header'>
    </field><field name='download_date'>ClinicalTrials.gov processed this data on September 16, 2022</field><field name='link_text'>Link to the current ClinicalTrials.gov record.</field><field name='url'>https://clinicaltrials.gov/show/NCT00000347</field><field name='id_info'>
    </field><field name='org_study_id'>NIDA-3-0010-12</field><field name='nct_id'>NCT00000347</field><field name='brief_title'>Risperidone for Treatment of Cocaine Dependence in Outpatients - 12</field><field name='official_title'>Risperidone for Treatment of Cocaine Dependence in Outpatients</field><field name='sponsors'>
    </field><field name='lead_sponsor'>
      </field><field name='agency'>National Institute on Drug Abuse (NIDA)</field><field name='agency_class'>NIH</field><field name='source'>National Institute on Drug Abuse (NIDA)</field><field name='brief_summary'>
    </field><field name='textblock'>
      The purpose of this study is to evaluate pharmacological efficacy and clinical safety of
      risperidone in the treatment of cocaine and amphetamine dependence.
    </field><field name='textblock'>
        Inclusion Criteria:

        M/F ages 21-50 . Meet DSM-IV criteria for cocaine dependence. Agree to conditions of the
        study and sign informed consent.

        Exclusion Criteria:

        Psychiatric disorder that requires medication therapy. History of seizures. Pregnant and/or
        nuring women. Dependence on ETOH or benzodiazepines or other sedative/hypnotics. Acute
        hepatitis. Other medical condtions that deem participation to be unsafe.
      </field><field name='overall_status'>Completed</field><field name='start_date'>July 1997</field><field name='completion_date'>September 1998</field><field name='primary_completion_date'>August 1998</field><field name='phase'>Phase 2</field><field name='study_type'>Interventional</field><field name='has_expanded_access'>No</field><field name='study_design_info'>
    </field><field name='intervention_model'>Parallel Assignment</field><field name='primary_purpose'>Treatment</field><field name='masking'>Double</field><field name='enrollment'>0</field><field name='condition'>Cocaine-Related Disorders</field><field name='intervention'>
    </field><field name='intervention_type'>Drug</field><field name='intervention_name'>Risperidone</field><field name='eligibility'>
    </field><field name='criteria'>
      </field><field name='gender'>All</field><field name='minimum_age'>21 Years</field><field name='maximum_age'>50 Years</field></doc></add>