<add><doc><field name='clinical_study'>
  
  </field><field name='required_header'>
    </field><field name='download_date'>ClinicalTrials.gov processed this data on September 16, 2022</field><field name='link_text'>Link to the current ClinicalTrials.gov record.</field><field name='url'>https://clinicaltrials.gov/show/NCT00000571</field><field name='id_info'>
    </field><field name='org_study_id'>209</field><field name='nct_id'>NCT00000571</field><field name='brief_title'>Trial of Inspiratory Muscle Rest and Exercise in Chronic Obstructive Lung Disease</field><field name='sponsors'>
    </field><field name='lead_sponsor'>
      </field><field name='agency'>McGill University</field><field name='agency'>National Heart, Lung, and Blood Institute (NHLBI)</field><field name='agency_class'>Other</field><field name='agency_class'>NIH</field><field name='source'>McGill University</field><field name='brief_summary'>
    </field><field name='textblock'>
      To test the effectiveness of ventilatory muscle rest (VMR) using home negative pressure
      ventilation (NPV) in improving exercise performance, alleviating dyspnea, and improving the
      quality of life in patients with severe chronic obstructive lung disease.
    </field><field name='textblock'>
      BACKGROUND:

      The potential importance of respiratory, chiefly inspiratory-muscle, fatigue had only
      recently been appreciated. If inspiratory muscles fail, so does ventilation and tissue
      respiration. There are theoretical reasons to postulate inspiratory muscle failure in chronic
      obstructive pulmonary disease, and suggestions that it may occur in an acute form with
      exacerbations and in a chronic form during 'stability'. There are two therapeutic strategies
      available for prevention and treatment of inspiratory muscle fatigue: training inspiratory
      muscles to increase their efficiency and resting fatigued muscles. The former should work if
      chronic fatigue is not present, and the latter should allow recovery from chronic fatigue, so
      the two approaches are not necessarily mutually exclusive. This proposal was originally
      designed to test the efficacy of each of these therapies alone and also in combination;
      however, given the experience of a pretrial period, these goals were scaled back. Since there
      was reason to believe that VMR may be more effective than IMT, the trial focused on VMR and
      sham VMR only.

      Ventilatory muscle rest was applied using a negative pressure ventilation suit sealed at the
      patient's hips, arms, and neck. A widebore tube connected to a fitting in the suit above the
      grid on the chest and upper abdomen transmitted negative pressure to the chest wall from the
      pump, thereby inflating the lungs.

      The evidence for chronic inspiratory muscle fatigue in patients with COLD resided largely in
      several relatively poorly controlled studies indicating that nocturnal artificial
      ventilation, which presumably rested the inspiratory muscles, produced improvement in daytime
      function and blood gases. The trial produced some badly needed data on both the occurrence of
      inspiratory muscle fatigue in COLD patients and its treatment with VMR.

      DESIGN NARRATIVE:

      Randomized, blinded. A total of 1,231 patients in the metropolitan Montreal area were
      screened. Of these, 348 were recruited to enter a four week stabilization period, and 184
      were subsequently randomized to either active or sham negative pressure ventilation (NPV). A
      five day in-hospital period was used to train patients in ventilator use and obtain baseline
      measures of exercise capacity, lung function, respiratory symptoms, and quality of life.
      Randomization was stratified on the basis of whether or not the patient had been receiving
      oxygen at home. Home ventilation treatment took place during a following 12-week period.
      Respirator use was recorded from patient logs and from concealed meters installed in the
      units. Patients received four home visits by physiotherapists during the 12-week period and
      returned to the hospital for follow-up at four and twelve weeks post-discharge for
      reassessment. The principal outcome measure was the distance in meters walked in six minutes.
      Secondary outcome measures were cycle exercise endurance time, severity of dyspnea, quality
      of life, arterial blood gas tensions, and respiratory muscle strength.
    </field><field name='textblock'>
        No eligibility criteria
      </field><field name='overall_status'>Completed</field><field name='start_date'>February 1986</field><field name='phase'>Phase 3</field><field name='study_type'>Interventional</field><field name='has_expanded_access'>No</field><field name='study_design_info'>
    </field><field name='allocation'>Randomized</field><field name='primary_purpose'>Treatment</field><field name='condition'>Lung Diseases</field><field name='condition'>Lung Diseases, Obstructive</field><field name='condition'>Chronic Obstructive Pulmonary Disease</field><field name='intervention'>
    </field><field name='intervention_type'>Device</field><field name='intervention_name'>ventilators, negative pressure</field><field name='eligibility'>
    </field><field name='criteria'>
      </field><field name='gender'>All</field><field name='minimum_age'>30 Years</field><field name='maximum_age'>75 Years</field></doc></add>