<add><doc><field name='clinical_study'>
  
  </field><field name='required_header'>
    </field><field name='download_date'>ClinicalTrials.gov processed this data on September 16, 2022</field><field name='link_text'>Link to the current ClinicalTrials.gov record.</field><field name='url'>https://clinicaltrials.gov/show/NCT00000504</field><field name='id_info'>
    </field><field name='org_study_id'>23</field><field name='nct_id'>NCT00000504</field><field name='brief_title'>Cardiac Arrhythmia Pilot Study (CAPS)</field><field name='sponsors'>
    </field><field name='lead_sponsor'>
      </field><field name='agency'>National Heart, Lung, and Blood Institute (NHLBI)</field><field name='agency_class'>NIH</field><field name='source'>National Heart, Lung, and Blood Institute (NHLBI)</field><field name='brief_summary'>
    </field><field name='textblock'>
      To compare the effectiveness of various drugs and drug combinations in suppressing complex
      ventricular arrhythmias, and to evaluate their safety.
    </field><field name='textblock'>
      BACKGROUND:

      Epidemiologic studies had indicated that complex ventricular premature beats made an
      independent contribution to risk of sudden death in survivors of a myocardial infarction
      (MI), and did not appear to be merely a reflection of their association with relatively
      severe myocardial damage. The potential for reduction in mortality by identification and
      administration of drugs capable of safely suppressing ventricular arrhythmias was tremendous.
      In 1982, there was incomplete knowledge regarding which types of ventricular arrhythmias
      responded to various kinds of drugs. A pilot study of antiarrhythmic agents helped clarify
      this issue.

      Numerous antiarrhythmic agents with differing pharmacologic properties and side effects had
      been shown to suppress ventricular arrhythmias. It had also been postulated that
      antiarrhythmics might raise an individual's threshold for experiencing ventricular
      fibrillation. There had been several published reports of large (at least l00 patients),
      long-term clinical trials of antiarrhythmic agents in post-MI patients. None of these had
      yielded statistically significant results using mortality as the response variable. This
      might have been due to incorrect drug selection, inadequate sample size, inappropriate choice
      of patients, or the lack of impact of arrhythmia treatment on mortality.

      Due to incomplete knowledge as to which drug(s) and combinations of drugs were most
      effective, it was considered to be premature to undertake a full scale trial in 1981-1982.
      However, the public health problem was of sufficient magnitude to warrant a pilot study to
      learn more about the efficacy and safety of various antiarrhythmic drugs singly or in
      combination.

      The protocol planning phase began in October l982. Patient recruitment started in July l983
      and ended in the summer of 1985. Each patient was followed for one year.

      DESIGN NARRATIVE:

      Randomized, double-blind, fixed sample. A total of 502 patients were randomly assigned to 5
      treatment groups consisting of encainide, ethmozine, flecainide, imipramine, and placebo.
    </field><field name='textblock'>
        Men and women. Patients had acute myocardial infarction and ventricular arrhythmias.
      </field><field name='overall_status'>Completed</field><field name='start_date'>September 1982</field><field name='completion_date'>September 1985</field><field name='phase'>Phase 2</field><field name='study_type'>Interventional</field><field name='has_expanded_access'>No</field><field name='study_design_info'>
    </field><field name='allocation'>Randomized</field><field name='primary_purpose'>Treatment</field><field name='masking'>Double</field><field name='condition'>Arrhythmia</field><field name='condition'>Cardiovascular Diseases</field><field name='condition'>Heart Diseases</field><field name='condition'>Ventricular Arrhythmia</field><field name='intervention'>
    </field><field name='intervention'>
    </field><field name='intervention'>
    </field><field name='intervention'>
    </field><field name='intervention_type'>Drug</field><field name='intervention_type'>Drug</field><field name='intervention_type'>Drug</field><field name='intervention_type'>Drug</field><field name='intervention_name'>encainide</field><field name='intervention_name'>moricizine</field><field name='intervention_name'>flecainide</field><field name='intervention_name'>imipramine</field><field name='eligibility'>
    </field><field name='criteria'>
      </field><field name='gender'>All</field><field name='minimum_age'>18 Years</field><field name='maximum_age'>75 Years</field></doc></add>