<add><doc><field name='clinical_study'>
  
  </field><field name='required_header'>
    </field><field name='download_date'>ClinicalTrials.gov processed this data on September 16, 2022</field><field name='link_text'>Link to the current ClinicalTrials.gov record.</field><field name='url'>https://clinicaltrials.gov/show/NCT00000108</field><field name='id_info'>
    </field><field name='org_study_id'>NCRR-M01RR00042-1647</field><field name='nct_id'>NCT00000108</field><field name='brief_title'>Effects of Training Intensity on the CHD Risk Factors in Postmenopausal Women</field><field name='sponsors'>
    </field><field name='lead_sponsor'>
      </field><field name='agency'>National Center for Research Resources (NCRR)</field><field name='agency_class'>NIH</field><field name='source'>National Center for Research Resources (NCRR)</field><field name='brief_summary'>
    </field><field name='textblock'>
      The purpose of this research is to find out whether training at different exercise
      intensities reduces the risk of developing cardiovascular disease (CVD) to a different
      extent. Heart attacks and stroke are the leading cause of death in older women. Reduced
      variability of the heart rate and increased dips and swings in blood pressure are risks
      factors that predict the chance of developing CVD as are increased levels of clotting protein
      fibrinogen and plasminogen activator inhibitor 1, and high levels of LDL-cholesterol
      (>160mg/dl). We will be measuring all of these risk factors and any changes in your body fat
      level before you start training and after 15 and 30 weeks of training in the form of walking.
      At the present time the effects of exercise intensity on these factors are not well
      understood. This study will add to the basic understanding of these issues and allow us to
      recommend to postmenopausal women optimal exercise intensities to lose body fat and reduce
      the risk of developing CVD.
    </field><field name='textblock'>
        Inclusion Criteria:

          -  Postmenopausal and preferably on hormone replacement therapy

          -  In good general health

          -  Have a body mass index (BMI, weight in kg/height in m2) of between 25 and 40

          -  Exercise less than 20 min/day two days a week
      </field><field name='overall_status'>Completed</field><field name='phase'>N/A</field><field name='study_type'>Interventional</field><field name='has_expanded_access'>No</field><field name='study_design_info'>
    </field><field name='allocation'>Randomized</field><field name='intervention_model'>Parallel Assignment</field><field name='primary_purpose'>Prevention</field><field name='condition'>Cardiovascular Diseases</field><field name='condition'>Coronary Disease</field><field name='intervention'>
    </field><field name='intervention_type'>Behavioral</field><field name='intervention_name'>Exercise</field><field name='eligibility'>
    </field><field name='criteria'>
      </field><field name='gender'>Female</field><field name='minimum_age'>50 Years</field><field name='maximum_age'>65 Years</field></doc></add>