<add><doc><field name='clinical_study'>
  
  </field><field name='required_header'>
    </field><field name='download_date'>ClinicalTrials.gov processed this data on September 16, 2022</field><field name='link_text'>Link to the current ClinicalTrials.gov record.</field><field name='url'>https://clinicaltrials.gov/show/NCT00000403</field><field name='id_info'>
    </field><field name='org_study_id'>R01AR043348</field><field name='nct_id'>NCT00000403</field><field name='brief_title'>Doxycycline and OA Progression</field><field name='official_title'>Effect of Doxycycline on Osteoarthritis (OA) Progression</field><field name='sponsors'>
    </field><field name='lead_sponsor'>
      </field><field name='agency'>Indiana University</field><field name='agency'>National Institute of Arthritis and Musculoskeletal and Skin Diseases (NIAMS)</field><field name='agency'>National Institute on Aging (NIA)</field><field name='agency_class'>Other</field><field name='agency_class'>NIH</field><field name='agency_class'>NIH</field><field name='source'>Indiana University</field><field name='brief_summary'>
    </field><field name='textblock'>
      This study will determine whether doxycycline decreases the severity or rate of progression
      of osteoarthritis (OA) in the knee. Nonsteroidal anti-inflammatory drugs (NSAIDs) are the
      most popular agents used to treat OA, but elderly women, in whom OA is especially common, are
      at greatest risk of developing serious side effects from NSAIDs.

      Our study targets overweight middle-aged women who have OA in one knee. Half of the 432 study
      participants will receive the treatment (doxycycline) and half will receive a placebo
      (inactive pill). Treatment with doxycycline (or placebo) will last 30 months, and
      participants and researchers will not know who is receiving doxycycline and who is receiving
      placebo until the end of the study. We will look for narrowing of the joint space in the knee
      that was not affected by OA at the start of the study. Joint space narrowing is a sign of OA.
      We will also use questionnaires to evaluate participants' symptoms and functioning.
    </field><field name='textblock'>
      This study is a double-blind, multicenter randomized controlled trial of doxycycline on
      osteoarthritis (OA) progression. Our previous research suggests that doxycycline might help
      prevent or slow OA development by reducing breakdown of cartilage in joints. The target
      population is one that is at high risk for the development of bilateral knee OA: overweight
      middle-aged women with unilateral knee OA at baseline. We hypothesize that doxycycline will
      decrease the severity or rate of progression of OA. We are recruiting 432 study participants
      across six clinical centers and randomizing them to treatment or placebo groups
      (N=216/group). Participants will receive either doxycycline (treatment) or placebo for 30
      months.

      We will use several strategies to maximize compliance with the study medications and
      retention of participants in the study, including a "faintness-of-heart" test, which will be
      used at the outset to eliminate people unlikely to comply, and use of a computerized medicine
      cap to provide information on compliance with the prescribed dosing regimen between visits.
      These strategies will permit study personnel to aim their efforts to enhance compliance at
      those participants who can best benefit from these efforts.

      The primary outcome variable is minimum joint space width (or joint space narrowing, JSN) in
      the medial tibiofemoral compartment of the knee that is normal at baseline. In addition, we
      will examine changes in an algofunctional index (WOMAC), global arthritis activity, general
      health status (SF-36), and use of health services in the two treatment groups.
    </field><field name='textblock'>
        Inclusion Criteria:

          -  Women 45-64 years of age.

          -  Upper tertile of sex-, age- and race-adjusted norms for body mass index.

          -  Unilateral knee OA at baseline.

          -  Postmenopausal status or otherwise incapable of childbearing.

          -  Ability to ambulate (move about) independently without assistive devices.

          -  Ability to read and write in English or Spanish and give informed consent.

        Exclusion Criteria:

          -  Premenopausal status (unless subject has had a hysterectomy).

          -  Current use of any investigational drug.

          -  Significant hematologic, renal, hepatic or cardiovascular disease (but not including
             mild/moderate hypertension) or any other serious medical condition that might preclude
             the subject's ability to participate fully in the project, keep clinic appointments,
             etc.

          -  Prior surgery (including arthroscopy) of the contralateral knee.

          -  Significantly abnormal laboratory values at the time of enrollment.

          -  Pigmented villonodular synovitis of the knee.

          -  Synovial chondromatosis.

          -  Charcot arthropathy.

          -  A known "secondary" cause of OA, including acute or chronic infectious OA;
             crystal-induced arthritis; systemic inflammatory connective tissue disease (e.g.,
             rheumatoid arthritis, systemic lupus erythematosus); osteonecrosis; Paget's disease;
             or metabolic diseases, such as hemochromatosis, Wilson's disease, or ochronosis.
             Chondrocalcinosis, however, will not be an exclusion criterion.

          -  Conditions other than knee OA which limit lower extremity function and mobility and/or
             would confound the evaluation of knee pain and function (e.g., clinically significant
             spinal or hip arthritis, painful or dysfunctional feet, peripheral vascular disease,
             lumbar radiculopathy, stroke, etc.).

          -  Steroid injection into either knee within past 3 months.

          -  A history of photosensitivity (sensitivity to light) or any other adverse reaction to
             a tetracycline.

          -  Failure to pass a "faintness-of-heart" test (pre-randomization compliance test).

          -  Prior chronic use of tetracycline (e.g., for severe acne).

          -  Severe OA (Kellgren and Lawrence Grade IV) of the index knee.

          -  Salicylate use, with a mean dose >2g/d.

          -  Institutionalization.
      </field><field name='overall_status'>Completed</field><field name='start_date'>September 1996</field><field name='completion_date'>July 2001</field><field name='phase'>Phase 3</field><field name='study_type'>Interventional</field><field name='study_design_info'>
    </field><field name='allocation'>Randomized</field><field name='intervention_model'>Factorial Assignment</field><field name='primary_purpose'>Treatment</field><field name='masking'>Double</field><field name='enrollment'>432</field><field name='condition'>Osteoarthritis</field><field name='intervention'>
    </field><field name='intervention_type'>Drug</field><field name='intervention_name'>Doxycycline</field><field name='eligibility'>
    </field><field name='criteria'>
      </field><field name='gender'>Female</field><field name='minimum_age'>45 Years</field><field name='maximum_age'>64 Years</field></doc></add>