<add><doc><field name='clinical_study'>
  
  </field><field name='required_header'>
    </field><field name='download_date'>ClinicalTrials.gov processed this data on September 16, 2022</field><field name='link_text'>Link to the current ClinicalTrials.gov record.</field><field name='url'>https://clinicaltrials.gov/show/NCT00000288</field><field name='id_info'>
    </field><field name='org_study_id'>NIDA-09259-5</field><field name='nct_id'>NCT00000288</field><field name='brief_title'>Role of Metabolites in Nicotine Dependence (2) - 5</field><field name='official_title'>Role of Metabolites in Nicotine Dependence (2)</field><field name='sponsors'>
    </field><field name='lead_sponsor'>
      </field><field name='agency'>National Institute on Drug Abuse (NIDA)</field><field name='agency'>University of Minnesota</field><field name='agency_class'>NIH</field><field name='agency_class'>Other</field><field name='source'>National Institute on Drug Abuse (NIDA)</field><field name='brief_summary'>
    </field><field name='textblock'>
      The purpose of this study is to determine the effects of varying doses of cotinine on
      cigarette self-administration.
    </field><field name='textblock'>
      Previous studies have shown that cotinine, a metabolite of nicotine, antagonizes some of the
      effects of nicotine. One study showed that nicotine eliminates some of the beneficial effects
      of the nicotine patch in reducing withdrawal symptoms. The purpose of this study was to
      examine the effects of cotinine. The results generally showed no effects on
      self-administration of cigarettes, although higher serum nicotine levels were observed on the
      highest doses of cotinine compared to placebo or lower doses of cotinine.
    </field><field name='textblock'>
        Inclusion Criteria:

        Male/Female subjects ages 21-45 yrs. inclusive, with a smoking history of at least 1 pack
        of cigarettes daily for at least 1 year. Subject must be in good health as verified by
        medical history, screening examination, and screening laboratory tests. Subject must
        provide written informed consent to participate in the study and be motivated to stop
        smoking for a short term.

        Exclusion Criteria:

        History of myocardial infarction, angina pectoris, sustained or episodic cardiac
        arrhythmias, symptomatic peripheral vascular disease, peptic ulcer disease or any other
        medical condition which the physician or investigator deems inappropriate for
        participation. Insulin-dependent diabetes. Pregnant or lactating, or not using adequate
        birth control methods. Requirement of any form of regular psychotropic medication
        (antidepressants, antipsychotics, or anxiolytics) and recent psychiatric history). Chronic
        use of systemic steroids or antihistamines. Skin sensitivity which would preclude use of a
        transdermal system. Abuse of alcohol or any other recreational or prescription drug. Use of
        any other tobacco products including smokeless tobacco and nicotine products. Previous use
        of transdermal nicotine system. Inability to fulfill all scheduled visits and examination
        procedures throughout the study period.
      </field><field name='overall_status'>Completed</field><field name='start_date'>December 1995</field><field name='completion_date'>December 2002</field><field name='phase'>Phase 2</field><field name='study_type'>Interventional</field><field name='has_expanded_access'>No</field><field name='study_design_info'>
    </field><field name='intervention_model'>Crossover Assignment</field><field name='primary_purpose'>Treatment</field><field name='masking'>Double</field><field name='primary_outcome'>
    </field><field name='primary_outcome'>
    </field><field name='primary_outcome'>
    </field><field name='primary_outcome'>
    </field><field name='measure'>Subjective effects</field><field name='measure'>Physiological effects</field><field name='measure'>Behavioral</field><field name='measure'>Subjective</field><field name='enrollment'>0</field><field name='condition'>Tobacco Use Disorder</field><field name='intervention'>
    </field><field name='intervention_type'>Drug</field><field name='intervention_name'>Cotinine fumarate</field><field name='eligibility'>
    </field><field name='criteria'>
      </field><field name='gender'>All</field><field name='minimum_age'>21 Years</field><field name='maximum_age'>45 Years</field></doc></add>