<add><doc><field name='clinical_study'>
  
  </field><field name='required_header'>
    </field><field name='download_date'>ClinicalTrials.gov processed this data on September 16, 2022</field><field name='link_text'>Link to the current ClinicalTrials.gov record.</field><field name='url'>https://clinicaltrials.gov/show/NCT00000306</field><field name='id_info'>
    </field><field name='org_study_id'>NIDA-09262-3</field><field name='nct_id'>NCT00000306</field><field name='brief_title'>Dextroamphetamine as Adjunct in Cocaine/Opiate Dependent Patients - 3</field><field name='official_title'>Dextroamphetamine as an Adjunct in Cocaine/Opiate Dependent Patients</field><field name='sponsors'>
    </field><field name='lead_sponsor'>
      </field><field name='agency'>National Institute on Drug Abuse (NIDA)</field><field name='agency'>University of Texas</field><field name='agency_class'>NIH</field><field name='agency_class'>Other</field><field name='source'>National Institute on Drug Abuse (NIDA)</field><field name='brief_summary'>
    </field><field name='textblock'>
      The purpose of this study is to evaluate dextroamphetamine sulfate (sustained release) as an
      adjunct in concurrent cocaine and opiate dependent patients.
    </field><field name='textblock'>
      This 27-week double-blind, placebo controlled treatment is designed to evaluate
      dextroamphetamine sulfate (sustained release) as an adjunct in concurrent cocaine and opiate
      dependent patients. All subjects will receive methadone. For the treatment of cocaine
      dependence, subjects will receive one of 2 doses of dextroamphetamine (15 or 30mg) or
      placebo. After 4 weeks of treatment the dose level of dextroamphetamine is doubled (30 or
      60mg). This dose is maintained for 20 weeks; during which subjects attend twice weekly visits
      to the clinic and receive weekly cognitive behavioral therapy. Follow up evaluations will be
      conducted out to 3 months post treatment. Subjects will be assisted in transferring to
      Houston area methadone clinics to maintain treatment for opiate dependence following
      treatment completion.
    </field><field name='textblock'>
        Inclusion Criteria- Subject must:

          -  Exhibit cocaine and opiate dependence through a DSM-IV diagnosis as determined by
             SCID.

          -  Be between 18 and 45 years old

          -  Women must agree to use contraception

          -  Have an EKG that has been confirmed by a cardiologist

          -  Give a cocaine positive urine during screening - Present with evidence of opiate
             withdrawal

        Exclusion Criteria- Subject must not:

        � Have a serious medical illness including, but not limited to the following: Hypertension
        Significant heart disease Clinically significant cardiovascular abnormality Angina Hepatic,
        renal, or gastrointestinal disorders that could result in an altered metabolism or
        excretion of study agent

          -  Have any Axis I disorder that is not related to drug use

          -  Have current dependence on any psychoactive disorder other than nicotine

          -  Be on probation or parole for reasons other than those related to drug charges (ASI)

          -  Be pregnant or lactating

          -  Have been in any outside treatment in 3 months
      </field><field name='overall_status'>Completed</field><field name='start_date'>September 1994</field><field name='completion_date'>September 2001</field><field name='phase'>Phase 2</field><field name='study_type'>Interventional</field><field name='has_expanded_access'>No</field><field name='study_design_info'>
    </field><field name='allocation'>Randomized</field><field name='intervention_model'>Single Group Assignment</field><field name='primary_purpose'>Treatment</field><field name='masking'>Double</field><field name='primary_outcome'>
    </field><field name='primary_outcome'>
    </field><field name='primary_outcome'>
    </field><field name='primary_outcome'>
    </field><field name='primary_outcome'>
    </field><field name='primary_outcome'>
    </field><field name='primary_outcome'>
    </field><field name='measure'>Craving</field><field name='measure'>Drug use</field><field name='measure'>Medication compliance</field><field name='measure'>Retention</field><field name='measure'>Addiction severity</field><field name='measure'>Mood indicators</field><field name='measure'>Psychiatric interview</field><field name='measure'>Effectiveness measures including psycho-social variables, side effects, and self-reported measures.</field><field name='enrollment'>140</field><field name='condition'>Cocaine-Related Disorders</field><field name='condition'>Opioid-Related Disorders</field><field name='intervention'>
    </field><field name='intervention_type'>Drug</field><field name='intervention_name'>Dextroamphetamine</field><field name='eligibility'>
    </field><field name='criteria'>
      </field><field name='gender'>All</field><field name='minimum_age'>18 Years</field><field name='maximum_age'>45 Years</field></doc></add>