<add><doc><field name='clinical_study'>
  
  </field><field name='required_header'>
    </field><field name='download_date'>ClinicalTrials.gov processed this data on September 16, 2022</field><field name='link_text'>Link to the current ClinicalTrials.gov record.</field><field name='url'>https://clinicaltrials.gov/show/NCT00000312</field><field name='id_info'>
    </field><field name='org_study_id'>NIDA-09468-1</field><field name='nct_id'>NCT00000312</field><field name='brief_title'>Alterations in Serotonergic Functions in Cocaine Addicts - 1</field><field name='official_title'>Alterations in Serotonergic Functions in Cocaine Addicts</field><field name='sponsors'>
    </field><field name='lead_sponsor'>
      </field><field name='agency'>National Institute on Drug Abuse (NIDA)</field><field name='agency'>US Department of Veterans Affairs</field><field name='agency_class'>NIH</field><field name='agency_class'>U.S. Fed</field><field name='source'>National Institute on Drug Abuse (NIDA)</field><field name='brief_summary'>
    </field><field name='textblock'>
      The purpose of this study is to evaluate alterations in the serotonergic system in cocaine
      addicts and attempt to dissociate changes secondary to cocaine use from those associated with
      premorbid characteristics.
    </field><field name='textblock'>
        Please contact site for information.
      </field><field name='overall_status'>Completed</field><field name='phase'>Phase 1</field><field name='study_type'>Interventional</field><field name='has_expanded_access'>No</field><field name='study_design_info'>
    </field><field name='primary_purpose'>Treatment</field><field name='primary_outcome'>
    </field><field name='primary_outcome'>
    </field><field name='primary_outcome'>
    </field><field name='primary_outcome'>
    </field><field name='measure'>Side effects</field><field name='measure'>Neuroendocrine changes</field><field name='measure'>Psychological changes</field><field name='measure'>Craving</field><field name='enrollment'>0</field><field name='condition'>Cocaine-Related Disorders</field><field name='intervention'>
    </field><field name='intervention_type'>Drug</field><field name='intervention_name'>M-CPP</field><field name='eligibility'>
    </field><field name='criteria'>
      </field><field name='gender'>Male</field><field name='minimum_age'>25 Years</field><field name='maximum_age'>50 Years</field></doc></add>