<add><doc><field name='clinical_study'>
  
  </field><field name='required_header'>
    </field><field name='download_date'>ClinicalTrials.gov processed this data on September 16, 2022</field><field name='link_text'>Link to the current ClinicalTrials.gov record.</field><field name='url'>https://clinicaltrials.gov/show/NCT00000289</field><field name='id_info'>
    </field><field name='org_study_id'>NIDA-09259-6</field><field name='nct_id'>NCT00000289</field><field name='brief_title'>Role of Metabolites in Nicotine Dependence (3) - 6</field><field name='official_title'>Role of Metabolites in Nicotine Dependence (3)</field><field name='sponsors'>
    </field><field name='lead_sponsor'>
      </field><field name='agency'>National Institute on Drug Abuse (NIDA)</field><field name='agency'>University of Minnesota</field><field name='agency_class'>NIH</field><field name='agency_class'>Other</field><field name='source'>National Institute on Drug Abuse (NIDA)</field><field name='brief_summary'>
    </field><field name='textblock'>
      The purpose of this study is to determine the effects of various doses of ondansetron
      transdermal nicotine replacement on tobacco withdrawal symptoms.
    </field><field name='textblock'>
      Previous studies have shown that cotinine, a metabolite of nicotine, antagonizes the
      beneficial effects of the nicotine patch in redugin withdrawal symptoms. Studies have also
      shown that cotinine enhances serotonin levels. This study examined the effects of several
      doses of a 5HT3 antagonist, ondanstron, in combination with the nicotine patch. This
      medication has been observed to reduce nicotine withdrawal symptoms in rats. These effects
      were compared to the nicotine patch alone. The results of this study produced some modest
      effects showing that the 8mg dose of ondansetron suppressed tobacco withdrawal symptoms to a
      greater extent than the nicotine patch alone.
    </field><field name='textblock'>
        Inclusion Criteria:

        Male/Female subjects ages 21-45 years inclusive, with a smoking history of at least 15
        cigarettes daily (greater than or equal to 50) for at least 1 yr. Subject is in good health
        as verified by medical history, screening examination, and screening laboratory tests as
        outlined above. Subject has provided written informed consent to participate in the study
        and is motivated to stop smoking. Subject has experienced at least 4 withdrawal symptoms
        upon abstinence.

        Exclusion Criteria:

        History of myocardial infarction, angina pectoris, sustained or episodic cardiac
        arrhythmias, symptomatic peripheral vascular disease, current peptic ulcer disease or any
        other medical condition which the physician investigator deems inappropriate for subject
        participation. Insulin-dependent diabetes. Pregnant or lactating, or not using adequate
        birth control methods. Requirement of any form of regular psychotropic medication
        (antidepressants, antipsychotics, or anxiolytics) and recent psychiatric history (less than
        1yr). Chronic use of systemic steroids or antihistamines. Abuse of alcohol or any other
        recreational or prescription drug (more than 3 drinks per day or 21 drinks per wk). use of
        any other nicotine products, including smokeless tobacco, cigars and nicotine replacement
        products. Inability to fulfill all scheduled visits and examination procedures throughout
        the study period. History of schizophrenia or manic depressive disorder. Recent history of
        other psychiatric illness (less than 1yr since last episode of major depressive episode).
      </field><field name='overall_status'>Completed</field><field name='start_date'>May 1998</field><field name='completion_date'>December 2001</field><field name='phase'>Phase 2</field><field name='study_type'>Interventional</field><field name='has_expanded_access'>No</field><field name='study_design_info'>
    </field><field name='primary_purpose'>Treatment</field><field name='masking'>Double</field><field name='primary_outcome'>
    </field><field name='primary_outcome'>
    </field><field name='primary_outcome'>
    </field><field name='measure'>Subjective effects</field><field name='measure'>Physiological effects</field><field name='measure'>Performance effects</field><field name='enrollment'>0</field><field name='condition'>Tobacco Use Disorder</field><field name='intervention'>
    </field><field name='intervention_type'>Drug</field><field name='intervention_name'>Ondansetron</field><field name='eligibility'>
    </field><field name='criteria'>
      </field><field name='gender'>All</field><field name='minimum_age'>21 Years</field><field name='maximum_age'>45 Years</field></doc></add>