<add><doc><field name='clinical_study'>
  
  </field><field name='required_header'>
    </field><field name='download_date'>ClinicalTrials.gov processed this data on September 16, 2022</field><field name='link_text'>Link to the current ClinicalTrials.gov record.</field><field name='url'>https://clinicaltrials.gov/show/NCT00000500</field><field name='id_info'>
    </field><field name='org_study_id'>19</field><field name='nct_id'>NCT00000500</field><field name='brief_title'>Physicians' Health Study</field><field name='sponsors'>
    </field><field name='lead_sponsor'>
      </field><field name='agency'>Brigham and Women's Hospital</field><field name='agency'>National Heart, Lung, and Blood Institute (NHLBI)</field><field name='agency_class'>Other</field><field name='agency_class'>NIH</field><field name='source'>Brigham and Women's Hospital</field><field name='brief_summary'>
    </field><field name='textblock'>
      To assess the effect on cardiovascular mortality of alternate-day consumption of 325
      milligrams of aspirin and, secondarily, the effect on cancer incidence of alternate-day
      consumption of 50 milligrams of beta-carotene.
    </field><field name='textblock'>
      BACKGROUND:

      Thrombosis plays a major role in the late stages of coronary occlusion. Platelet aggregation
      is a large component in the formation of arterial thrombi. In pharmacologic studies, aspirin
      has been shown to inhibit platelet aggregation and, therefore, might be expected to prevent
      coronary occlusion. These effects are apparent in the dose range of l00-l000 mg/day, and may
      be most evident at l60 milligrams daily. Higher doses seem to be no more effective in either
      inhibition of platelet agreeability or prolonged bleeding time.

      Although an early case-control study by Jick and Miettinen showed a large benefit, most
      observational studies had shown a cardiovascular benefit of about 20 percent. Conclusive data
      could only result from a randomized trial with a large sample size.

      DESIGN NARRATIVE:

      Randomized, double-blind, fixed sample. Participants were randomized into one of four
      treatment groups: one 325 milligram aspirin tablet every other day, alternating with one 30
      milligram capsule of beta-carotene; one aspirin every other day, alternating with one capsule
      of beta-carotene placebo; one aspirin placebo tablet every other day, alternating with one
      capsule of beta-carotene; and one aspirin placebo tablet every other day, alternating with
      one capsule of beta-carotene placebo. Major endpoints for the cardiovascular component of the
      study were cardiovascular mortality, total mortality, and coronary events.
    </field><field name='textblock'>
        Male physicians, ages 40 to 84. No history of stroke, myocardial infarction, cancer, or
        renal disease. No contraindications to aspirin or beta-carotene. No current usage of
        aspirin or Vitamin A tables greater than once per week.
      </field><field name='overall_status'>Completed</field><field name='start_date'>September 1981</field><field name='completion_date'>December 1996</field><field name='primary_completion_date'>December 1995</field><field name='phase'>Phase 3</field><field name='study_type'>Interventional</field><field name='has_expanded_access'>No</field><field name='study_design_info'>
    </field><field name='allocation'>Randomized</field><field name='primary_purpose'>Prevention</field><field name='masking'>Double</field><field name='condition'>Cardiovascular Diseases</field><field name='condition'>Coronary Disease</field><field name='condition'>Heart Diseases</field><field name='condition'>Myocardial Ischemia</field><field name='intervention'>
    </field><field name='intervention'>
    </field><field name='intervention_type'>Drug</field><field name='intervention_type'>Drug</field><field name='intervention_name'>aspirin</field><field name='intervention_name'>carotene</field><field name='eligibility'>
    </field><field name='criteria'>
      </field><field name='gender'>Male</field><field name='minimum_age'>40 Years</field><field name='maximum_age'>84 Years</field></doc></add>