<add><doc><field name='clinical_study'>
  
  </field><field name='required_header'>
    </field><field name='download_date'>ClinicalTrials.gov processed this data on September 16, 2022</field><field name='link_text'>Link to the current ClinicalTrials.gov record.</field><field name='url'>https://clinicaltrials.gov/show/NCT00000156</field><field name='url'>http://www.nei.nih.gov/news/pressreleases/lightpr.asp</field><field name='id_info'>
    </field><field name='org_study_id'>NEI-58</field><field name='nct_id'>NCT00000156</field><field name='brief_title'>The Effects of Light Reduction on Retinopathy of Prematurity (Light-ROP)</field><field name='sponsors'>
    </field><field name='lead_sponsor'>
      </field><field name='agency'>National Eye Institute (NEI)</field><field name='agency_class'>NIH</field><field name='source'>National Eye Institute (NEI)</field><field name='brief_summary'>
    </field><field name='textblock'>
      To evaluate the effect of ambient light reduction on the incidence of retinopathy of
      prematurity (ROP).
    </field><field name='textblock'>
      Despite progress during the past decade in treatment of ROP, this disease still poses a
      significant (approximately 2.1 percent) risk of blindness to extremely low birth-weight
      (<1,251 grams) preterm infants. Current estimates indicate that about 27,000 infants of
      extremely low birth weight are born annually, of which 74 percent will survive. As techniques
      of managing smaller and less mature preterm infants continue to improve, it is expected that
      the number of infants at risk for blindness will continue to increase.

      For infants weighing less than 1,251 grams at birth, the Cryotherapy for Retinopathy of
      Prematurity (CRYO-ROP) Study has shown that the risk of developing severe, acute (threshold)
      ROP is 6 percent. Although cryotherapy, when applied at the time of threshold ROP, reduces
      the rate of unfavorable visual outcome, 35 percent of eyes that develop this level of severe,
      acute disease are blind 1 year after treatment. Moreover, cryotherapy is destructive. Even
      when cryotherapy prevents progression to retinal detachment, it is associated with peripheral
      retinal destruction and may, in some cases, be associated with subnormal central vision due
      to high myopia and/or macular scarring. Corrective surgical treatments for retinal detachment
      caused by ROP have proven to be of little visual benefit. A preventive treatment for ROP that
      is safe, efficacious, easily applied, and inexpensive is desirable.

      The investigators hypothesize that reducing the amount of light that reaches the eyes of
      preterm infants may be effective in preventing ROP. Although previous reports on the use of
      light reduction to the eyes of preterm infants in the nursery have produced conflicting
      results, there are sufficient reasons to believe that this strategy may be effective in
      reducing the incidence and severity of ROP. These reasons center on the role of light in the
      production of destructive free radicals. Supplemental oxygen produces the same free radicals,
      and the two mechanisms may be additive.

      In this masked, controlled study, infants weighing less than 1,251 grams at birth were
      prospectively randomized within 24 hours of birth to wear goggles or not to wear goggles.
      Goggles contain 97 percent near neutral density filters and were worn until the infant
      reached either 31 weeks gestational age or 4 weeks postnatal age, whichever was longer. The
      goggled and nongoggled infants were exposed to the same ambient light conditions within any
      given Study Center. Eyes of all infants were examined on a prescribed schedule by certified
      examiners to determine the incidence of any confirmed ROP.

      The primary objective of this study is to answer the following question: Does light reduction
      to the eyes of extremely low birth-weight infants decrease the incidence of any confirmed ROP
      (at least 3 contiguous clock hours, any stage, any zone)? The primary end points are
      therefore ROP or full vascularization.

      The secondary objective of this study is to evaluate the following question: Does light
      reduction to the eyes of extremely low birth-weight infants decrease the incidence of more
      severe ROP (prethreshold ROP -- the secondary end point)?

      The study has recruited approximately 400 infants, equally divided into goggle-wearing and
      control group. Since randomization must occur within 24 hours of birth, the investigators
      anticipate a mortality rate of between 10 percent and 20 percent of enrollees prior to
      outcome. The study is in the followup phase with regular ophthalmologic exams until either
      ROP regression or normal full retinal vascularization is established. A final exam occurs at
      adjusted age 6 months.
    </field><field name='textblock'>
        Premature infants weighing less than 1,251 grams at birth and having a gestational age of
        less than 31 weeks were eligible for randomization. Consent must have been obtained within
        24 hours of birth. Patients with major congenital anomalies are excluded.
      </field><field name='overall_status'>Completed</field><field name='start_date'>July 1995</field><field name='phase'>Phase 3</field><field name='study_type'>Interventional</field><field name='has_expanded_access'>No</field><field name='study_design_info'>
    </field><field name='allocation'>Randomized</field><field name='primary_purpose'>Treatment</field><field name='masking'>Double</field><field name='description'>NEI Press Release-Light Reduction Does Not Affect Blinding Eye Disease in Premature Infants</field><field name='condition'>Retinopathy of Prematurity</field><field name='intervention'>
    </field><field name='intervention'>
    </field><field name='intervention_type'>Device</field><field name='intervention_type'>Procedure</field><field name='intervention_name'>Goggles</field><field name='intervention_name'>Ambient Light Reduction</field><field name='description'>NEI Press Release-Light Reduction Does Not Affect Blinding Eye Disease in Premature Infants</field><field name='eligibility'>
    </field><field name='criteria'>
      </field><field name='gender'>All</field><field name='minimum_age'>N/A</field><field name='maximum_age'>1 Day</field></doc></add>