<add><doc><field name='clinical_study'>
  
  </field><field name='required_header'>
    </field><field name='download_date'>ClinicalTrials.gov processed this data on September 16, 2022</field><field name='link_text'>Link to the current ClinicalTrials.gov record.</field><field name='url'>https://clinicaltrials.gov/show/NCT00000455</field><field name='id_info'>
    </field><field name='org_study_id'>NIAAAKRA11062</field><field name='nct_id'>NCT00000455</field><field name='brief_title'>Naltrexone for Early Problem Drinkers</field><field name='official_title'>Targeted Naltrexone for Early Problem Drinkers</field><field name='sponsors'>
    </field><field name='lead_sponsor'>
      </field><field name='agency'>UConn Health</field><field name='agency'>National Institute on Alcohol Abuse and Alcoholism (NIAAA)</field><field name='agency_class'>Other</field><field name='agency_class'>NIH</field><field name='source'>UConn Health</field><field name='oversight_info'>
    </field><field name='brief_summary'>
    </field><field name='textblock'>
      Early problem drinkers are prevalent in the United States. Recent controlled trials have
      shown that brief interventions in the primary care setting can reduce drinking and
      alcohol-related problems in patients who lack evidence of alcohol dependence.

      Although naltrexone (Revia) has been approved for the treatment of alcohol dependence, few
      pharmacotherapy studies have been undertaken with early problem drinkers. This study is an
      8-week trial of naltrexone versus placebo, combined with coping skills treatment that either
      focuses on targeted use of medication or serves as background to daily use of the medication.
      A total of 160 early problem drinkers recruited through screening in primary care medical
      settings will be randomly assigned to one of four treatment groups. Followup evaluations will
      be conducted at the end of treatment and again 3, 6, and 12 months.
    </field><field name='textblock'>
        Inclusion Criteria:

          -  Limited to early problem drinkers (i.e., those with no more than mild alcohol
             dependence).

          -  Have an average weekly alcohol consumption of greater than or equal to 24 standard
             drinks for men and 18 standard drinks for women.

          -  Able to read English at the eighth grade or higher level and show no evidence of
             significant cognitive impairment.

          -  Willing to provide a collateral informant for interviews regarding the patient's
             drinking during the study.

          -  A woman of child-bearing potential must be non-lactating, practicing a reliable method
             of birth control, and have a negative pregnancy test prior to initiation of treatment.

          -  Willing to provide a signed informed consent to participate in the study.

        Exclusion Criteria:

          -  Have a current clinically significant physical disease or abnormality.

          -  Have a serious psychiatric illness.

          -  Have a current diagnosis of drug dependence (other than nicotine dependence) or a
             lifetime diagnosis of opioid dependence.

          -  A current diagnosis of alcohol dependence that is moderate or greater in severity or a
             history of alcohol withdrawal, or recurrent use of alcohol to alleviate alcohol
             withdrawal symptoms.

          -  Used opioids or other psychoactive medications regularly in the month prior to study
             enrollment.

          -  History of hypersensitivity to naltrexone (Revia).
      </field><field name='overall_status'>Completed</field><field name='completion_date'>September 2002</field><field name='phase'>Phase 4</field><field name='study_type'>Interventional</field><field name='has_expanded_access'>No</field><field name='study_design_info'>
    </field><field name='allocation'>Randomized</field><field name='primary_purpose'>Treatment</field><field name='enrollment'>160</field><field name='condition'>Alcoholism</field><field name='intervention'>
    </field><field name='intervention_type'>Drug</field><field name='intervention_name'>naltrexone</field><field name='eligibility'>
    </field><field name='criteria'>
      </field><field name='gender'>All</field><field name='minimum_age'>18 Years</field><field name='maximum_age'>60 Years</field></doc></add>