<add><doc><field name='clinical_study'>
  
  </field><field name='required_header'>
    </field><field name='download_date'>ClinicalTrials.gov processed this data on September 16, 2022</field><field name='link_text'>Link to the current ClinicalTrials.gov record.</field><field name='url'>https://clinicaltrials.gov/show/NCT00000295</field><field name='id_info'>
    </field><field name='org_study_id'>NIDA-09259-12</field><field name='nct_id'>NCT00000295</field><field name='brief_title'>Progesterone Treatment in Female Smokers - 12</field><field name='official_title'>Progesterone Treatment in Female Smokers</field><field name='sponsors'>
    </field><field name='lead_sponsor'>
      </field><field name='agency'>National Institute on Drug Abuse (NIDA)</field><field name='agency'>University of Minnesota</field><field name='agency_class'>NIH</field><field name='agency_class'>Other</field><field name='source'>National Institute on Drug Abuse (NIDA)</field><field name='brief_summary'>
    </field><field name='textblock'>
      The purpose of this study is to investigate progesterone effects in female smokers
    </field><field name='textblock'>
      Limited research has been done on the effects of gender and menstrual cycle in response to
      drugs of abuse in humans. The main goal of this pilot study is to investigate the safety and
      tolerability of progesterone treatment in female nicotine users. In addition, plasma
      progesterone levels reached with a single 200 mg dose of progesterone treatment will be
      measured. The study will be a double-blind placebo controlled, crossover trial in which 12
      female smokers who are in the early follicular phase of their menstrual cycle will be
      enrolled. Druing the experimental sessions, subjects will be given a single 200 mg dose of
      micronized progesterone or placebo and multiple blood samples will be obtained to measure the
      plasma levels of progesterone. Starting 2 hours after progesterone or placebo treatment,
      subjects will have a self-administration period that will last around 2.5 hours. We
      hypothesize that administration of 200 mg of progesterone will achieve plasma progesterone
      concentrations similar to those found in the luteal phase of the menstrual cycle, 3-30 ng/ml.
    </field><field name='textblock'>
        Inclusion Criteria:

        Female subjects aged 21-45 years with a smoking history of at least 20 cigarettes daily for
        at least 1 year. In good health as verified by medical history, screening examination, and
        screening laboratory tests. Not pregnant as determined by pregnancy screening nor breast
        feeding, and using acceptable birth control methods other than hormonal contraceptives.

        Exclusion Criteria:

        History of heart disease, peripheral vascular disease, COPD, liver diseases, abnormal
        vaginal bleeding, suspected or known breast malignancy, or any other medical condition
        which physician investigator deems inappropriate for subject participation. Use of regular
        psychotropic medication (antidepressants, antipsychotics, or anxiolytics) and recent
        psychiatric history. Amenorrhea. Current use of oral or other types of hormonal
        contraceptives. Abuse of alcohol or any other recreational or prescription drug. Regular
        use of any other tobacco products, including smokeless tobacco and nicotine products. Known
        allergy to progesterone or peanuts.
      </field><field name='overall_status'>Completed</field><field name='start_date'>April 1999</field><field name='completion_date'>December 2001</field><field name='phase'>Phase 2</field><field name='study_type'>Interventional</field><field name='has_expanded_access'>No</field><field name='study_design_info'>
    </field><field name='intervention_model'>Crossover Assignment</field><field name='primary_purpose'>Treatment</field><field name='masking'>Double</field><field name='primary_outcome'>
    </field><field name='primary_outcome'>
    </field><field name='primary_outcome'>
    </field><field name='measure'>Behavioral</field><field name='measure'>Subjective</field><field name='measure'>Biochemical</field><field name='enrollment'>0</field><field name='condition'>Tobacco Use Disorder</field><field name='intervention'>
    </field><field name='intervention_type'>Drug</field><field name='intervention_name'>Micronized Progesterone</field><field name='eligibility'>
    </field><field name='criteria'>
      </field><field name='gender'>Female</field><field name='minimum_age'>21 Years</field><field name='maximum_age'>45 Years</field></doc></add>