<add><doc><field name='clinical_study'>
  
  </field><field name='required_header'>
    </field><field name='download_date'>ClinicalTrials.gov processed this data on September 16, 2022</field><field name='link_text'>Link to the current ClinicalTrials.gov record.</field><field name='url'>https://clinicaltrials.gov/show/NCT00000407</field><field name='id_info'>
    </field><field name='org_study_id'>P60AR020614</field><field name='nct_id'>NCT00000407</field><field name='brief_title'>Improving Vocational Outcomes in Arthritis</field><field name='official_title'>Improving Vocational Outcomes in Arthritis</field><field name='sponsors'>
    </field><field name='lead_sponsor'>
      </field><field name='agency'>University of Alabama at Birmingham</field><field name='agency'>National Institute of Arthritis and Musculoskeletal and Skin Diseases (NIAMS)</field><field name='agency_class'>Other</field><field name='agency_class'>NIH</field><field name='source'>University of Alabama at Birmingham</field><field name='brief_summary'>
    </field><field name='textblock'>
      The long-term objectives of this research project are to enhance program participation and
      improve the employment prospects of people with work disability due to arthritis and related
      musculoskeletal disorders (ARMD) who are actively seeking vocational (job-related)
      rehabilitation (VR) services.

      This study is designed to compare the employment situations of a group of people receiving a
      two-part intervention and a group that is not receiving the intervention. The intervention
      consists of training sessions to help prospective VR clients with ARMD successfully enter and
      complete the VR program, and training sessions for a randomly selected group of VR
      professionals to help them serve VR clients with ARMD more effectively.
    </field><field name='textblock'>
      The long-term objectives of this research project are to enhance program participation and
      improve the vocational outcomes of people with work disability due to arthritis and related
      musculoskeletal disorders (ARMD) who are actively seeking vocational rehabilitation services.

      Some researchers think that people with work disability due to ARMD seeking vocational
      rehabilitation (VR) services who are exposed to an "agency access intervention" are more
      likely to gain entrance to the VR system and be determined eligible for services than are
      similar people not exposed to the intervention. Further, they think that people with work
      disability due to ARMD who are determined to be eligible for VR services, and who are exposed
      to an "agency enhancement intervention" while receiving services, are more likely to become
      and remain employed upon completion of the VR program than are similar people not exposed to
      the intervention.

      The research design is a randomized, controlled, field experiment comparing the vocational
      outcomes of a group receiving a two-part intervention to those not receiving the
      intervention. The design allows us to evaluate separately each component of the intervention.
      The intervention consists of training sessions to help prospective VR clients with ARMD
      successfully enter and complete the VR program, and training sessions for a randomly selected
      group of VR professionals to help them serve VR clients with ARMD more effectively.

      If this intervention strategy can significantly increase (1) VR utilization rates; (2)
      post-service employment rates; and (3) length of post-service employment in a previously
      underserved group with historically poor VR outcomes, it could have a significant role in
      reducing the immense impact, nationally, of work disability due to ARMD.
    </field><field name='textblock'>
        Inclusion Criteria:

          -  Resident of Alabama

          -  Previously employed

          -  Currently unemployed due to musculoskeletal disability

          -  Feel capable of work

          -  Want to work

        Exclusion Criteria:

          -  Not a resident of Alabama

          -  Unable to work
      </field><field name='overall_status'>Completed</field><field name='start_date'>January 1997</field><field name='completion_date'>December 2001</field><field name='phase'>Phase 2</field><field name='study_type'>Interventional</field><field name='has_expanded_access'>No</field><field name='study_design_info'>
    </field><field name='allocation'>Randomized</field><field name='intervention_model'>Parallel Assignment</field><field name='primary_purpose'>Treatment</field><field name='masking'>None (Open Label)</field><field name='primary_outcome'>
    </field><field name='measure'>Improved vocational outcomes</field><field name='time_frame'>baseline to 30 months</field><field name='description'>The long-term objectives of this research project are to enhance program participation and improve the vocational outcomes of people with work disability due to arthritis and related musculoskeletal disorders (ARMD) who are actively seeking vocational rehabilitation services.</field><field name='description'>The intervention consists of training sessions to help prospective VR clients with ARMD successfully enter and complete the vocational rehabilitation (VR) program, and training sessions for a randomly selected group of VR professionals to help them serve VR clients with ARMD more effectively.</field><field name='description'>No education or behavioral intervention</field><field name='number_of_arms'>2</field><field name='enrollment'>326</field><field name='condition'>Arthritis</field><field name='condition'>Musculoskeletal Diseases</field><field name='condition'>Rheumatic Diseases</field><field name='arm_group'>
    </field><field name='arm_group'>
    </field><field name='arm_group_label'>Enrollment Intervention</field><field name='arm_group_label'>Usual Care</field><field name='arm_group_label'>Enrollment Intervention</field><field name='arm_group_label'>Enrollment Intervention</field><field name='arm_group_label'>Usual Care</field><field name='arm_group_type'>Active Comparator</field><field name='arm_group_type'>Placebo Comparator</field><field name='intervention'>
    </field><field name='intervention'>
    </field><field name='intervention'>
    </field><field name='intervention_type'>Behavioral</field><field name='intervention_type'>Behavioral</field><field name='intervention_type'>Behavioral</field><field name='intervention_name'>Vocational counseling intervention</field><field name='intervention_name'>Reading materials for control participants</field><field name='intervention_name'>Standard of care</field><field name='description'>The long-term objectives of this research project are to enhance program participation and improve the vocational outcomes of people with work disability due to arthritis and related musculoskeletal disorders (ARMD) who are actively seeking vocational rehabilitation services.</field><field name='description'>The intervention consists of training sessions to help prospective VR clients with ARMD successfully enter and complete the vocational rehabilitation (VR) program, and training sessions for a randomly selected group of VR professionals to help them serve VR clients with ARMD more effectively.</field><field name='description'>No education or behavioral intervention</field><field name='arm_group_label'>Enrollment Intervention</field><field name='arm_group_label'>Usual Care</field><field name='arm_group_label'>Enrollment Intervention</field><field name='arm_group_label'>Enrollment Intervention</field><field name='arm_group_label'>Usual Care</field><field name='eligibility'>
    </field><field name='criteria'>
      </field><field name='gender'>All</field><field name='minimum_age'>18 Years</field><field name='maximum_age'>55 Years</field></doc></add>