<add><doc><field name='clinical_study'>
  
  </field><field name='required_header'>
    </field><field name='download_date'>ClinicalTrials.gov processed this data on September 16, 2022</field><field name='link_text'>Link to the current ClinicalTrials.gov record.</field><field name='url'>https://clinicaltrials.gov/show/NCT00000420</field><field name='id_info'>
    </field><field name='org_study_id'>U01 AR42540 NIAMS-028B</field><field name='nct_id'>NCT00000420</field><field name='brief_title'>Safety of Estrogens in Lupus: Birth Control Pills</field><field name='official_title'>Safety of Estrogens in Lupus Erythematosus - National Assessment (SELENA): Oral Contraceptives</field><field name='sponsors'>
    </field><field name='lead_sponsor'>
      </field><field name='agency'>NYU Langone Health</field><field name='agency'>National Institute of Arthritis and Musculoskeletal and Skin Diseases (NIAMS)</field><field name='agency'>Office of Research on Women's Health (ORWH)</field><field name='agency_class'>Other</field><field name='agency_class'>NIH</field><field name='agency_class'>NIH</field><field name='source'>NYU Langone Health</field><field name='brief_summary'>
    </field><field name='textblock'>
      Safety of Estrogens in Lupus Erythematosus - National Assessment (SELENA) is a study to test
      whether women with systemic lupus erythematosus (SLE or lupus) can safely use estrogen. We
      will determine this by looking at the effects of oral contraceptives (birth control pills,
      also known as "the pill") on disease activity and severity in women with SLE. The results of
      the study will show whether it is safe for women with SLE to use the pill.
    </field><field name='textblock'>
      This study tests the effect of exogenous female hormones on disease activity and severity in
      women with systemic lupus erythematosus (SLE). Physicians generally do not prescribe oral
      contraceptives (OCs) to women with lupus because of the widely held view that these drugs can
      activate SLE. This practice is based on the greater incidence of SLE in women than in men,
      biologic abnormalities of estrogen metabolism, murine models of lupus, several anecdotes of
      patients having disease flares while receiving exogenous hormones, and a single retrospective
      study in patients with preexisting renal disease.

      By contrast, recent retrospective studies suggest that the rate of flare is not significantly
      increased in patients taking OCs. The preexisting data is insufficient to warrant the
      dismissal of a potentially important birth control option in a disease that predominantly
      affects women in their reproductive years and whose fertility is not altered by the disease.
      Moreover, the use of OCs to preserve fertility in patients taking cyclophosphamide and the
      use of estrogens to prevent coronary artery disease and postmenopausal and steroid-induced
      osteoporosis are timely considerations.

      We will attempt to define, in a multicenter, randomized, double-blind, placebo-controlled
      trial, the effect of OCs containing low-dose synthetic estrogens and progestins on disease
      activity in women with SLE. Because the research hypothesis is that OCs do not increase the
      risk of flares, we have designed the study to be able to detect minimal increases in the rate
      of flares in patients taking OCs.

      We will enroll patients with inactive, stable, or moderate disease requiring less than 0.5 mg
      prednisone per kg of bodyweight per day over a 2-year period and randomize them to receive
      birth control pills or placebo pills for 12 months. During that time, the patient must use
      condoms or a diaphragm as birth control. We will recruit patients from clinics and private
      practices that include over 4,000 women with SLE, most belonging to minority groups.
    </field><field name='textblock'>
        Inclusion Criteria:

          -  Female

          -  Unequivocal diagnosis of SLE

          -  Inactive disease or be stable on 0.5 mg/kg/day or less of predisone

          -  Must be between 18 and 39 years old if non-smoker

          -  Must be between 18 and 35 years old if smoker

        Exclusion Criteria:

          -  Blood pressure >145/95 on three occasions

          -  Deep vein, arterial thrombosis or pulmonary embolus

          -  GPL >40; MPL >40; APL >50; dRVVT >37 sec

          -  APL antibody syndrome ever

          -  Gynecologic or breast cancer

          -  Hepatic dysfunction or liver tumors

          -  Diabetes mellitus (NOT due to steroids) with vascular disease

          -  Congenital hyperlipidemia

          -  Complicated migraine

          -  Severe disease activity (SLEDAI >12)

          -  Increase in SLEDAI >2 points in 3 months

          -  Unexplained vaginal bleeding

          -  Use of estrogen (OCP) for >1 month at any time after SLE diagnosis

          -  Present pregnancy

          -  Angina or MI due to APS

          -  Age >35 yrs. for smokers; >39 yrs. for nonsmokers
      </field><field name='overall_status'>Completed</field><field name='start_date'>June 1997</field><field name='completion_date'>August 2003</field><field name='phase'>Phase 3</field><field name='study_type'>Interventional</field><field name='has_expanded_access'>No</field><field name='study_design_info'>
    </field><field name='allocation'>Randomized</field><field name='intervention_model'>Single Group Assignment</field><field name='primary_purpose'>Treatment</field><field name='masking'>Double</field><field name='enrollment'>350</field><field name='condition'>Systemic Lupus Erythematosus</field><field name='intervention'>
    </field><field name='intervention_type'>Drug</field><field name='intervention_name'>Ortho-Novum 777</field><field name='eligibility'>
    </field><field name='criteria'>
      </field><field name='gender'>Female</field><field name='minimum_age'>18 Years</field><field name='maximum_age'>39 Years</field></doc></add>