<add><doc><field name='clinical_study'>
  
  </field><field name='required_header'>
    </field><field name='download_date'>ClinicalTrials.gov processed this data on September 16, 2022</field><field name='link_text'>Link to the current ClinicalTrials.gov record.</field><field name='url'>https://clinicaltrials.gov/show/NCT00000363</field><field name='id_info'>
    </field><field name='org_study_id'>NIDCD-1160</field><field name='nct_id'>NCT00000363</field><field name='brief_title'>Acute Otitis Media: Adjuvant Therapy to Improve Outcome</field><field name='sponsors'>
    </field><field name='lead_sponsor'>
      </field><field name='agency'>National Institute on Deafness and Other Communication Disorders (NIDCD)</field><field name='agency_class'>NIH</field><field name='source'>National Institute on Deafness and Other Communication Disorders (NIDCD)</field><field name='brief_summary'>
    </field><field name='textblock'>
      Acute otitis media is one of the most common diseases of childhood and is one of the major
      causes of hearing loss in children. Despite the availability of effective antibiotic therapy
      for otitis media, treatment failures, persistent effusions, and recurrences are common. This
      Phase III outpatient study aims to test whether adjuvant therapy (an antihistamine or a
      corticosteroid), in addition to antibiotic therapy, improves the acute and long-term outcomes
      of patients with acute otitis media. This study is targeted to recruiting 200 infants (age
      less than one year); patient (and parent) participation is estimated to continue for one year
      after enrollment.
    </field><field name='textblock'>
        Inclusion Criteria:

          -  Have had two documented prior episodes of acute otitis media.

          -  Have no current middle ear effusion (fluid).

        Exclusion Criteria:

          -  Have chronic otitis media.

          -  Have acute otitis media in addition to chronic otitis media.
      </field><field name='overall_status'>Completed</field><field name='completion_date'>June 2001</field><field name='phase'>Phase 3</field><field name='study_type'>Interventional</field><field name='has_expanded_access'>No</field><field name='study_design_info'>
    </field><field name='allocation'>Randomized</field><field name='primary_purpose'>Treatment</field><field name='masking'>Double</field><field name='condition'>Otitis Media</field><field name='intervention'>
    </field><field name='intervention'>
    </field><field name='intervention_type'>Drug</field><field name='intervention_type'>Drug</field><field name='intervention_name'>Antihistamine</field><field name='intervention_name'>Corticosteroid</field><field name='eligibility'>
    </field><field name='criteria'>
      </field><field name='gender'>All</field><field name='minimum_age'>2 Months</field><field name='maximum_age'>1 Year</field></doc></add>