<add><doc><field name='clinical_study'>
  
  </field><field name='required_header'>
    </field><field name='download_date'>ClinicalTrials.gov processed this data on September 16, 2022</field><field name='link_text'>Link to the current ClinicalTrials.gov record.</field><field name='url'>https://clinicaltrials.gov/show/NCT00000269</field><field name='id_info'>
    </field><field name='org_study_id'>NIDA-09236-4</field><field name='nct_id'>NCT00000269</field><field name='brief_title'>Pergolide Treatment for Substance Abusers - 4</field><field name='official_title'>Pergolide Treatment for Substance Abusers</field><field name='sponsors'>
    </field><field name='lead_sponsor'>
      </field><field name='agency'>National Institute on Drug Abuse (NIDA)</field><field name='agency'>New York State Psychiatric Institute</field><field name='agency_class'>NIH</field><field name='agency_class'>Other</field><field name='source'>National Institute on Drug Abuse (NIDA)</field><field name='brief_summary'>
    </field><field name='textblock'>
      The purpose of this study is to evaluate the safety and efficacy of pergolide for cocaine
      dependence.
    </field><field name='textblock'>
        Please contact site for information.
      </field><field name='overall_status'>Completed</field><field name='start_date'>October 1995</field><field name='completion_date'>December 2001</field><field name='phase'>Phase 2</field><field name='study_type'>Interventional</field><field name='has_expanded_access'>No</field><field name='study_design_info'>
    </field><field name='primary_purpose'>Treatment</field><field name='primary_outcome'>
    </field><field name='primary_outcome'>
    </field><field name='primary_outcome'>
    </field><field name='primary_outcome'>
    </field><field name='primary_outcome'>
    </field><field name='measure'>Side effects</field><field name='measure'>Craving</field><field name='measure'>Drug use</field><field name='measure'>Improvement in functioning</field><field name='measure'>Tolerability</field><field name='enrollment'>0</field><field name='condition'>Cocaine-Related Disorders</field><field name='condition'>Substance-Related Disorders</field><field name='intervention'>
    </field><field name='intervention_type'>Drug</field><field name='intervention_name'>Pergolide</field><field name='eligibility'>
    </field><field name='criteria'>
      </field><field name='gender'>Male</field><field name='minimum_age'>18 Years</field><field name='maximum_age'>55 Years</field></doc></add>