<add><doc><field name='clinical_study'>
  
  </field><field name='required_header'>
    </field><field name='download_date'>ClinicalTrials.gov processed this data on September 16, 2022</field><field name='link_text'>Link to the current ClinicalTrials.gov record.</field><field name='url'>https://clinicaltrials.gov/show/NCT00000588</field><field name='id_info'>
    </field><field name='org_study_id'>308</field><field name='nct_id'>NCT00000588</field><field name='brief_title'>Chelation Therapy of Iron Overload With Pyridoxal Isonicotinoyl Hydrazone</field><field name='sponsors'>
    </field><field name='lead_sponsor'>
      </field><field name='agency'>Case Western Reserve University</field><field name='agency'>National Heart, Lung, and Blood Institute (NHLBI)</field><field name='agency_class'>Other</field><field name='agency_class'>NIH</field><field name='source'>Case Western Reserve University</field><field name='brief_summary'>
    </field><field name='textblock'>
      To demonstrate the safety and effectiveness of orally-administered pyridoxal isonicotinoyl
      hydrazone (PIH) for the chronic treatment of iron overload.
    </field><field name='textblock'>
      BACKGROUND:

      Iron overload in patients with refractory anemia may be the consequence of repeated blood
      transfusion, of excessive absorption of dietary iron, or of a combination of both. The body
      lacks any effective means for the excretion of excess iron and in patients with refractory
      anemia, an inexorable accumulation of iron contained in transfused red cells or absorbed from
      the diet eventually exceeds the body's capacity for safe storage. Without treatment,
      widespread iron-induced damage to the liver, heart, pancreas, and other organs is followed by
      an early death, most often the result of cardiac failure.

      Treatment with a chelating agent capable of sequestering iron and permitting its excretion
      from the body is the most widely-used therapeutic approach. Desferrioxamine was first
      introduced 30 years ago and is the only iron-chelating agent now in clinical use. A number of
      recent studies have shown that regular chelation therapy with desferrioxamine can prevent
      organ damage and improve survival in transfusion-dependent patients with thalassemia major
      and other disorders. However, desferrioxamine given orally is poorly absorbed and to be
      effective must be given by subcutaneous or intravenous infusion using a small portable
      syringe pump, ideally for 12 hours each day. Compliance with this regimen is frequently poor,
      particularly in adolescents with thalassemia major who may be at greatest risk for the lethal
      complications of iron overload. With modern transfusion programs, one of the main threats to
      life in patients with transfusion-dependent anemias is non-compliance with iron-chelation
      therapy. Moreover, the cost of desferrioxamine therapy in transfusion-dependent therapy
      exceeds $10,000 per year, in part because the drug must be isolated from bacterial cultures.
      Despite the limitations, trials of desferrioxamine have validated iron chelation as a
      therapeutic approach to iron overload.

      PIH was first recognized as an effective iron chelator in vitro in 1979. It is easily
      produced by the Schiff base condensation of two widely used, inexpensive drugs, vitamin B-6
      (pyridoxal) and the antituberculous agent isoniazid. The recent Phase I studies of low-dose
      PIH in healthy controls and volunteers with iron overload have found no evidence of toxicity
      while producing an amount of iron excretion that would be clinically useful in the treatment
      of non-transfusion-dependent patients with iron-loading anemias. The trial should provide
      evidence that orally-administered PIH can be substituted for chronic subcutaneous infusions
      of desferrioxamine in the management of iron overload in refractory anemia.

      The trial was part of an Institute-initiated study on Iron Overload: Cooley's Anemia and
      Other Disorders.

      DESIGN NARRATIVE:

      There were three studies in the Phase II trial. Study 1 demonstrated the safety and
      effectiveness of oral PIH in reducing the body iron burden to near-normal levels in
      non-transfusion-dependent patients with iron-loading anemias. Study 2 demonstrated the safety
      and effectiveness of oral PIH in maintaining near-normal body iron stores in
      transfusion-dependent patients who had previously been well-chelated with chronic
      subcutaneous or intravenous desferrioxamine. Study 3 demonstrated safety and effectiveness of
      oral PIH in reducing the body iron burden to near normal levels in iron-loaded
      transfusion-dependent patients. Studies 1 and 2 were carried out concurrently. Study 3 began
      after the methods used in the first two studies documented a sufficient level of iron
      excretion to permit the iron-loaded transfusion patients to keep pace with ongoing
      transfusional loading and excrete previous accumulations of iron. After an initial 21 day
      balance study to demonstrate that a selected dose of PIH produced sufficient iron excretion,
      patients were begun on chronic therapy. PIH or placebo were given on days 4 to 9 and days 13
      to 18 in a randomized, double-blind, cross-over design. Study 4 demonstrated the
      effectiveness in 21 patients of oral deferiprone in inducing sustained decreases in body iron
      concentrations compatible with the avoidance of complications from iron overload.

      Repeat balance studies were carried out at three months, six months, and thereafter at least
      annually with hematological and biochemical parameters monitored at weekly intervals for the
      first month, at biweekly intervals for the next two months, and at least monthly thereafter.
      Studies were conducted at the Cleveland Metropolitan General Hospital and at Siriraj Hospital
      in Bangkok, Thailand.
    </field><field name='textblock'>
        Study 1: Approximately 12 to 18 adult men and non-pregnant women with iron-loading anemias
        in the United States and 12 to 18 similar patients in Thailand each year.

        Study 2: Approximately 6 to 12 well-chelated patients with transfusion-dependence.
      </field><field name='overall_status'>Completed</field><field name='start_date'>June 1989</field><field name='phase'>Phase 2</field><field name='study_type'>Interventional</field><field name='has_expanded_access'>No</field><field name='study_design_info'>
    </field><field name='primary_purpose'>Treatment</field><field name='condition'>Anemia (Iron-Loading)</field><field name='condition'>Beta-Thalassemia</field><field name='condition'>Hematologic Diseases</field><field name='condition'>Hemoglobinopathies</field><field name='condition'>Thalassemia</field><field name='condition'>Iron Overload</field><field name='intervention'>
    </field><field name='intervention_type'>Drug</field><field name='intervention_name'>chelation therapy</field><field name='eligibility'>
    </field><field name='criteria'>
      </field><field name='gender'>All</field><field name='minimum_age'>18 Years</field><field name='maximum_age'>75 Years</field></doc></add>