<add><doc><field name='clinical_study'>
  
  </field><field name='required_header'>
    </field><field name='download_date'>ClinicalTrials.gov processed this data on September 16, 2022</field><field name='link_text'>Link to the current ClinicalTrials.gov record.</field><field name='url'>https://clinicaltrials.gov/show/NCT00000562</field><field name='id_info'>
    </field><field name='org_study_id'>200</field><field name='nct_id'>NCT00000562</field><field name='brief_title'>Extracorporeal Support for Respiratory Insufficiency (ECMO)</field><field name='sponsors'>
    </field><field name='lead_sponsor'>
      </field><field name='agency'>National Heart, Lung, and Blood Institute (NHLBI)</field><field name='agency_class'>NIH</field><field name='source'>National Heart, Lung, and Blood Institute (NHLBI)</field><field name='brief_summary'>
    </field><field name='textblock'>
      To evaluate indications for the use and efficacy of extracorporeal membrane oxygenators
      (ECMO's) for the support of patients with potentially reversible acute respiratory failure.
    </field><field name='textblock'>
      BACKGROUND:

      The report of the Task Force on Respiratory Diseases identified a clinical syndrome of acute
      respiratory insufficiency (ARI) and estimated that approximately 60,000 Americans die of ARI
      yearly. ARI was not precisely defined; indeed, the Task Force realized that pathologists do
      not recognize ARI. The Task Force pointed out that no diagnostic tests for early detection of
      ARI exist, that the incidence and prevalence of the disease are not known, and that existing
      therapy is supportive and nonspecific (diuretics, corticosteroids, etc.). The pathogenesis of
      the syndrome, the mechanism of interstitial edema, the defenses of the lung against agents
      causing ARI, and the ultrastructural pathology and natural history of the disease were
      virtually unknown. The Task Force indicated a need for Respiratory Care Centers with highly
      trained personnel that could reduce mortality from ARI.

      This clinical trial grew out of the Task Force report. Nine participating centers defined ARI
      in clinical and physiological terms and agreed to a prospective randomized study for 3 years
      to compare treatment of severe ARI by conventional means with treatment by extracorporeal
      membrane oxygenators.

      Animal studies have shown that ECMO's can provide one to two weeks' support for the lungs
      without serious blood damage, in contrast to bubble oxygenators, which allow complete
      pulmonary bypass for approximately 6 hours, after which severe blood damage occurs at the
      direct blood-gas interface. If patients with hypoxia secondary to acute reversible lung
      injury can be supported with ECMO's until the lung lesion heals, improvement in survival
      rates and avoidance of the hazards of conventional therapy may result. The trial, now
      completed, was conducted at nine clinical centers in the United States.

      DESIGN NARRATIVE:

      Randomized, non-blind, fixed sample; 90 eligible patients were randomly assigned to a group
      receiving extracorporeal membrane oxygenation plus conventional therapy or to a group
      receiving conventional therapy.

      The study completion date listed in this record was obtained from the Query/View/Report (QVR)
      System.
    </field><field name='textblock'>
        Men and women, ages 12 to 65, not stratified as to ethnic group, who had potentially
        reversible acute respiratory failure.
      </field><field name='overall_status'>Completed</field><field name='start_date'>June 1974</field><field name='completion_date'>November 1979</field><field name='phase'>Phase 3</field><field name='study_type'>Interventional</field><field name='has_expanded_access'>No</field><field name='study_design_info'>
    </field><field name='allocation'>Randomized</field><field name='primary_purpose'>Treatment</field><field name='condition'>Acute Respiratory Failure</field><field name='condition'>Lung Diseases</field><field name='intervention'>
    </field><field name='intervention_type'>Procedure</field><field name='intervention_name'>extracorporeal membrane oxygenation</field><field name='eligibility'>
    </field><field name='criteria'>
      </field><field name='gender'>All</field><field name='minimum_age'>12 Years</field><field name='maximum_age'>65 Years</field></doc></add>