<add><doc><field name='clinical_study'>
  
  </field><field name='required_header'>
    </field><field name='download_date'>ClinicalTrials.gov processed this data on September 16, 2022</field><field name='link_text'>Link to the current ClinicalTrials.gov record.</field><field name='url'>https://clinicaltrials.gov/show/NCT00000446</field><field name='id_info'>
    </field><field name='org_study_id'>NIAAABRA10761</field><field name='nct_id'>NCT00000446</field><field name='brief_title'>Drug Treatment for Alcoholics With Post-Traumatic Stress Disorder</field><field name='official_title'>Sertraline Treatment in Comorbid Post-Traumatic Stress Disorder and Alcoholism</field><field name='sponsors'>
    </field><field name='lead_sponsor'>
      </field><field name='agency'>National Institute on Alcohol Abuse and Alcoholism (NIAAA)</field><field name='agency_class'>NIH</field><field name='source'>National Institute on Alcohol Abuse and Alcoholism (NIAAA)</field><field name='brief_summary'>
    </field><field name='textblock'>
      This study will investigate the use of sertraline (Zoloft) to decrease alcohol consumption
      and crime-related post-traumatic stress disorder in those individuals with both disorders.
      This will be a 12-week, placebo-controlled, double-blind outpatient trial.

      All subjects will receive cognitive behavioral therapy in addition to a placebo or
      sertraline. Comprehensive evaluation will be done at study entry; treatment termination; and
      6, 9, and 12 months after study entry.
    </field><field name='textblock'>
        Inclusion Criteria:

          -  Meets criteria for alcohol abuse or dependence and post-traumatic stress disorder.

          -  Laboratory tests for blood and urinalysis must be within normal limits.

          -  Must be clearly motivated to obtain benefit from treatment and keep appointments for
             study visits and therapy sessions.

          -  Females who use an acceptable method of birth control, are sterilized, or are at least
             2 years post-menopausal.

        Exclusion Criteria:

          -  Have a diagnosis of schizophrenia, bipolar affective disorder, dissociative identity
             disorder, eating disorder, substance dependence in the last 60 days.

          -  Currently suicidal.

          -  Medical reasons not to receive drug therapy.

          -  Allergy or hypersensitivity to selective serotonin inhibitor antidepressants.

          -  Significant hematological, endocrine, cardiovascular, renal, hepatic, neurological, or
             gastrointestinal disease.

          -  Liver function test greater than 2 times the normal level

          -  Require ongoing therapy with another psychoactive drug during the study period.

          -  Females who are pregnant or lactating.
      </field><field name='overall_status'>Completed</field><field name='completion_date'>December 2000</field><field name='phase'>Phase 2</field><field name='study_type'>Interventional</field><field name='has_expanded_access'>No</field><field name='study_design_info'>
    </field><field name='allocation'>Randomized</field><field name='primary_purpose'>Treatment</field><field name='masking'>Double</field><field name='condition'>Alcoholism</field><field name='condition'>Post-Traumatic Stress Disorder</field><field name='intervention'>
    </field><field name='intervention_type'>Drug</field><field name='intervention_name'>sertraline (Zoloft)</field><field name='eligibility'>
    </field><field name='criteria'>
      </field><field name='gender'>All</field><field name='minimum_age'>18 Years</field><field name='maximum_age'>N/A</field></doc></add>