<add><doc><field name='clinical_study'>
  
  </field><field name='required_header'>
    </field><field name='download_date'>ClinicalTrials.gov processed this data on September 16, 2022</field><field name='link_text'>Link to the current ClinicalTrials.gov record.</field><field name='url'>https://clinicaltrials.gov/show/NCT00000319</field><field name='id_info'>
    </field><field name='org_study_id'>NIDA-09803-2</field><field name='nct_id'>NCT00000319</field><field name='brief_title'>Buprenorphine Maintenance Dose Schedule and Treatment Setting - 2</field><field name='official_title'>Buprenorphine Maintenance Dose Schedule and Treatment Setting</field><field name='sponsors'>
    </field><field name='lead_sponsor'>
      </field><field name='agency'>Yale University</field><field name='agency'>National Institute on Drug Abuse (NIDA)</field><field name='agency_class'>Other</field><field name='agency_class'>NIH</field><field name='source'>Yale University</field><field name='brief_summary'>
    </field><field name='textblock'>
      The purpose of this study is to evaluate the efficacy of treating opioid-dependent
      individuals with buprenorphine on a thrice-weekly schedule compared to daily dosing.
    </field><field name='textblock'>
        Please contact site for information.
      </field><field name='overall_status'>Completed</field><field name='start_date'>June 1996</field><field name='completion_date'>January 2005</field><field name='phase'>Phase 2</field><field name='study_type'>Interventional</field><field name='has_expanded_access'>No</field><field name='study_design_info'>
    </field><field name='primary_purpose'>Treatment</field><field name='primary_outcome'>
    </field><field name='primary_outcome'>
    </field><field name='primary_outcome'>
    </field><field name='primary_outcome'>
    </field><field name='primary_outcome'>
    </field><field name='primary_outcome'>
    </field><field name='measure'>Depression</field><field name='measure'>Withdrawal symptoms</field><field name='measure'>Opioid and cocaine use</field><field name='measure'>Social and psychological functioning</field><field name='measure'>AIDS risk behavior</field><field name='measure'>Opiate withdrawal symptoms</field><field name='enrollment'>0</field><field name='condition'>Opioid-Related Disorders</field><field name='condition'>Substance-Related Disorders</field><field name='intervention'>
    </field><field name='intervention_type'>Drug</field><field name='intervention_name'>Buprenorphine</field><field name='eligibility'>
    </field><field name='criteria'>
      </field><field name='gender'>All</field><field name='minimum_age'>21 Years</field><field name='maximum_age'>55 Years</field></doc></add>