<add><doc><field name='clinical_study'>
  
  </field><field name='required_header'>
    </field><field name='download_date'>ClinicalTrials.gov processed this data on September 16, 2022</field><field name='link_text'>Link to the current ClinicalTrials.gov record.</field><field name='url'>https://clinicaltrials.gov/show/NCT00000496</field><field name='id_info'>
    </field><field name='org_study_id'>15</field><field name='nct_id'>NCT00000496</field><field name='brief_title'>Platelet Drug Trial in Coronary Disease Progression</field><field name='sponsors'>
    </field><field name='lead_sponsor'>
      </field><field name='agency'>National Heart, Lung, and Blood Institute (NHLBI)</field><field name='agency_class'>NIH</field><field name='source'>National Heart, Lung, and Blood Institute (NHLBI)</field><field name='brief_summary'>
    </field><field name='textblock'>
      To determine the effectiveness of the platelet inhibitor drugs dipyridamole and aspirin in
      reducing the angiographic progression of coronary artery disease over a five-year period and
      to test the predictive value of the platelet survival half-life in identifying patients with
      more rapid progression of coronary disease and development of its complications.
    </field><field name='textblock'>
      BACKGROUND:

      Coronary atherosclerosis is the leading cause of death in this country and the developed
      countries of the world. Although modern coronary care units have resulted in a markedly
      decreased hospital mortality from acute myocardial infarction, especially in those patients
      who enter the hospital early, its overall impact is limited since two-thirds of patients who
      die from coronary disease do not reach the hospital. When the trial was initiated in 1979,
      new approaches to the medical treatment of coronary disease and its complications were needed
      with an effort directed towards prevention of its progression and prevention of its
      complications through medical therapy. This prevention could save significant health care
      dollars over the long-term especially if the need for aortocoronary bypass graft surgery and
      the incidence of myocardial infarction could be reduced. Early identification of the patient
      at risk of developing coronary disease or of those with early coronary artery lesions would
      allow a greater impact of any successful intervention therapy.

      DESIGN NARRATIVE:

      Randomized, double-blind. The patients in the experimental group were treated with
      dipyridamole and aspirin for five years. Patients in the control group received a lactose
      placebo. The primary endpoint was angiographic evidence of progression of coronary artery
      disease and development of new coronary disease. Secondary endpoints included total
      mortality, cardiac mortality, mortality due to myocardial infarction, and incidence of new
      myocardial infarction. Recruitment ended in December 1982.

      The study completion date listed in this record was obtained from the statement immediately
      above ("Recruitment ended in December 1982") and was confirmed from the Query/View/Report
      (QVR) System.
    </field><field name='textblock'>
        Patients aged 65 or less. Angiographically identified coronary heart disease
      </field><field name='overall_status'>Completed</field><field name='start_date'>December 1979</field><field name='completion_date'>December 1982</field><field name='phase'>Phase 3</field><field name='study_type'>Interventional</field><field name='has_expanded_access'>No</field><field name='study_design_info'>
    </field><field name='allocation'>Randomized</field><field name='primary_purpose'>Prevention</field><field name='masking'>Double</field><field name='condition'>Cardiovascular Diseases</field><field name='condition'>Coronary Disease</field><field name='condition'>Heart Diseases</field><field name='condition'>Myocardial Ischemia</field><field name='intervention'>
    </field><field name='intervention'>
    </field><field name='intervention_type'>Drug</field><field name='intervention_type'>Drug</field><field name='intervention_name'>aspirin</field><field name='intervention_name'>dipyridamole</field><field name='eligibility'>
    </field><field name='criteria'>
      </field><field name='gender'>All</field><field name='minimum_age'>18 Years</field><field name='maximum_age'>65 Years</field></doc></add>