<add><doc><field name='clinical_study'>
  
  </field><field name='required_header'>
    </field><field name='download_date'>ClinicalTrials.gov processed this data on September 16, 2022</field><field name='link_text'>Link to the current ClinicalTrials.gov record.</field><field name='url'>https://clinicaltrials.gov/show/NCT00000493</field><field name='id_info'>
    </field><field name='org_study_id'>12</field><field name='nct_id'>NCT00000493</field><field name='brief_title'>Multicenter Investigation of Limitation of Infarct Size (MILIS)</field><field name='sponsors'>
    </field><field name='lead_sponsor'>
      </field><field name='agency'>National Heart, Lung, and Blood Institute (NHLBI)</field><field name='agency_class'>NIH</field><field name='source'>National Heart, Lung, and Blood Institute (NHLBI)</field><field name='brief_summary'>
    </field><field name='textblock'>
      To assess the ability of two separate therapeutic interventions, propranolol and
      hyaluronidase, to limit the ultimate size of an acute myocardial infarction. A secondary
      objective was to assess the influence of these therapies upon ventricular function and
      morbidity following myocardial infarction.
    </field><field name='textblock'>
      BACKGROUND:

      The study of methods for minimizing the mass of ischemic infarcted myocardium associated with
      a myocardial infarction was identified as a topic of research priority in the 1973 Report of
      the Panel Chairman for the Preparation of the National Heart, Blood Vessel, Lung, and Blood
      Program. In September 1976, the Institute convened a workshop involving 32 investigators
      active in this field, respondents to past solicitations, experts on the topic of
      collaborative clinical trials, members of previous review committees, and several members of
      the Cardiology Advisory Committee. The attendees were enthusiastic about the practicality and
      timeliness of a collaborative clinical trial in this field. The concept of collaborative
      clinical trials to protect ischemic myocardium was discussed by the Cardiology Advisory
      Committee in its meeting of September 22, 1976, and was recommended affirmatively and
      enthusiastically. This trial was part of the Institute's initiatives and was reviewed and
      favorably recommended by the National Heart, Lung, and Blood Advisory Council at its December
      1976 meeting. The trial consisted of five clinical centers, six central laboratories, a
      clinical coordinating center, and a data coordinating center.

      DESIGN NARRATIVE:

      Randomized. Group A patients were randomized to propranolol therapy, hyaluronidase therapy,
      or control therapy; patients assigned to Group B (propranolol contraindicated) were assigned
      to hyaluronidase or control therapy. Single-blind for propranolol therapy, double-blind for
      hyaluronidase or control therapy; fixed sample. Detailed follow-up of clinical status and
      endpoints for a six-month period; annual health status follow-up thereafter.

      The study completion date listed in this record was obtained from the "End Date" entered in
      the Query View Report (QVR).
    </field><field name='textblock'>
        Men and women, under age 75. Documented myocardial infarction which could be treated within
        18 hours of onset of ischemic symptoms.
      </field><field name='overall_status'>Completed</field><field name='start_date'>September 1977</field><field name='completion_date'>December 1985</field><field name='phase'>Phase 3</field><field name='study_type'>Interventional</field><field name='has_expanded_access'>No</field><field name='study_design_info'>
    </field><field name='allocation'>Randomized</field><field name='primary_purpose'>Prevention</field><field name='masking'>Double</field><field name='condition'>Cardiovascular Diseases</field><field name='condition'>Coronary Disease</field><field name='condition'>Heart Diseases</field><field name='condition'>Myocardial Infarction</field><field name='condition'>Myocardial Ischemia</field><field name='intervention'>
    </field><field name='intervention'>
    </field><field name='intervention_type'>Drug</field><field name='intervention_type'>Drug</field><field name='intervention_name'>propranolol</field><field name='intervention_name'>hyaluronidase</field><field name='eligibility'>
    </field><field name='criteria'>
      </field><field name='gender'>All</field><field name='minimum_age'>18 Years</field><field name='maximum_age'>74 Years</field></doc></add>