<add><doc><field name='clinical_study'>
  
  </field><field name='required_header'>
    </field><field name='download_date'>ClinicalTrials.gov processed this data on September 16, 2022</field><field name='link_text'>Link to the current ClinicalTrials.gov record.</field><field name='url'>https://clinicaltrials.gov/show/NCT00000382</field><field name='id_info'>
    </field><field name='org_study_id'>R01MH054643</field><field name='nct_id'>NCT00000382</field><field name='brief_title'>Preventing Child Abuse in Infants</field><field name='official_title'>Preventive Intervention for Maltreated Infants</field><field name='sponsors'>
    </field><field name='lead_sponsor'>
      </field><field name='agency'>University of Rochester</field><field name='agency'>National Institute of Mental Health (NIMH)</field><field name='agency_class'>Other</field><field name='agency_class'>NIH</field><field name='source'>University of Rochester</field><field name='oversight_info'>
    </field><field name='brief_summary'>
    </field><field name='textblock'>
      The purpose of this study is to compare 2 approaches (interventions) to prevent child-abuse
      (maltreatment) in infants: Psychoeducational Home Visitation (PHV) vs Infant-Parent
      Psychotherapy (IPP). Non-maltreated infants and their mothers are studied as a comparison
      group.

      Twelve-month-old infants and their mothers are assigned randomly (like tossing a coin) to
      receive 1 of 3 types of intervention for 12 months: 1) Services normally available in the
      community when a family is reported for child maltreatment (Child Protective Services, CPS);
      2) CPS involvement plus weekly PHV; 3) CPS involvement plus weekly IPP. Intervention will be
      provided until the infant's second birthday. All mother-infant pairs (including comparison
      non-maltreated infants and their mothers) will be assessed when the infant is 12, 18, 24, 36,
      and 48 months old. Assessments will look at the effectiveness of the intervention in
      preventing child maltreatment, improving parenting, and reducing future abuse. The study will
      last for 3 years.

      Eligibility includes a mother and her 12-month-old child that has been abused by her (the
      mother) or the father. (Non-maltreated infants and their mothers also will be enrolled.)
    </field><field name='textblock'>
      To evaluate the relative effectiveness of 2 theoretically-informed approaches to preventing
      the adverse sequelae of maltreatment in infants: Psychoeducational Home Visitation (PHV) and
      Infant-Parent Psychotherapy (IPP). Non-maltreated infants and their mothers serve as a
      comparison.

      Maltreated infants and their mothers are randomly assigned to 1 of 3 types of intervention
      for 12 months: 1) Services routinely available in the community when a family is reported for
      child maltreatment (Child Protective Services, CPS); 2) CPS involvement plus weekly PHV; 3)
      CPS involvement plus weekly IPP. Intervention is provided until the infant's second birthday.
      All mother-infant dyads (including comparison non-maltreated infants and their mothers)
      participate in baseline assessments at the infant's age of 12 months. Subsequent assessments
      occur at 18, 24, 36, and 48 months of age. Assessments measure three major areas: 1)
      family-ecological variables; 2) maternal functioning and parenting; and 3) child functioning
      and stage-salient issues. CPS records are monitored annually across all groups to determine
      whether any reports of maltreatment have been filed.
    </field><field name='textblock'>
        Inclusion Criteria:

        -

        Participants must have:

        Infants that have been maltreated by their biological caregiver during their first year of
        life and who continue to reside with their maternal caregiver. (Non-maltreated infants and
        their mothers will also be enrolled.)
      </field><field name='overall_status'>Completed</field><field name='start_date'>July 1998</field><field name='completion_date'>June 2003</field><field name='primary_completion_date'>June 2003</field><field name='phase'>Phase 3</field><field name='study_type'>Interventional</field><field name='has_expanded_access'>No</field><field name='study_design_info'>
    </field><field name='allocation'>Randomized</field><field name='primary_purpose'>Prevention</field><field name='condition'>Child Abuse</field><field name='intervention'>
    </field><field name='intervention'>
    </field><field name='intervention'>
    </field><field name='intervention'>
    </field><field name='intervention_type'>Behavioral</field><field name='intervention_type'>Behavioral</field><field name='intervention_type'>Behavioral</field><field name='intervention_type'>Behavioral</field><field name='intervention_name'>Infant-Parent Psychotherapy</field><field name='intervention_name'>Child Protective Services</field><field name='intervention_name'>Psychoeducational Home Visitation</field><field name='intervention_name'>Parent Education</field><field name='eligibility'>
    </field><field name='criteria'>
      </field><field name='gender'>All</field><field name='minimum_age'>12 Months</field><field name='maximum_age'>12 Months</field></doc></add>