<add><doc><field name='clinical_study'>
  
  </field><field name='required_header'>
    </field><field name='download_date'>ClinicalTrials.gov processed this data on September 16, 2022</field><field name='link_text'>Link to the current ClinicalTrials.gov record.</field><field name='url'>https://clinicaltrials.gov/show/NCT00000175</field><field name='id_info'>
    </field><field name='org_study_id'>IA0016</field><field name='nct_id'>NCT00000175</field><field name='brief_title'>The Effects of Sex Hormones on Cognition and Mood in Older Adults</field><field name='sponsors'>
    </field><field name='lead_sponsor'>
      </field><field name='agency'>National Institute on Aging (NIA)</field><field name='agency_class'>NIH</field><field name='source'>National Institute on Aging (NIA)</field><field name='brief_summary'>
    </field><field name='textblock'>
      This study is investigating the effects of hormone replacement therapy on memory, mental
      abilities and mood in older adults aged 65-90. During the nine month long study, men will
      take testosterone for three months and women will take estrogen for three months. At four
      points during the study (once every three months), participants will complete a test battery
      and have blood drawn.
    </field><field name='textblock'>
      Double-blind, placebo-controlled, crossover study investigating the effects of estrogen
      replacement and testosterone replacement on cognition and mood in older adults. Women who
      have not had a hysterectomy will be given Prempro (estrogen with progesterone to protect the
      uterine lining), and hysterectomized women will be given Premarin (estrogen only).
    </field><field name='textblock'>
        Inclusion Criteria:

          -  Women and men aged 65-90 who have not received hormone replacement for the last three
             months.

        Exclusion Criteria:

          -  Previous head injury with loss of consciousness for more than one hour.

          -  Men with a history of prostate cancer.

          -  Men on testosterone replacement within the past three months.

          -  Women with a history of breast or uterine cancer.

          -  Women on estrogen replacement within the past three months.
      </field><field name='overall_status'>Terminated</field><field name='completion_date'>June 2005</field><field name='primary_completion_date'>June 2005</field><field name='phase'>N/A</field><field name='study_type'>Interventional</field><field name='has_expanded_access'>No</field><field name='study_design_info'>
    </field><field name='intervention_model'>Crossover Assignment</field><field name='primary_purpose'>Treatment</field><field name='masking'>Double</field><field name='condition'>Cognition Disorders</field><field name='condition'>Mood Disorders</field><field name='intervention'>
    </field><field name='intervention'>
    </field><field name='intervention_type'>Drug</field><field name='intervention_type'>Drug</field><field name='intervention_name'>Estrogen</field><field name='intervention_name'>Testosterone</field><field name='eligibility'>
    </field><field name='criteria'>
      </field><field name='gender'>All</field><field name='minimum_age'>65 Years</field><field name='maximum_age'>90 Years</field></doc></add>