<add><doc><field name='clinical_study'>
  
  </field><field name='required_header'>
    </field><field name='download_date'>ClinicalTrials.gov processed this data on September 16, 2022</field><field name='link_text'>Link to the current ClinicalTrials.gov record.</field><field name='url'>https://clinicaltrials.gov/show/NCT00000300</field><field name='id_info'>
    </field><field name='org_study_id'>NIDA-09260-3</field><field name='nct_id'>NCT00000300</field><field name='brief_title'>Feasibility Study of Take-Home LAAM Medication - 3</field><field name='official_title'>Feasibility Study of Take-Home LAAM Medication</field><field name='sponsors'>
    </field><field name='lead_sponsor'>
      </field><field name='agency'>University of California, Los Angeles</field><field name='agency'>National Institute on Drug Abuse (NIDA)</field><field name='agency_class'>Other</field><field name='agency_class'>NIH</field><field name='source'>University of California, Los Angeles</field><field name='brief_summary'>
    </field><field name='textblock'>
      The purpose of this study is to test therapeutic benefits of take-home LAAM. (1) Do subjects
      with take-home LAAM availability show increased clinical responsibility over subjects
      without; (2) Do subjects with take-home LAAM attempt diversion when random recall and other
      diversion safeguards are used; (3) Does treatment response correlate with background or drug
      use variables at intake, discharge, or during treatment?
    </field><field name='textblock'>
      1-Year study, participant will be randomly assigned to one of two groups: One will have the
      opportunity to earn take-home doses by turning in a designated number of clean urines. Two
      will not have the opportunity to earn take-home doses. Clinic visits three times per week.
      Urine sample given at each visit.
    </field><field name='textblock'>
        Inclusion Criteria:

        meets DSM-IV criteria for opiate dependence. M/F, 18 years or older. Certified for LAAm
        treatment by a physician. Able to understand english. Willing to provide names, addresses,
        and numbers of 3 relatives who can aid in patient location for follow-up visits.

        Exclusion Criteria:

        Hypertensive to LAAM. Pregnant or nursing women. Female of childbearing potential who
        refuses to use an acceptable form of birth control. Clinically significant abnormality in
        hematology, blood work, or UA, ETOH and/or sedative/hypnotic dependence according to DSM-IV
        criteria. Medical or psychiatric illness which would jeopardize safe study participation.
      </field><field name='overall_status'>Completed</field><field name='start_date'>March 1995</field><field name='phase'>Phase 4</field><field name='study_type'>Interventional</field><field name='has_expanded_access'>No</field><field name='study_design_info'>
    </field><field name='allocation'>Randomized</field><field name='primary_purpose'>Treatment</field><field name='primary_outcome'>
    </field><field name='primary_outcome'>
    </field><field name='primary_outcome'>
    </field><field name='primary_outcome'>
    </field><field name='measure'>Drug use</field><field name='measure'>Retention</field><field name='measure'>Increased prosocial behaviors</field><field name='measure'>Decreased frequency of HIV related behavior</field><field name='enrollment'>0</field><field name='condition'>Opioid-Related Disorders</field><field name='intervention'>
    </field><field name='intervention_type'>Drug</field><field name='intervention_name'>LAAM</field><field name='eligibility'>
    </field><field name='criteria'>
      </field><field name='gender'>All</field><field name='minimum_age'>18 Years</field><field name='maximum_age'>99 Years</field></doc></add>