<add><doc><field name='clinical_study'>
  
  </field><field name='required_header'>
    </field><field name='download_date'>ClinicalTrials.gov processed this data on September 16, 2022</field><field name='link_text'>Link to the current ClinicalTrials.gov record.</field><field name='url'>https://clinicaltrials.gov/show/NCT00000525</field><field name='id_info'>
    </field><field name='org_study_id'>44</field><field name='nct_id'>NCT00000525</field><field name='brief_title'>Diuretics, Hypertension, and Arrhythmias Clinical Trial</field><field name='sponsors'>
    </field><field name='lead_sponsor'>
      </field><field name='agency'>University of California, San Francisco</field><field name='agency'>National Heart, Lung, and Blood Institute (NHLBI)</field><field name='agency_class'>Other</field><field name='agency_class'>NIH</field><field name='source'>University of California, San Francisco</field><field name='brief_summary'>
    </field><field name='textblock'>
      To determine whether hypertensive patients with ECG abnormalities and receiving
      hydrochlorothiazide diuretics were at increased risk of sudden death.
    </field><field name='textblock'>
      BACKGROUND:

      The Multiple Risk Factor Intervention Trial (MRFIT) revealed an unexpected subgroup finding:
      an association between diuretic therapy (especially with hydrochlorothiazide) and an
      increased rate of sudden death in hypertensive men with left ventricular hypertrophy and
      other ECG abnormalities. The Diuretics, Hypertension, and Arrhythmias Clinical Trial sought
      to determine whether the finding resulted from random variation or represented a serious
      toxic response to hydrochlorothiazide.

      DESIGN NARRATIVE:

      Randomized, double-blind. Following one month of withdrawal from all diuretics and repletion
      with oral potassium and magnesium, the study participants were randomized to two months of
      treatment with one of six treatment groups: hydrochlorothiazide; hydrochlorothiazide with
      oral potassium; hydrochlorothiazide with oral potassium and magnesium; hydrochlorothiazide
      and triamterene; chlorthalidone; or placebo. The main outcome measures were ventricular
      arrhythmias on 24-hour Holter monitoring and serum and intracellular potassium and magnesium
      levels.
    </field><field name='textblock'>
        Men, ages 35 to 70, with ECG abnormalities, diastolic blood pressure less than 95 mm Hg at
        entry.

        Subjects had been treated for at least six months by their own physicians with
        hydrochlorothiazide (HCT), HCT and potassium supplementation, triamteren
      </field><field name='overall_status'>Completed</field><field name='start_date'>July 1986</field><field name='primary_completion_date'>September 1989</field><field name='phase'>Phase 3</field><field name='study_type'>Interventional</field><field name='has_expanded_access'>No</field><field name='study_design_info'>
    </field><field name='allocation'>Randomized</field><field name='masking'>Double</field><field name='enrollment'>233</field><field name='condition'>Cardiovascular Diseases</field><field name='condition'>Death, Sudden, Cardiac</field><field name='condition'>Heart Arrest</field><field name='condition'>Heart Diseases</field><field name='condition'>Hypertension</field><field name='intervention'>
    </field><field name='intervention'>
    </field><field name='intervention'>
    </field><field name='intervention'>
    </field><field name='intervention'>
    </field><field name='intervention_type'>Drug</field><field name='intervention_type'>Behavioral</field><field name='intervention_type'>Behavioral</field><field name='intervention_type'>Drug</field><field name='intervention_type'>Drug</field><field name='intervention_name'>hydrochlorothiazide</field><field name='intervention_name'>diet, potassium supplementation</field><field name='intervention_name'>diet, magnesium supplementation</field><field name='intervention_name'>triamterene</field><field name='intervention_name'>chlorthalidone</field><field name='eligibility'>
    </field><field name='criteria'>
      </field><field name='gender'>Male</field><field name='minimum_age'>35 Years</field><field name='maximum_age'>70 Years</field></doc></add>