<add><doc><field name='clinical_study'>
  
  </field><field name='required_header'>
    </field><field name='download_date'>ClinicalTrials.gov processed this data on September 16, 2022</field><field name='link_text'>Link to the current ClinicalTrials.gov record.</field><field name='url'>https://clinicaltrials.gov/show/NCT00000254</field><field name='id_info'>
    </field><field name='org_study_id'>NIDA-08391-6</field><field name='nct_id'>NCT00000254</field><field name='brief_title'>Isoflurane at Subanesthetic Concentrations - 6</field><field name='official_title'>Isoflurane at Subanesthetic Concentrations</field><field name='sponsors'>
    </field><field name='lead_sponsor'>
      </field><field name='agency'>University of Chicago</field><field name='agency'>National Institute on Drug Abuse (NIDA)</field><field name='agency_class'>Other</field><field name='agency_class'>NIH</field><field name='source'>University of Chicago</field><field name='brief_summary'>
    </field><field name='textblock'>
      The purpose of this study is to conduct experiments to examine subjective and reinforcing
      effects of nitrous oxide. Mood altering and psychomotor effects will be tested on non-drug
      abusers and preference procedures will be used to assess reinforcing effects. To test the
      hypothesis that isoflurane at subanesthetic concentrations does not reduce cold-water
      immersion pain in healthy volunteers.
    </field><field name='textblock'>
        Please contact site for information.
      </field><field name='overall_status'>Completed</field><field name='start_date'>January 1995</field><field name='completion_date'>September 1995</field><field name='primary_completion_date'>September 1995</field><field name='phase'>Phase 2</field><field name='study_type'>Interventional</field><field name='has_expanded_access'>No</field><field name='study_design_info'>
    </field><field name='allocation'>Randomized</field><field name='intervention_model'>Crossover Assignment</field><field name='primary_purpose'>Treatment</field><field name='masking'>Single (Participant)</field><field name='primary_outcome'>
    </field><field name='measure'>Pain response</field><field name='time_frame'>Post inhalation</field><field name='description'>Effects of inhaled isoflurane on pain from immersion of subject's arm in ice cold water. Nitrous oxide (40%) was used as a positive control to confirm sensitivity of the pain assay.</field><field name='description'>Used as pain assay positive control</field><field name='description'>0% isoflurane in oxygen</field><field name='number_of_arms'>4</field><field name='enrollment'>10</field><field name='condition'>Opioid-Related Disorders</field><field name='condition'>Substance-Related Disorders</field><field name='arm_group'>
    </field><field name='arm_group'>
    </field><field name='arm_group'>
    </field><field name='arm_group'>
    </field><field name='arm_group_label'>0% isoflurane</field><field name='arm_group_label'>0.2% isoflurane</field><field name='arm_group_label'>0.4% isoflurane</field><field name='arm_group_label'>0.6% isoflurane</field><field name='arm_group_label'>0% isoflurane</field><field name='arm_group_label'>0.2% isoflurane</field><field name='arm_group_label'>0.4% isoflurane</field><field name='arm_group_label'>0.6% isoflurane</field><field name='arm_group_label'>0% isoflurane</field><field name='arm_group_label'>0.2% isoflurane</field><field name='arm_group_label'>0.4% isoflurane</field><field name='arm_group_label'>0.6% isoflurane</field><field name='arm_group_type'>Sham Comparator</field><field name='arm_group_type'>Active Comparator</field><field name='arm_group_type'>Active Comparator</field><field name='arm_group_type'>Active Comparator</field><field name='intervention'>
    </field><field name='intervention'>
    </field><field name='intervention'>
    </field><field name='intervention'>
    </field><field name='intervention'>
    </field><field name='intervention_type'>Drug</field><field name='intervention_type'>Other</field><field name='intervention_type'>Drug</field><field name='intervention_type'>Drug</field><field name='intervention_type'>Drug</field><field name='intervention_name'>40% Nitrous oxide</field><field name='intervention_name'>Sham comparator</field><field name='intervention_name'>0.2% isoflurane</field><field name='intervention_name'>0.4% isoflurane</field><field name='intervention_name'>0.6% isoflurane</field><field name='description'>Effects of inhaled isoflurane on pain from immersion of subject's arm in ice cold water. Nitrous oxide (40%) was used as a positive control to confirm sensitivity of the pain assay.</field><field name='description'>Used as pain assay positive control</field><field name='description'>0% isoflurane in oxygen</field><field name='arm_group_label'>0% isoflurane</field><field name='arm_group_label'>0.2% isoflurane</field><field name='arm_group_label'>0.4% isoflurane</field><field name='arm_group_label'>0.6% isoflurane</field><field name='arm_group_label'>0% isoflurane</field><field name='arm_group_label'>0.2% isoflurane</field><field name='arm_group_label'>0.4% isoflurane</field><field name='arm_group_label'>0.6% isoflurane</field><field name='arm_group_label'>0% isoflurane</field><field name='arm_group_label'>0.2% isoflurane</field><field name='arm_group_label'>0.4% isoflurane</field><field name='arm_group_label'>0.6% isoflurane</field><field name='eligibility'>
    </field><field name='criteria'>
      </field><field name='gender'>Male</field><field name='minimum_age'>21 Years</field><field name='maximum_age'>34 Years</field></doc></add>