<add><doc><field name='clinical_study'>
  
  </field><field name='required_header'>
    </field><field name='download_date'>ClinicalTrials.gov processed this data on September 16, 2022</field><field name='link_text'>Link to the current ClinicalTrials.gov record.</field><field name='url'>https://clinicaltrials.gov/show/NCT00000527</field><field name='id_info'>
    </field><field name='org_study_id'>46</field><field name='nct_id'>NCT00000527</field><field name='brief_title'>Recurrent Carotid Stenosis</field><field name='sponsors'>
    </field><field name='lead_sponsor'>
      </field><field name='agency'>Emory University</field><field name='agency'>National Heart, Lung, and Blood Institute (NHLBI)</field><field name='agency_class'>Other</field><field name='agency_class'>NIH</field><field name='source'>Emory University</field><field name='brief_summary'>
    </field><field name='textblock'>
      To determine whether recurrent stenosis following carotid endarterectomy could be reduced by
      pre- and post-operative oral administration of platelet-inhibiting drugs.
    </field><field name='textblock'>
      BACKGROUND:

      Following endarterectomy, platelets adhere and aggregate on the endarterectomized surface and
      release platelet-derived growth factor which induces smooth muscle cell migration and
      proliferation which may result in restenosis. Many patients had been treated with aspirin and
      dipyridamole, but not in a controlled trial. The Recurrent Carotid Stenosis Study established
      whether antiplatelet therapy was beneficial in the prevention of recurrent carotid artery
      stenosis.

      DESIGN NARRATIVE:

      Randomized, double-blind. Eighty-three patients (90 endarterectomies) were randomly assigned
      to receive 325 mg of oral aspirin plus 75 mg of dipyridamole, beginning 12 hours
      pre-operatively, followed by a second dose administered within eight hours after the
      operation, and given three times daily thereafter for one year. Eighty patients (85
      endarterectomies) received placebo. After the adequacy of the surgical procedure was
      confirmed by intraoperative angiography, restenosis at the endarterectomy sites was evaluated
      using serial duplex ultrasound before hospital discharge and at three-month intervals
      postoperatively for one year.
    </field><field name='textblock'>
        Men and women who had recently undergone carotid endarterectomy.
      </field><field name='overall_status'>Completed</field><field name='start_date'>August 1986</field><field name='completion_date'>November 1998</field><field name='primary_completion_date'>November 1998</field><field name='phase'>Phase 2</field><field name='study_type'>Interventional</field><field name='has_expanded_access'>No</field><field name='study_design_info'>
    </field><field name='allocation'>Randomized</field><field name='primary_purpose'>Prevention</field><field name='masking'>Double</field><field name='condition'>Cardiovascular Diseases</field><field name='condition'>Carotid Stenosis</field><field name='condition'>Cerebrovascular Disorders</field><field name='condition'>Heart Diseases</field><field name='condition'>Vascular Diseases</field><field name='intervention'>
    </field><field name='intervention'>
    </field><field name='intervention_type'>Drug</field><field name='intervention_type'>Drug</field><field name='intervention_name'>aspirin</field><field name='intervention_name'>dipyridamole</field><field name='eligibility'>
    </field><field name='criteria'>
      </field><field name='gender'>All</field><field name='minimum_age'>18 Years</field><field name='maximum_age'>75 Years</field></doc></add>