<add><doc><field name='clinical_study'>
  
  </field><field name='required_header'>
    </field><field name='download_date'>ClinicalTrials.gov processed this data on September 16, 2022</field><field name='link_text'>Link to the current ClinicalTrials.gov record.</field><field name='url'>https://clinicaltrials.gov/show/NCT00000613</field><field name='id_info'>
    </field><field name='org_study_id'>116</field><field name='nct_id'>NCT00000613</field><field name='brief_title'>CVD Risk and Health in Postmenopausal Phytoestrogen Users</field><field name='sponsors'>
    </field><field name='lead_sponsor'>
      </field><field name='agency'>National Heart, Lung, and Blood Institute (NHLBI)</field><field name='agency_class'>NIH</field><field name='source'>National Heart, Lung, and Blood Institute (NHLBI)</field><field name='brief_summary'>
    </field><field name='textblock'>
      To determine the acceptability and benefits of use of a dietary supplement of the
      phytoestrogen, genistein, versus placebo on heart disease risk factors, bone density, and
      psychosocial outcomes in postmenopausal women.
    </field><field name='textblock'>
      BACKGROUND:

      Estrogen replacement therapy is beneficial for heart disease risk factors as well as for bone
      density. However, a large proportion of postmenopausal women are not compliant with
      therapeutic regimens. Phytoestrogens are naturally occurring compounds found in plants and
      soy products that have estrogenic effects, and may represent an alternative treatment for the
      prevention of heart disease and osteoporosis in postmenopausal women. However, few
      intervention trials have examined the extent to which it is possible to improve heart disease
      risk factors, bone density, and quality of life in postmenopausal women through use of a
      dietary supplement of phytoestrogen.

      DESIGN NARRATIVE:

      Randomized, double-blind, placebo-controlled study. A total of 210 women were enrolled in the
      study to be followed for one to two years. The women were randomized to phytoestrogen
      treatment or to placebo. Data are collected at baseline visits, at one and three month
      follow-up telephone calls, and at 6, 12, and 24 month follow-up clinic visits. Measures of
      high density lipoprotein and other heart disease risk factors, hip and spine bone density,
      and depression, life satisfaction, and quality of well-being are obtained. Cross-sectional
      and longitudinal comparisons of treatment and placebo groups are performed before and after
      adjustment and stratification for potentially confounding covariates.

      The study was renewed in March 2002 to assess whether the women treated with phytoestrogens
      had lowered homocysteine, interleukin-6, C-reactive protein, E-selectin, and decreased
      obesity and fat mass over two years.

      The study completion date listed in this record was obtained from the "End Date" entered in
      the Protocol Registration and Results System (PRS) record.
    </field><field name='textblock'>
        Postmenopausal women, ages 45 to 74.
      </field><field name='overall_status'>Completed</field><field name='start_date'>April 1997</field><field name='completion_date'>December 2004</field><field name='phase'>Phase 2</field><field name='study_type'>Interventional</field><field name='has_expanded_access'>No</field><field name='study_design_info'>
    </field><field name='allocation'>Randomized</field><field name='primary_purpose'>Prevention</field><field name='masking'>Double</field><field name='condition'>Bone Diseases</field><field name='condition'>Cardiovascular Diseases</field><field name='condition'>Coronary Disease</field><field name='condition'>Depression</field><field name='condition'>Heart Diseases</field><field name='condition'>Myocardial Ischemia</field><field name='condition'>Osteoporosis</field><field name='condition'>Postmenopause</field><field name='intervention'>
    </field><field name='intervention'>
    </field><field name='intervention'>
    </field><field name='intervention_type'>Behavioral</field><field name='intervention_type'>Drug</field><field name='intervention_type'>Behavioral</field><field name='intervention_name'>dietary supplements</field><field name='intervention_name'>genistein</field><field name='intervention_name'>diet, soy proteins</field><field name='eligibility'>
    </field><field name='criteria'>
      </field><field name='gender'>Female</field><field name='minimum_age'>45 Years</field><field name='maximum_age'>74 Years</field></doc></add>