<add><doc><field name='clinical_study'>
  
  </field><field name='required_header'>
    </field><field name='download_date'>ClinicalTrials.gov processed this data on September 16, 2022</field><field name='link_text'>Link to the current ClinicalTrials.gov record.</field><field name='url'>https://clinicaltrials.gov/show/NCT00000607</field><field name='id_info'>
    </field><field name='org_study_id'>CUMC ID unknown (110)</field><field name='nct_id'>NCT00000607</field><field name='brief_title'>Randomized Evaluation of Mechanical Assistance for the Treatment of Congestive Heart Failure (REMATCH)</field><field name='official_title'>The REMATCH Trial: Rationale, Design, and End Points. Randomized Evaluation of Mechanical Assistance for the Treatment of Congestive Heart Failure</field><field name='sponsors'>
    </field><field name='lead_sponsor'>
      </field><field name='agency'>Columbia University</field><field name='agency'>National Heart, Lung, and Blood Institute (NHLBI)</field><field name='agency_class'>Other</field><field name='agency_class'>NIH</field><field name='source'>Columbia University</field><field name='oversight_info'>
    </field><field name='brief_summary'>
    </field><field name='textblock'>
      To conduct a randomized, unblinded clinical trial comparing the left ventricular assist
      device (LVAD) with maximum medical management in patients with end-stage heart failure who
      were not candidates for heart transplantation.
    </field><field name='textblock'>
      BACKGROUND:

      Mortality rates for heart failure are high, with five year survival rates approximating 30 to
      40 percent in patients with mild to moderate symptoms and 0 to 20 percent survival in
      patients with severe symptoms. The patient with class IV heart failure has a one year
      survival rate of only 40 to 50 percent. This is despite advances in medical therapy and the
      availability of ACE inhibitors. While cardiac transplantation is the most viable form of
      treatment for these patients, it is limited by complications of chronic immunosuppression,
      the development of graft coronary artery disease and the serious shortage of donor organs. As
      many as 16,500 patients per year may be suitable candidates for heart transplantation. The
      actual number of donor hearts procured over the past few years, however, has remained
      relatively constant at 2,000. Thus, there is a strong rationale for the therapeutic
      application of left ventricular assist devices (LVADs) as an alternative to cardiac
      transplantation.

      With respect to LVAD efficacy, patients have been supported for periods as long as 344 days
      on the pneumatic system and 503 days with the electromechanical device. Experience with the
      TCI pneumatic system in 75 LVAD patients show improved one year survival after
      transplantation in the LVAD patients as opposed to patients who did not receive the LVAD
      despite the same selection criteria. Experience with the vented electric LVADs in bridge
      patients show a transplant and survival rate that is similar to the pneumatic device. LVADs
      have also been shown to have a favorable effect on circulatory hemodynamics and exercise
      capacity. Among 53 patients who survived the TCI LVAD procedure, 90 percent improved to New
      York Heart Association (NYHA) functional class I and 10 percent to functional class II.

      With respect to safety, the principal adverse effects associated with the LVADs include
      bleeding, hemolysis, and organ dysfunction, thromboembolism, infection, right heart failure,
      and mechanical failure. Thromboembolic complications are low in the TCI device despite the
      lack of systemic anticoagulation. The overall mechanical failure rate is small, less than 1
      percent in 26 patient years of use. The vented electric and pneumatic device experience to
      date indicates that the devices are similar with respect to adverse event rates. Thus, in
      1997 there was a strong rationale for a randomized controlled trial that compared the
      benefits and cost of vented electric LVADs to medical treatment. The need to perform a
      randomized controlled study was further emphasized by the lack of rigorous data on survival,
      quality of life, and cost effectiveness comparing LVAD support with medical therapy.

      DESIGN NARRATIVE:

      Unblinded, randomized, multicenter. Patients were randomized to either the Thermo
      Cardiosystems, Inc. (TCI) vented electric (VE) LVAD or optimal medical therapy (OMM) and
      followed for at least two years. If randomized to LVAD therapy, patients received a LVAD
      implantation within 12 hours of randomization. If randomized to medical therapy, patients
      received optimal medical management including the use of digoxin, diuretics, and ACE
      (Angiotensin Converting Enzyme) inhibitors in maximally tolerated doses. The primary endpoint
      was all-cause mortality. Secondary endpoints included cardiovascular mortality, exercise
      capacity (six-minute walk test) and health-related quality of life, adverse effects, and the
      relative cost-effectiveness of LVADs versus medical management. Recruitment ended in June,
      2001.
    </field><field name='textblock'>
        Inclusion Criteria

          1. Men and women with Class III and Class IV congestive heart failure

          2. Between the ages of 18 and 72

        Exclusion Criteria

        1. Candidates for heart transplantation
      </field><field name='overall_status'>Completed</field><field name='start_date'>October 1997</field><field name='completion_date'>March 1999</field><field name='primary_completion_date'>March 1999</field><field name='phase'>Phase 3</field><field name='study_type'>Interventional</field><field name='has_expanded_access'>No</field><field name='study_design_info'>
    </field><field name='allocation'>Randomized</field><field name='intervention_model'>Parallel Assignment</field><field name='primary_purpose'>Treatment</field><field name='masking'>None (Open Label)</field><field name='primary_outcome'>
    </field><field name='measure'>Survival rate in LVAD group</field><field name='measure'>Survival rate in OMM group</field><field name='time_frame'>2 years</field><field name='time_frame'>2 years</field><field name='description'>Subjects received Thermo Cardiosystems, Inc. (TCI) vented electric (VE) left ventricular assist device (LVAD) and were followed for at least two years</field><field name='description'>Subjects received optimal medical therapy (OMM) and were followed for at least two years</field><field name='description'>A type of implantable heart pump</field><field name='description'>(non-experimental) One possibility in handling Heart failure effectively is optimal medicine therapy. The most popular treatment medications at present are ACE Inhibitors and Beta Blockers. The result is the heart being able to pump more effectively and allowing blood to circulate freely.</field><field name='number_of_arms'>2</field><field name='enrollment'>129</field><field name='condition'>Cardiovascular Diseases</field><field name='condition'>Heart Diseases</field><field name='condition'>Heart Failure</field><field name='condition'>Heart Failure, Congestive</field><field name='arm_group'>
    </field><field name='arm_group'>
    </field><field name='arm_group_label'>Left ventricular assist device</field><field name='arm_group_label'>Optimal medical therapy</field><field name='arm_group_label'>Left ventricular assist device</field><field name='arm_group_label'>Optimal medical therapy</field><field name='arm_group_type'>Experimental</field><field name='arm_group_type'>Active Comparator</field><field name='intervention'>
    </field><field name='intervention'>
    </field><field name='intervention_type'>Device</field><field name='intervention_type'>Device</field><field name='intervention_name'>Left ventricular assist device</field><field name='intervention_name'>Optimal medical therapy</field><field name='description'>Subjects received Thermo Cardiosystems, Inc. (TCI) vented electric (VE) left ventricular assist device (LVAD) and were followed for at least two years</field><field name='description'>Subjects received optimal medical therapy (OMM) and were followed for at least two years</field><field name='description'>A type of implantable heart pump</field><field name='description'>(non-experimental) One possibility in handling Heart failure effectively is optimal medicine therapy. The most popular treatment medications at present are ACE Inhibitors and Beta Blockers. The result is the heart being able to pump more effectively and allowing blood to circulate freely.</field><field name='arm_group_label'>Left ventricular assist device</field><field name='arm_group_label'>Optimal medical therapy</field><field name='arm_group_label'>Left ventricular assist device</field><field name='arm_group_label'>Optimal medical therapy</field><field name='eligibility'>
    </field><field name='criteria'>
      </field><field name='gender'>All</field><field name='minimum_age'>18 Years</field><field name='maximum_age'>72 Years</field></doc></add>