<add><doc><field name='clinical_study'>
  
  </field><field name='required_header'>
    </field><field name='download_date'>ClinicalTrials.gov processed this data on September 16, 2022</field><field name='link_text'>Link to the current ClinicalTrials.gov record.</field><field name='url'>https://clinicaltrials.gov/show/NCT00000249</field><field name='id_info'>
    </field><field name='org_study_id'>NIDA-08391-1</field><field name='nct_id'>NCT00000249</field><field name='brief_title'>Effects of Subanesthetic Concentrations of Nitrous Oxide - 1</field><field name='official_title'>Effects of Subanesthetic Concentrations of Nitrous Oxide</field><field name='sponsors'>
    </field><field name='lead_sponsor'>
      </field><field name='agency'>University of Chicago</field><field name='agency'>National Institute on Drug Abuse (NIDA)</field><field name='agency_class'>Other</field><field name='agency_class'>NIH</field><field name='source'>University of Chicago</field><field name='brief_summary'>
    </field><field name='textblock'>
      The purpose of this study is to conduct experiments to examine subjective and reinforcing
      effects of nitrous oxide. Mood altering and psychomotor effects will be tested on non-drug
      abusers and preference procedures will be used to assess reinforcing effects. To examine
      effects of subanesthetic concentrations of nitrous oxide on cold-pressor pain in humans.
    </field><field name='textblock'>
        Please contact site for information.
      </field><field name='overall_status'>Completed</field><field name='start_date'>September 1993</field><field name='completion_date'>June 1995</field><field name='primary_completion_date'>June 1995</field><field name='phase'>Phase 2</field><field name='study_type'>Interventional</field><field name='has_expanded_access'>No</field><field name='study_design_info'>
    </field><field name='allocation'>Non-Randomized</field><field name='intervention_model'>Crossover Assignment</field><field name='primary_purpose'>Treatment</field><field name='masking'>Double (Participant, Investigator)</field><field name='primary_outcome'>
    </field><field name='measure'>Pain intensity</field><field name='time_frame'>during cold test at 10 min & 30 min of inhalation</field><field name='description'>Subjects immersed non-dominant arm for 3 minutes twice in 2-3 degree C water while inhaling 0 (placebo), 20, 30, or 40% N2O for a total of 40 minutes</field><field name='description'>Subject inhaled 0% N2O for 40 minutes with cold immersion at 10 and 30 minutes</field><field name='description'>Subject inhaled 20% N2O for 40 minutes with cold immersion at 10 & 30 minutes</field><field name='description'>Subject inhaled 30% N2O for 40 minutes with cold immersion at 10 and 30 minutes</field><field name='description'>Subject inhaled 40% N2O for 40 minutes with cold immersion at 10 and 30 minutes</field><field name='description'>20% inhaled N2O</field><field name='description'>30% inhaled N2O</field><field name='description'>40% inhaled N2O</field><field name='number_of_arms'>4</field><field name='enrollment'>10</field><field name='condition'>Opioid-Related Disorders</field><field name='condition'>Substance-Related Disorders</field><field name='arm_group'>
    </field><field name='arm_group'>
    </field><field name='arm_group'>
    </field><field name='arm_group'>
    </field><field name='arm_group_label'>Control</field><field name='arm_group_label'>20% N2O</field><field name='arm_group_label'>30% N2O</field><field name='arm_group_label'>40% N2O</field><field name='arm_group_label'>20% N2O</field><field name='arm_group_label'>30% N2O</field><field name='arm_group_label'>40% N2O</field><field name='arm_group_type'>No Intervention</field><field name='arm_group_type'>Active Comparator</field><field name='arm_group_type'>Active Comparator</field><field name='arm_group_type'>Active Comparator</field><field name='intervention'>
    </field><field name='intervention'>
    </field><field name='intervention'>
    </field><field name='intervention_type'>Drug</field><field name='intervention_type'>Drug</field><field name='intervention_type'>Drug</field><field name='intervention_name'>20% N2O</field><field name='intervention_name'>30% N2O</field><field name='intervention_name'>40% N2O</field><field name='description'>Subjects immersed non-dominant arm for 3 minutes twice in 2-3 degree C water while inhaling 0 (placebo), 20, 30, or 40% N2O for a total of 40 minutes</field><field name='description'>Subject inhaled 0% N2O for 40 minutes with cold immersion at 10 and 30 minutes</field><field name='description'>Subject inhaled 20% N2O for 40 minutes with cold immersion at 10 & 30 minutes</field><field name='description'>Subject inhaled 30% N2O for 40 minutes with cold immersion at 10 and 30 minutes</field><field name='description'>Subject inhaled 40% N2O for 40 minutes with cold immersion at 10 and 30 minutes</field><field name='description'>20% inhaled N2O</field><field name='description'>30% inhaled N2O</field><field name='description'>40% inhaled N2O</field><field name='arm_group_label'>Control</field><field name='arm_group_label'>20% N2O</field><field name='arm_group_label'>30% N2O</field><field name='arm_group_label'>40% N2O</field><field name='arm_group_label'>20% N2O</field><field name='arm_group_label'>30% N2O</field><field name='arm_group_label'>40% N2O</field><field name='eligibility'>
    </field><field name='criteria'>
      </field><field name='gender'>All</field><field name='minimum_age'>21 Years</field><field name='maximum_age'>37 Years</field></doc></add>