<add><doc><field name='clinical_study'>
  
  </field><field name='required_header'>
    </field><field name='download_date'>ClinicalTrials.gov processed this data on September 16, 2022</field><field name='link_text'>Link to the current ClinicalTrials.gov record.</field><field name='url'>https://clinicaltrials.gov/show/NCT00000359</field><field name='id_info'>
    </field><field name='org_study_id'>NIDCD-1156</field><field name='nct_id'>NCT00000359</field><field name='brief_title'>Treatments for Benign Paroxysmal Positional Vertigo (BPPV)</field><field name='official_title'>Treatments for Benign Paroxysmal Positional Vertigo (BPPV)</field><field name='sponsors'>
    </field><field name='lead_sponsor'>
      </field><field name='agency'>Baylor College of Medicine</field><field name='agency'>National Institute on Deafness and Other Communication Disorders (NIDCD)</field><field name='agency_class'>Other</field><field name='agency_class'>NIH</field><field name='source'>Baylor College of Medicine</field><field name='oversight_info'>
    </field><field name='brief_summary'>
    </field><field name='textblock'>
      The purpose of this study was to determine the relative short- and long-term efficacy of
      several physical treatment paradigms commonly employed for the treatment of benign paroxysmal
      positional vertigo (BPPV), including the canalith repositioning (Epley) maneuver, the
      liberatory (Semont) maneuver, the Brandt-Daroff exercises and nonspecific vestibular
      habituation exercises. These procedures involve exercises and head manipulations. Vertigo
      intensity and frequency, the presence/absence of slow-phase eye movements, the degree of
      dizziness handicap and acts of daily living (ADL) were assessed. The study also ascertained
      the effects of co-morbid conditions on the response to treatment. While BPPV is a common and
      significant public health problem that has been recognized for several decades, this is the
      first systematic study of the relative treatment efficacy of different physical treatment
      modalities for this disorder.
    </field><field name='textblock'>
        Inclusion Criteria:

        Patients may be eligible for this study if they:

          -  Are at least 21 years old.

          -  Have a diagnosis of unilateral posterior semicircular canal BPPV according to
             established clinical test criteria.

          -  Have functional to normal range of motion of the neck and the back.

        Exclusion Criteria:

        Patients will not be eligible for this study if they:

          -  Have a history of prior ear surgery or prior treatment for BPPV.

          -  Have an orthopedic or connective tissue disorder that impairs functional neck or trunk
             range of motion.

          -  Have a significant neurological disorder or spinal cord damage.

          -  Are on vestibular suppressant medications.

          -  Have Meniere's disease or acoustic neuromas.
      </field><field name='overall_status'>Completed</field><field name='start_date'>October 1998</field><field name='completion_date'>June 2003</field><field name='primary_completion_date'>June 2003</field><field name='phase'>Phase 2</field><field name='study_type'>Interventional</field><field name='has_expanded_access'>No</field><field name='study_design_info'>
    </field><field name='allocation'>Randomized</field><field name='primary_purpose'>Treatment</field><field name='masking'>Single (Outcomes Assessor)</field><field name='primary_outcome'>
    </field><field name='measure'>Vertigo</field><field name='measure'>Balance</field><field name='time_frame'>6 month s</field><field name='time_frame'>6 months</field><field name='description'>Repositioning treatment for posterior canal BPPV</field><field name='description'>The subject sat in a chair; the head was passively tilted downward, turned away from the involved side, turned back to center, upward, away from the involved side, twice, slowly.</field><field name='description'>The standard liberatory maneuver (also known as the Semont maneuver) was used.</field><field name='description'>Modified Brandt Daroff exercise performed as a self-liberatory exercise.</field><field name='description'>Standard passive motion of the head: Dix-Hallpike maneuver, turn head to opposite side, roll over, sit up.</field><field name='description'>Sidelying maneuver, flip over 180 deg, sit up.</field><field name='description'>Active exercise. Sidelying to involved side, sidelying to uninvolved side, sit up.</field><field name='description'>Head shaking exercises in pitch, roll, yaw and circumduction. Titrating from 2 repetitions per exercise to 20 repetitions per exercise, as tolerated.</field><field name='description'>Passive movement of the head</field><field name='number_of_arms'>5</field><field name='enrollment'>150</field><field name='condition'>Vertigo</field><field name='arm_group'>
    </field><field name='arm_group'>
    </field><field name='arm_group'>
    </field><field name='arm_group'>
    </field><field name='arm_group'>
    </field><field name='arm_group_label'>Canalith repositioning maneuver</field><field name='arm_group_label'>Modified Epley maneuver</field><field name='arm_group_label'>Sham</field><field name='arm_group_label'>Liberatory maneuver</field><field name='arm_group_label'>Brandt Daroff exercise</field><field name='arm_group_label'>Canalith repositioning maneuver</field><field name='arm_group_label'>Liberatory maneuver</field><field name='arm_group_label'>Brandt Daroff exercise</field><field name='arm_group_label'>Modified Epley maneuver</field><field name='arm_group_label'>Sham</field><field name='arm_group_type'>Experimental</field><field name='arm_group_type'>Experimental</field><field name='arm_group_type'>Sham Comparator</field><field name='arm_group_type'>Active Comparator</field><field name='arm_group_type'>Active Comparator</field><field name='intervention'>
    </field><field name='intervention'>
    </field><field name='intervention'>
    </field><field name='intervention'>
    </field><field name='intervention'>
    </field><field name='intervention_type'>Behavioral</field><field name='intervention_type'>Behavioral</field><field name='intervention_type'>Behavioral</field><field name='intervention_type'>Behavioral</field><field name='intervention_type'>Behavioral</field><field name='intervention_name'>Canalith repositioning maneuver (Epley maneuver)</field><field name='intervention_name'>Semont maneuver</field><field name='intervention_name'>Brandt-Daroff exercises</field><field name='intervention_name'>Vestibular habituation exercises</field><field name='intervention_name'>ShamManeuver</field><field name='description'>Repositioning treatment for posterior canal BPPV</field><field name='description'>The subject sat in a chair; the head was passively tilted downward, turned away from the involved side, turned back to center, upward, away from the involved side, twice, slowly.</field><field name='description'>The standard liberatory maneuver (also known as the Semont maneuver) was used.</field><field name='description'>Modified Brandt Daroff exercise performed as a self-liberatory exercise.</field><field name='description'>Standard passive motion of the head: Dix-Hallpike maneuver, turn head to opposite side, roll over, sit up.</field><field name='description'>Sidelying maneuver, flip over 180 deg, sit up.</field><field name='description'>Active exercise. Sidelying to involved side, sidelying to uninvolved side, sit up.</field><field name='description'>Head shaking exercises in pitch, roll, yaw and circumduction. Titrating from 2 repetitions per exercise to 20 repetitions per exercise, as tolerated.</field><field name='description'>Passive movement of the head</field><field name='arm_group_label'>Canalith repositioning maneuver</field><field name='arm_group_label'>Modified Epley maneuver</field><field name='arm_group_label'>Sham</field><field name='arm_group_label'>Liberatory maneuver</field><field name='arm_group_label'>Brandt Daroff exercise</field><field name='arm_group_label'>Canalith repositioning maneuver</field><field name='arm_group_label'>Liberatory maneuver</field><field name='arm_group_label'>Brandt Daroff exercise</field><field name='arm_group_label'>Modified Epley maneuver</field><field name='arm_group_label'>Sham</field><field name='eligibility'>
    </field><field name='criteria'>
      </field><field name='gender'>All</field><field name='minimum_age'>21 Years</field><field name='maximum_age'>N/A</field></doc></add>