<add><doc><field name='clinical_study'>
  
  </field><field name='required_header'>
    </field><field name='download_date'>ClinicalTrials.gov processed this data on September 16, 2022</field><field name='link_text'>Link to the current ClinicalTrials.gov record.</field><field name='url'>https://clinicaltrials.gov/show/NCT00000114</field><field name='url'>http://www.nei.nih.gov/news/clinicalalerts/alert-rp.asp</field><field name='url'>http://www.nei.nih.gov/news/pressreleases/rppressrelease.asp</field><field name='id_info'>
    </field><field name='org_study_id'>NEI-10</field><field name='nct_id'>NCT00000114</field><field name='brief_title'>Randomized Trial of Vitamin A and Vitamin E Supplementation for Retinitis Pigmentosa</field><field name='sponsors'>
    </field><field name='lead_sponsor'>
      </field><field name='agency'>National Eye Institute (NEI)</field><field name='agency_class'>NIH</field><field name='source'>National Eye Institute (NEI)</field><field name='brief_summary'>
    </field><field name='textblock'>
      To determine whether supplements of vitamin A or vitamin E alone or in combination affect the
      course of retinitis pigmentosa.
    </field><field name='textblock'>
      Retinitis pigmentosa (RP) is a group of inherited retinal degenerations with a worldwide
      prevalence of about 1 in 4,000. Patients typically report night blindness in adolescence and
      lose vision in the midperipheral followed by far-peripheral visual field in adulthood due to
      progressive loss of both rod and cone function. Most patients have reductions in central
      vision by age 50 to 80 years. Modern-day electroretinograms (ERGs) make it possible to record
      retinal responses from most patients with remaining vision and thereby monitor objectively
      the course of their disease.

      While the natural course of retinal degeneration in the common forms of RP was being studied,
      it was noted that a subgroup of patients aged 18 through 49 who were treating themselves with
      both vitamin A and vitamin E and other nutritional supplements exhibited less decline in ERG
      amplitude over a 2-year period. These preliminary findings, as well as the known roles of
      vitamins A and E in maintaining normal photoreceptor function and structure, prompted this
      randomized, controlled trial to determine whether these vitamins alone or in combination
      would halt or slow the progression of the common forms of RP.

      This study was a randomized, controlled double-masked trial with 2 x 2 factorial design and
      duration of 4 to 6 years. Patients were assigned to one of four treatment groups:

      15,000 IU/day vitamin A

      15,000 IU/day vitamin A + 400 IU/day vitamin E

      trace amounts of both vitamins A and E

      400 IU/day of vitamin E

      The main outcome measure was the 30-Hz cone ERG amplitude. In addition, visual field and
      visual acuity were measured annually.
    </field><field name='textblock'>
        Men and nonpregnant women between ages 18 and 49 years with common forms of RP were
        included. All eligible patients had retinal arteriolar attenuation, elevated dark
        adaptation thresholds, and reduced ERGs. Patients had best corrected Snellen visual acuity
        of 20/100 or better, central visual field diameter on the Goldman perimeter with V4 e white
        test light of 8 degrees or greater, and ERG amplitude of 2.5 or greater in response to
        0.5-Hz white light or of 0.12 ultraviolet light or greater in response to 30-Hz white
        flickering light in at least one eye. In addition, patients had normal fasting serum
        retinol and serum liver function profile and weight above the lower fifth percentile for
        age, sex, and height. All patients had a total estimated pre-trial intake of vitamins A and
        E from diet plus pills not greater than 11,500 IU/day and 40 IU/day, respectively.
      </field><field name='overall_status'>Completed</field><field name='start_date'>May 1984</field><field name='completion_date'>June 1987</field><field name='phase'>Phase 3</field><field name='study_type'>Interventional</field><field name='has_expanded_access'>No</field><field name='study_design_info'>
    </field><field name='allocation'>Randomized</field><field name='intervention_model'>Factorial Assignment</field><field name='primary_purpose'>Treatment</field><field name='masking'>Double</field><field name='description'>Clinical Alert-Information for Doctors Who Follow Patients with Retinitis Pigmentosa</field><field name='description'>NEI Press Release-Treatment for Retinitis Pigmentosa Reported</field><field name='condition'>Retinitis Pigmentosa</field><field name='intervention'>
    </field><field name='intervention'>
    </field><field name='intervention_type'>Drug</field><field name='intervention_type'>Drug</field><field name='intervention_name'>Vitamin E</field><field name='intervention_name'>Vitamin A</field><field name='description'>Clinical Alert-Information for Doctors Who Follow Patients with Retinitis Pigmentosa</field><field name='description'>NEI Press Release-Treatment for Retinitis Pigmentosa Reported</field><field name='eligibility'>
    </field><field name='criteria'>
      </field><field name='gender'>All</field><field name='minimum_age'>18 Years</field><field name='maximum_age'>49 Years</field></doc></add>